#;Data/Hora;Ativo;C/V;Quantidade;Preço limite;Status;Tipo;Quantidade executada;Preço médio;Resultado (Abs.);Resultado %;Resultado (R$)
"13653971491";"08/09/2026 / 13:00:01";"WINV26";"C";"1";"0,00";"executada";"saída";"1";"190.105,00";"1.205,00";"0,63";"241,00"
"13653969763";"08/09/2026 / 12:55:25";"WINV26";"C";"1";"0,00";"executada";"saída";"1";"190.210,00";"1.100,00";"0,57";"220,00"
"13653946237";"08/09/2026 / 11:05:43";"WINV26";"V";"1";"0,00";"executada";"entrada";"1";"191.835,00";"-";"-";"-"
"13653939861";"08/09/2026 / 10:47:14";"WINV26";"C";"1";"0,00";"executada";"saída";"1";"191.575,00";"-790,00";"-0,41";"-158,00"
"13653938625";"08/09/2026 / 10:45:01";"WINV26";"V";"1";"0,00";"executada";"entrada";"1";"191.245,00";"-";"-";"-"
"13653930781";"08/09/2026 / 10:30:01";"WINV26";"V";"1";"0,00";"executada";"entrada";"1";"190.325,00";"-";"-";"-"
"13653841339";"04/09/2026 / 11:39:22";"WINV26";"C";"1";"0,00";"executada";"saída";"1";"188.010,00";"-994,17";"-0,53";"-198,83"
"13653841325";"04/09/2026 / 11:39:21";"WINV26";"C";"1";"0,00";"executada";"saída";"1";"188.015,00";"-999,17";"-0,53";"-199,83"
"13653841265";"04/09/2026 / 11:39:19";"WINV26";"C";"1";"0,00";"executada";"saída";"1";"188.010,00";"-994,17";"-0,53";"-198,83"
"13653837419";"04/09/2026 / 11:26:02";"WINV26";"V";"1";"0,00";"executada";"entrada";"1";"187.675,00";"-";"-";"-"
"13653831999";"04/09/2026 / 11:13:22";"WINV26";"V";"1";"0,00";"executada";"entrada";"1";"187.200,00";"-";"-";"-"
"13653830871";"04/09/2026 / 11:11:02";"WINV26";"C";"1";"0,00";"executada";"saída";"1";"186.990,00";"-817,50";"-0,44";"-163,50"
"13653818863";"04/09/2026 / 10:45:01";"WINV26";"V";"1";"0,00";"executada";"entrada";"1";"186.610,00";"-";"-";"-"
"13653807205";"04/09/2026 / 10:30:03";"WINV26";"V";"1";"0,00";"executada";"entrada";"1";"185.735,00";"-";"-";"-"
"13653708769";"03/09/2026 / 11:26:39";"WINV26";"V";"1";"0,00";"executada";"saída";"1";"189.120,00";"-727,78";"-0,38";"-145,56"
"13653708754";"03/09/2026 / 11:26:39";"WINV26";"V";"1";"0,00";"executada";"saída";"1";"189.120,00";"-727,78";"-0,38";"-145,56"
"13653708741";"03/09/2026 / 11:26:38";"WINV26";"V";"1";"0,00";"executada";"saída";"1";"189.125,00";"-722,78";"-0,38";"-144,56"
"13653708689";"03/09/2026 / 11:26:35";"WINV26";"C";"1";"0,00";"executada";"entrada";"1";"189.140,00";"-";"-";"-"
"13653704956";"03/09/2026 / 11:14:42";"WINV26";"V";"1";"0,00";"executada";"saída";"1";"189.345,00";"-856,67";"-0,45";"-171,33"
"13653701673";"03/09/2026 / 11:06:51";"WINV26";"C";"1";"0,00";"executada";"entrada";"1";"189.815,00";"-";"-";"-"
"13653701396";"03/09/2026 / 11:06:44";"WINV26";"C";"1";"0,00";"executada";"entrada";"1";"189.850,00";"-";"-";"-"
"13653694575";"03/09/2026 / 10:48:22";"WINV26";"V";"1";"0,00";"executada";"saída";"1";"190.200,00";"-740,00";"-0,39";"-148,00"
"13653693624";"03/09/2026 / 10:45:01";"WINV26";"C";"1";"0,00";"executada";"entrada";"1";"190.600,00";"-";"-";"-"
"13653683383";"03/09/2026 / 10:30:01";"WINV26";"C";"1";"0,00";"executada";"entrada";"1";"191.280,00";"-";"-";"-"
"13653605050";"02/09/2026 / 13:00:19";"WINV26";"C";"1";"0,00";"executada";"saída";"1";"187.490,00";"238,75";"0,13";"47,75"
"13653605037";"02/09/2026 / 13:00:16";"WINV26";"C";"1";"0,00";"executada";"saída";"1";"187.510,00";"218,75";"0,12";"43,75"
"13653605001";"02/09/2026 / 13:00:13";"WINV26";"V";"1";"0,00";"executada";"entrada";"1";"187.525,00";"-";"-";"-"
"13653594620";"02/09/2026 / 12:04:04";"WINV26";"C";"1";"0,00";"executada";"saída";"1";"188.365,00";"-432,50";"-0,23";"-86,50"
"13653594196";"02/09/2026 / 12:03:47";"WINV26";"V";"1";"0,00";"executada";"entrada";"1";"188.215,00";"-";"-";"-"
"13653589364";"02/09/2026 / 11:42:11";"WINV26";"V";"1";"0,00";"executada";"entrada";"1";"187.650,00";"-";"-";"-"
"13653569827";"02/09/2026 / 10:43:06";"WINV26";"V";"1";"0,00";"executada";"saída";"1";"185.525,00";"840,00";"0,45";"168,00"
"13653562182";"02/09/2026 / 10:30:07";"WINV26";"C";"1";"0,00";"executada";"entrada";"1";"184.685,00";"-";"-";"-"
"13653463132";"01/09/2026 / 13:00:00";"WINV26";"C";"1";"0,00";"executada";"saída";"1";"182.900,00";"372,50";"0,20";"74,50"
"13653460282";"01/09/2026 / 12:39:02";"WINV26";"C";"1";"0,00";"executada";"saída";"1";"182.520,00";"752,50";"0,41";"150,50"
"13653449037";"01/09/2026 / 11:34:13";"WINV26";"V";"1";"0,00";"executada";"entrada";"1";"183.465,00";"-";"-";"-"
"13653445010";"01/09/2026 / 11:18:01";"WINV26";"V";"1";"0,00";"executada";"entrada";"1";"183.080,00";"-";"-";"-"
"13653424877";"01/09/2026 / 10:34:36";"WINV26";"V";"1";"0,00";"executada";"saída";"1";"181.165,00";"890,00";"0,49";"178,00"
"13653421512";"01/09/2026 / 10:30:01";"WINV26";"C";"1";"0,00";"executada";"entrada";"1";"180.275,00";"-";"-";"-"
"13653333430";"31/08/2026 / 13:00:03";"WINV26";"V";"1";"0,00";"executada";"saída";"1";"179.930,00";"-183,33";"-0,10";"-36,67"
"13653333426";"31/08/2026 / 13:00:03";"WINV26";"V";"1";"0,00";"executada";"saída";"1";"179.930,00";"-183,33";"-0,10";"-36,67"
"13653333414";"31/08/2026 / 13:00:02";"WINV26";"V";"1";"0,00";"executada";"saída";"1";"179.930,00";"-183,33";"-0,10";"-36,67"
"13653333353";"31/08/2026 / 13:00:01";"WINV26";"C";"1";"0,00";"executada";"entrada";"1";"179.935,00";"-";"-";"-"
"13653318243";"31/08/2026 / 11:30:52";"WINV26";"V";"1";"0,00";"executada";"saída";"1";"179.520,00";"-682,50";"-0,38";"-136,50"
"13653314070";"31/08/2026 / 11:11:25";"WINV26";"C";"1";"0,00";"executada";"entrada";"1";"179.870,00";"-";"-";"-"
"13653311541";"31/08/2026 / 11:01:01";"WINV26";"C";"1";"0,00";"executada";"entrada";"1";"179.955,00";"-";"-";"-"
"13653308518";"31/08/2026 / 10:53:30";"WINV26";"V";"1";"0,00";"executada";"saída";"1";"180.235,00";"-547,50";"-0,30";"-109,50"
"13653305531";"31/08/2026 / 10:45:45";"WINV26";"C";"1";"0,00";"executada";"entrada";"1";"180.645,00";"-";"-";"-"
"13653298814";"31/08/2026 / 10:30:02";"WINV26";"C";"1";"0,00";"executada";"entrada";"1";"180.920,00";"-";"-";"-"
"13653161983";"28/08/2026 / 13:00:02";"WINV26";"V";"1";"0,00";"executada";"saída";"1";"176.685,00";"-321,25";"-0,18";"-64,25"
"13653161929";"28/08/2026 / 13:00:01";"WINV26";"V";"1";"0,00";"executada";"saída";"1";"176.685,00";"-321,25";"-0,18";"-64,25"
"13653159507";"28/08/2026 / 12:40:54";"WINV26";"C";"1";"0,00";"executada";"entrada";"1";"176.590,00";"-";"-";"-"
"13653158172";"28/08/2026 / 12:39:05";"WINV26";"V";"1";"0,00";"executada";"saída";"1";"176.810,00";"-612,50";"-0,35";"-122,50"
"13653150021";"28/08/2026 / 11:51:00";"WINV26";"C";"1";"0,00";"executada";"entrada";"1";"177.235,00";"-";"-";"-"
"13653146985";"28/08/2026 / 11:36:01";"WINV26";"C";"1";"0,00";"executada";"entrada";"1";"177.610,00";"-";"-";"-"
"13653140477";"28/08/2026 / 11:18:58";"WINV26";"C";"1";"0,00";"executada";"saída";"1";"177.285,00";"870,00";"0,49";"174,00"
"13653121578";"28/08/2026 / 10:30:01";"WINV26";"V";"1";"0,00";"executada";"entrada";"1";"178.155,00";"-";"-";"-"
"13653056801";"27/08/2026 / 13:00:03";"WINV26";"C";"1";"0,00";"executada";"saída";"1";"177.545,00";"-270,00";"-0,15";"-54,00"
"13653056791";"27/08/2026 / 13:00:02";"WINV26";"C";"1";"0,00";"executada";"saída";"1";"177.550,00";"-275,00";"-0,16";"-55,00"
"13653056777";"27/08/2026 / 13:00:02";"WINV26";"V";"1";"0,00";"executada";"entrada";"1";"177.545,00";"-";"-";"-"
"13653044532";"27/08/2026 / 11:52:11";"WINV26";"C";"1";"0,00";"executada";"saída";"1";"177.535,00";"-530,00";"-0,30";"-106,00"
"13653041067";"27/08/2026 / 11:43:35";"WINV26";"V";"1";"0,00";"executada";"entrada";"1";"177.190,00";"-";"-";"-"
"13653013394";"27/08/2026 / 10:30:01";"WINV26";"V";"1";"0,00";"executada";"entrada";"1";"176.820,00";"-";"-";"-"
"13652947757";"26/08/2026 / 13:00:02";"WINV26";"V";"1";"0,00";"executada";"saída";"1";"177.800,00";"-251,25";"-0,14";"-50,25"
"13652947745";"26/08/2026 / 13:00:00";"WINV26";"V";"1";"0,00";"executada";"saída";"1";"177.815,00";"-236,25";"-0,13";"-47,25"
"13652946384";"26/08/2026 / 12:52:00";"WINV26";"C";"1";"0,00";"executada";"entrada";"1";"177.585,00";"-";"-";"-"
"13652934282";"26/08/2026 / 11:29:23";"WINV26";"V";"1";"0,00";"executada";"saída";"1";"177.820,00";"-697,50";"-0,39";"-139,50"
"13652922184";"26/08/2026 / 10:45:01";"WINV26";"C";"1";"0,00";"executada";"entrada";"1";"178.225,00";"-";"-";"-"
"13652915218";"26/08/2026 / 10:30:01";"WINV26";"C";"1";"0,00";"executada";"entrada";"1";"178.810,00";"-";"-";"-"
"13652838418";"25/08/2026 / 12:52:41";"WINV26";"V";"1";"0,00";"executada";"saída";"1";"175.905,00";"1.442,50";"0,83";"288,50"
"13652826789";"25/08/2026 / 12:01:41";"WINV26";"V";"1";"0,00";"executada";"saída";"1";"174.875,00";"412,50";"0,24";"82,50"
"13652807623";"25/08/2026 / 10:45:04";"WINV26";"C";"1";"0,00";"executada";"entrada";"1";"173.925,00";"-";"-";"-"
"13652798345";"25/08/2026 / 10:30:02";"WINV26";"C";"1";"0,00";"executada";"entrada";"1";"175.000,00";"-";"-";"-"
"13652695378";"24/08/2026 / 10:55:59";"WINV26";"C";"1";"0,00";"executada";"saída";"1";"174.810,00";"-1.290,00";"-0,74";"-258,00"
"13652695305";"24/08/2026 / 10:55:57";"WINV26";"C";"1";"0,00";"executada";"saída";"1";"174.800,00";"-1.280,00";"-0,74";"-256,00"
"13652692734";"24/08/2026 / 10:53:10";"WINV26";"V";"1";"0,00";"executada";"entrada";"1";"174.055,00";"-";"-";"-"
"13652689236";"24/08/2026 / 10:47:13";"WINV26";"C";"1";"0,00";"executada";"saída";"1";"173.885,00";"-900,00";"-0,52";"-180,00"
"13652686570";"24/08/2026 / 10:45:03";"WINV26";"V";"1";"0,00";"executada";"entrada";"1";"173.525,00";"-";"-";"-"
"13652674149";"24/08/2026 / 10:30:10";"WINV26";"V";"1";"0,00";"executada";"entrada";"1";"172.445,00";"-";"-";"-"
"13652615316";"21/08/2026 / 13:00:02";"WINV26";"C";"1";"0,00";"executada";"saída";"1";"174.440,00";"-36,67";"-0,02";"-7,33"
"13652615290";"21/08/2026 / 13:00:01";"WINV26";"C";"1";"0,00";"executada";"saída";"1";"174.430,00";"-26,67";"-0,02";"-5,33"
"13652615278";"21/08/2026 / 13:00:01";"WINV26";"C";"1";"0,00";"executada";"saída";"1";"174.455,00";"-51,67";"-0,03";"-10,33"
"13652610712";"21/08/2026 / 12:37:17";"WINV26";"V";"1";"0,00";"executada";"entrada";"1";"174.910,00";"-";"-";"-"
"13652609765";"21/08/2026 / 12:35:49";"WINV26";"V";"1";"0,00";"executada";"entrada";"1";"174.645,00";"-";"-";"-"
"13652594353";"21/08/2026 / 11:31:36";"WINV26";"C";"1";"0,00";"executada";"saída";"1";"174.410,00";"-755,00";"-0,43";"-151,00"
"13652591088";"21/08/2026 / 11:21:01";"WINV26";"V";"1";"0,00";"executada";"entrada";"1";"174.055,00";"-";"-";"-"
"13652586052";"21/08/2026 / 11:06:00";"WINV26";"V";"1";"0,00";"executada";"entrada";"1";"173.255,00";"-";"-";"-"
"13652571972";"21/08/2026 / 10:38:13";"WINV26";"V";"1";"0,00";"executada";"saída";"1";"172.825,00";"845,00";"0,49";"169,00"
"13652566580";"21/08/2026 / 10:30:02";"WINV26";"C";"1";"0,00";"executada";"entrada";"1";"171.980,00";"-";"-";"-"
"13652502415";"20/08/2026 / 13:00:02";"WINV26";"C";"1";"0,00";"executada";"saída";"1";"171.360,00";"235,42";"0,14";"47,08"
"13652502392";"20/08/2026 / 13:00:02";"WINV26";"C";"1";"0,00";"executada";"saída";"1";"171.360,00";"235,42";"0,14";"47,08"
"13652502356";"20/08/2026 / 13:00:01";"WINV26";"V";"1";"0,00";"executada";"entrada";"1";"171.370,00";"-";"-";"-"
"13652499607";"20/08/2026 / 12:43:09";"WINV26";"C";"1";"0,00";"executada";"saída";"1";"171.375,00";"445,83";"0,26";"89,17"
"13652491137";"20/08/2026 / 12:05:26";"WINV26";"C";"1";"0,00";"executada";"saída";"1";"172.645,00";"-824,17";"-0,48";"-164,83"
"13652486740";"20/08/2026 / 11:59:04";"WINV26";"V";"1";"0,00";"executada";"entrada";"1";"172.195,00";"-";"-";"-"
"13652484876";"20/08/2026 / 11:51:25";"WINV26";"V";"1";"0,00";"executada";"entrada";"1";"171.975,00";"-";"-";"-"
"13652481414";"20/08/2026 / 11:43:27";"WINV26";"C";"1";"0,00";"executada";"saída";"1";"171.830,00";"-537,50";"-0,31";"-107,50"
"13652479696";"20/08/2026 / 11:40:50";"WINV26";"V";"1";"0,00";"executada";"entrada";"1";"171.445,00";"-";"-";"-"
"13652474519";"20/08/2026 / 11:24:01";"WINV26";"V";"1";"0,00";"executada";"entrada";"1";"171.140,00";"-";"-";"-"
"13652468623";"20/08/2026 / 11:01:56";"WINV26";"V";"1";"0,00";"executada";"saída";"1";"171.155,00";"615,00";"0,36";"123,00"
"13652452851";"20/08/2026 / 10:30:04";"WINV26";"C";"1";"0,00";"executada";"entrada";"1";"170.540,00";"-";"-";"-"
"13652382087";"19/08/2026 / 12:11:33";"WINV26";"C";"1";"0,00";"executada";"saída";"1";"172.185,00";"890,00";"0,51";"178,00"
"13652366076";"19/08/2026 / 11:06:00";"WINV26";"V";"1";"0,00";"executada";"entrada";"1";"173.075,00";"-";"-";"-"
"13652359382";"19/08/2026 / 10:46:12";"WINV26";"V";"1";"0,00";"executada";"saída";"1";"173.180,00";"895,00";"0,52";"179,00"
"13652352653";"19/08/2026 / 10:30:01";"WINV26";"C";"1";"0,00";"executada";"entrada";"1";"172.285,00";"-";"-";"-"
"13652274845";"18/08/2026 / 13:00:01";"WINV26";"C";"1";"0,00";"executada";"saída";"1";"169.850,00";"945,00";"0,55";"189,00"
"13652259728";"18/08/2026 / 11:27:20";"WINV26";"C";"1";"0,00";"executada";"saída";"1";"170.315,00";"480,00";"0,28";"96,00"
"13652246760";"18/08/2026 / 10:45:02";"WINV26";"V";"1";"0,00";"executada";"entrada";"1";"171.200,00";"-";"-";"-"
"13652238000";"18/08/2026 / 10:30:02";"WINV26";"V";"1";"0,00";"executada";"entrada";"1";"170.390,00";"-";"-";"-"
"13652178949";"17/08/2026 / 13:00:02";"WINV26";"V";"1";"0,00";"executada";"saída";"1";"169.840,00";"-121,25";"-0,07";"-24,25"
"13652178945";"17/08/2026 / 13:00:02";"WINV26";"V";"1";"0,00";"executada";"saída";"1";"169.840,00";"-121,25";"-0,07";"-24,25"
"13652178935";"17/08/2026 / 13:00:01";"WINV26";"C";"1";"0,00";"executada";"entrada";"1";"169.845,00";"-";"-";"-"
"13652166589";"17/08/2026 / 11:38:52";"WINV26";"V";"1";"0,00";"executada";"saída";"1";"169.525,00";"-552,50";"-0,32";"-110,50"
"13652164691";"17/08/2026 / 11:33:41";"WINV26";"C";"1";"0,00";"executada";"entrada";"1";"169.905,00";"-";"-";"-"
"13652155479";"17/08/2026 / 11:06:01";"WINV26";"C";"1";"0,00";"executada";"entrada";"1";"170.250,00";"-";"-";"-"
"13652145623";"17/08/2026 / 10:34:34";"WINV26";"C";"1";"0,00";"executada";"saída";"1";"169.945,00";"895,00";"0,52";"179,00"
"13652141348";"17/08/2026 / 10:30:02";"WINV26";"V";"1";"0,00";"executada";"entrada";"1";"170.840,00";"-";"-";"-"
"13652078440";"14/08/2026 / 13:00:00";"WINV26";"V";"1";"0,00";"executada";"saída";"1";"168.690,00";"110,00";"0,07";"22,00"
"13652064668";"14/08/2026 / 11:24:01";"WINV26";"C";"1";"0,00";"executada";"entrada";"1";"168.580,00";"-";"-";"-"
"13652059823";"14/08/2026 / 11:06:42";"WINV26";"C";"1";"0,00";"executada";"saída";"1";"168.655,00";"850,00";"0,50";"170,00"
"13652044715";"14/08/2026 / 10:30:01";"WINV26";"V";"1";"0,00";"executada";"entrada";"1";"169.505,00";"-";"-";"-"
"13651899248";"12/08/2026 / 13:00:00";"WINQ26";"V";"1";"0,00";"executada";"saída";"1";"167.715,00";"45,00";"0,03";"9,00"
"13651861738";"12/08/2026 / 10:30:02";"WINQ26";"C";"1";"0,00";"executada";"entrada";"1";"167.670,00";"-";"-";"-"
"13651800740";"11/08/2026 / 12:52:45";"WINQ26";"V";"1";"0,00";"executada";"saída";"1";"168.810,00";"-634,17";"-0,37";"-126,83"
"13651800725";"11/08/2026 / 12:52:45";"WINQ26";"V";"1";"0,00";"executada";"saída";"1";"168.830,00";"-614,17";"-0,36";"-122,83"
"13651800716";"11/08/2026 / 12:52:44";"WINQ26";"V";"1";"0,00";"executada";"saída";"1";"168.830,00";"-614,17";"-0,36";"-122,83"
"13651800672";"11/08/2026 / 12:52:43";"WINQ26";"V";"1";"0,00";"executada";"saída";"1";"168.835,00";"-609,17";"-0,36";"-121,83"
"13651800539";"11/08/2026 / 12:52:40";"WINQ26";"C";"1";"0,00";"executada";"entrada";"1";"168.890,00";"-";"-";"-"
"13651798763";"11/08/2026 / 12:39:29";"WINQ26";"C";"1";"0,00";"executada";"entrada";"1";"169.045,00";"-";"-";"-"
"13651797942";"11/08/2026 / 12:34:42";"WINQ26";"V";"1";"0,00";"executada";"saída";"1";"169.200,00";"-720,83";"-0,42";"-144,17"
"13651795791";"11/08/2026 / 12:24:31";"WINQ26";"C";"1";"0,00";"executada";"entrada";"1";"169.555,00";"-";"-";"-"
"13651793345";"11/08/2026 / 12:06:40";"WINQ26";"C";"1";"0,00";"executada";"entrada";"1";"169.705,00";"-";"-";"-"
"13651792633";"11/08/2026 / 12:05:53";"WINQ26";"V";"1";"0,00";"executada";"saída";"1";"169.870,00";"-632,50";"-0,37";"-126,50"
"13651788909";"11/08/2026 / 11:51:01";"WINQ26";"C";"1";"0,00";"executada";"entrada";"1";"170.255,00";"-";"-";"-"
"13651784554";"11/08/2026 / 11:36:01";"WINQ26";"C";"1";"0,00";"executada";"entrada";"1";"170.750,00";"-";"-";"-"
"13651781163";"11/08/2026 / 11:17:57";"WINQ26";"C";"1";"0,00";"executada";"saída";"1";"170.835,00";"1.007,50";"0,59";"201,50"
"13651779387";"11/08/2026 / 11:12:06";"WINQ26";"C";"1";"0,00";"executada";"saída";"1";"171.115,00";"727,50";"0,42";"145,50"
"13651773263";"11/08/2026 / 10:46:40";"WINQ26";"V";"1";"0,00";"executada";"entrada";"1";"171.995,00";"-";"-";"-"
"13651767117";"11/08/2026 / 10:30:01";"WINQ26";"V";"1";"0,00";"executada";"entrada";"1";"171.690,00";"-";"-";"-"
"13651718654";"10/08/2026 / 13:00:17";"WINQ26";"V";"1";"0,00";"executada";"saída";"1";"172.255,00";"-11,25";"-0,01";"-2,25"
"13651718645";"10/08/2026 / 13:00:14";"WINQ26";"V";"1";"0,00";"executada";"saída";"1";"172.265,00";"-1,25";"-0,00";"-0,25"
"13651694613";"10/08/2026 / 10:57:04";"WINQ26";"C";"1";"0,00";"executada";"entrada";"1";"171.910,00";"-";"-";"-"
"13651694062";"10/08/2026 / 10:56:18";"WINQ26";"V";"1";"0,00";"executada";"saída";"1";"172.110,00";"-512,50";"-0,30";"-102,50"
"13651691559";"10/08/2026 / 10:48:14";"WINQ26";"C";"1";"0,00";"executada";"entrada";"1";"172.455,00";"-";"-";"-"
"13651684613";"10/08/2026 / 10:30:02";"WINQ26";"C";"1";"0,00";"executada";"entrada";"1";"172.790,00";"-";"-";"-"
"13651639103";"07/08/2026 / 13:00:01";"WINQ26";"V";"1";"0,00";"executada";"saída";"1";"172.980,00";"-355,83";"-0,21";"-71,17"
"13651639055";"07/08/2026 / 13:00:01";"WINQ26";"V";"1";"0,00";"executada";"saída";"1";"172.995,00";"-340,83";"-0,20";"-68,17"
"13651639036";"07/08/2026 / 13:00:00";"WINQ26";"V";"1";"0,00";"executada";"saída";"1";"172.995,00";"-340,83";"-0,20";"-68,17"
"13651632658";"07/08/2026 / 12:06:46";"WINQ26";"C";"1";"0,00";"executada";"entrada";"1";"172.940,00";"-";"-";"-"
"13651631522";"07/08/2026 / 12:04:23";"WINQ26";"C";"1";"0,00";"executada";"entrada";"1";"173.150,00";"-";"-";"-"
"13651629398";"07/08/2026 / 11:51:46";"WINQ26";"V";"1";"0,00";"executada";"saída";"1";"173.285,00";"-632,50";"-0,36";"-126,50"
"13651626350";"07/08/2026 / 11:33:00";"WINQ26";"C";"1";"0,00";"executada";"entrada";"1";"173.650,00";"-";"-";"-"
"13651622845";"07/08/2026 / 11:18:01";"WINQ26";"C";"1";"0,00";"executada";"entrada";"1";"174.185,00";"-";"-";"-"
"13651615689";"07/08/2026 / 10:51:39";"WINQ26";"C";"1";"0,00";"executada";"saída";"1";"174.995,00";"875,00";"0,50";"175,00"
"13651606920";"07/08/2026 / 10:30:00";"WINQ26";"V";"1";"0,00";"executada";"entrada";"1";"175.870,00";"-";"-";"-"
"13651554278";"06/08/2026 / 13:00:03";"WINQ26";"V";"1";"0,00";"executada";"saída";"1";"176.550,00";"-306,25";"-0,17";"-61,25"
"13651554275";"06/08/2026 / 13:00:02";"WINQ26";"V";"1";"0,00";"executada";"saída";"1";"176.555,00";"-301,25";"-0,17";"-60,25"
"13651554259";"06/08/2026 / 13:00:01";"WINQ26";"C";"1";"0,00";"executada";"entrada";"1";"176.560,00";"-";"-";"-"
"13651550649";"06/08/2026 / 12:42:05";"WINQ26";"V";"1";"0,00";"executada";"saída";"1";"176.615,00";"-537,50";"-0,30";"-107,50"
"13651546247";"06/08/2026 / 12:11:43";"WINQ26";"C";"1";"0,00";"executada";"entrada";"1";"176.975,00";"-";"-";"-"
"13651537884";"06/08/2026 / 11:36:01";"WINQ26";"C";"1";"0,00";"executada";"entrada";"1";"177.330,00";"-";"-";"-"
"13651533055";"06/08/2026 / 11:15:23";"WINQ26";"C";"1";"0,00";"executada";"saída";"1";"176.655,00";"885,00";"0,50";"177,00"
"13651514232";"06/08/2026 / 10:30:01";"WINQ26";"V";"1";"0,00";"executada";"entrada";"1";"177.540,00";"-";"-";"-"
"13651449062";"05/08/2026 / 12:45:36";"WINQ26";"C";"1";"0,00";"executada";"saída";"1";"178.745,00";"1.472,50";"0,82";"294,50"
"13651433421";"05/08/2026 / 11:30:41";"WINQ26";"C";"1";"0,00";"executada";"saída";"1";"179.115,00";"1.102,50";"0,61";"220,50"
"13651424707";"05/08/2026 / 11:10:35";"WINQ26";"V";"1";"0,00";"executada";"entrada";"1";"180.620,00";"-";"-";"-"
"13651423510";"05/08/2026 / 11:09:13";"WINQ26";"C";"1";"0,00";"executada";"saída";"1";"180.390,00";"-575,00";"-0,32";"-115,00"
"13651419837";"05/08/2026 / 11:01:23";"WINQ26";"V";"1";"0,00";"executada";"entrada";"1";"179.935,00";"-";"-";"-"
"13651407090";"05/08/2026 / 10:30:01";"WINQ26";"V";"1";"0,00";"executada";"entrada";"1";"179.695,00";"-";"-";"-"
"13651334737";"04/08/2026 / 13:00:01";"WINQ26";"V";"1";"0,00";"executada";"saída";"1";"179.015,00";"-35,00";"-0,02";"-7,00"
"13651321393";"04/08/2026 / 11:24:01";"WINQ26";"C";"1";"0,00";"executada";"entrada";"1";"179.050,00";"-";"-";"-"
"13651316134";"04/08/2026 / 10:57:04";"WINQ26";"C";"1";"0,00";"executada";"saída";"1";"178.945,00";"945,00";"0,53";"189,00"
"13651306056";"04/08/2026 / 10:30:01";"WINQ26";"V";"1";"0,00";"executada";"entrada";"1";"179.890,00";"-";"-";"-"
"13651248380";"03/08/2026 / 13:00:01";"WINQ26";"C";"1";"0,00";"executada";"saída";"1";"177.930,00";"395,00";"0,22";"79,00"
"13651164105";"03/08/2026 / 10:30:01";"WINQ26";"V";"1";"0,00";"executada";"entrada";"1";"178.325,00";"-";"-";"-"
"13651049699";"30/07/2026 / 13:00:02";"WINQ26";"C";"1";"0,00";"executada";"saída";"1";"176.485,00";"-527,50";"-0,30";"-105,50"
"13651049632";"30/07/2026 / 13:00:01";"WINQ26";"C";"1";"0,00";"executada";"saída";"1";"176.485,00";"-527,50";"-0,30";"-105,50"
"13651047765";"30/07/2026 / 12:35:38";"WINQ26";"V";"1";"0,00";"executada";"entrada";"1";"176.345,00";"-";"-";"-"
"13651038207";"30/07/2026 / 11:35:51";"WINQ26";"C";"1";"0,00";"executada";"saída";"1";"176.165,00";"-595,00";"-0,34";"-119,00"
"13651029713";"30/07/2026 / 11:04:44";"WINQ26";"V";"1";"0,00";"executada";"entrada";"1";"175.735,00";"-";"-";"-"
"13651017744";"30/07/2026 / 10:30:01";"WINQ26";"V";"1";"0,00";"executada";"entrada";"1";"175.405,00";"-";"-";"-"
"13650872593";"28/07/2026 / 13:00:02";"WINQ26";"C";"1";"0,00";"executada";"saída";"1";"178.210,00";"-60,00";"-0,03";"-12,00"
"13650872576";"28/07/2026 / 13:00:00";"WINQ26";"C";"1";"0,00";"executada";"saída";"1";"178.200,00";"-50,00";"-0,03";"-10,00"
"13650852474";"28/07/2026 / 11:09:06";"WINQ26";"V";"1";"0,00";"executada";"entrada";"1";"178.355,00";"-";"-";"-"
"13650838392";"28/07/2026 / 10:30:02";"WINQ26";"V";"1";"0,00";"executada";"entrada";"1";"177.945,00";"-";"-";"-"
"13650687305";"24/07/2026 / 13:00:02";"WINQ26";"C";"1";"0,00";"executada";"saída";"1";"176.015,00";"347,50";"0,20";"69,50"
"13650687281";"24/07/2026 / 13:00:01";"WINQ26";"C";"1";"0,00";"executada";"saída";"1";"176.030,00";"332,50";"0,19";"66,50"
"13650662987";"24/07/2026 / 11:02:55";"WINQ26";"V";"1";"0,00";"executada";"entrada";"1";"176.495,00";"-";"-";"-"
"13650650877";"24/07/2026 / 10:30:02";"WINQ26";"V";"1";"0,00";"executada";"entrada";"1";"176.230,00";"-";"-";"-"
"13650602701";"23/07/2026 / 13:00:03";"WINQ26";"C";"1";"0,00";"executada";"saída";"1";"177.785,00";"-15,00";"-0,01";"-3,00"
"13650602694";"23/07/2026 / 13:00:02";"WINQ26";"V";"1";"0,00";"executada";"entrada";"1";"177.770,00";"-";"-";"-"
"13650597196";"23/07/2026 / 12:28:33";"WINQ26";"C";"1";"0,00";"executada";"saída";"1";"177.685,00";"665,00";"0,37";"133,00"
"13650569838";"23/07/2026 / 10:52:05";"WINQ26";"C";"1";"0,00";"executada";"saída";"1";"178.940,00";"-590,00";"-0,33";"-118,00"
"13650567758";"23/07/2026 / 10:46:16";"WINQ26";"V";"1";"0,00";"executada";"entrada";"1";"178.535,00";"-";"-";"-"
"13650560107";"23/07/2026 / 10:30:03";"WINQ26";"V";"1";"0,00";"executada";"entrada";"1";"178.165,00";"-";"-";"-"
"13650507346";"22/07/2026 / 13:00:01";"WINQ26";"V";"1";"0,00";"executada";"saída";"1";"177.465,00";"625,00";"0,35";"125,00"
"13650499299";"22/07/2026 / 12:06:01";"WINQ26";"C";"1";"0,00";"executada";"entrada";"1";"176.840,00";"-";"-";"-"
"13650495984";"22/07/2026 / 11:46:05";"WINQ26";"C";"1";"0,00";"executada";"saída";"1";"176.720,00";"890,00";"0,50";"178,00"
"13650488173";"22/07/2026 / 11:06:01";"WINQ26";"V";"1";"0,00";"executada";"entrada";"1";"177.610,00";"-";"-";"-"
"13650478592";"22/07/2026 / 10:40:38";"WINQ26";"V";"1";"0,00";"executada";"saída";"1";"177.065,00";"700,00";"0,40";"140,00"
"13650473380";"22/07/2026 / 10:30:03";"WINQ26";"C";"1";"0,00";"executada";"entrada";"1";"176.365,00";"-";"-";"-"
"13650423980";"21/07/2026 / 13:00:01";"WINQ26";"V";"1";"0,00";"executada";"saída";"1";"173.950,00";"335,00";"0,19";"67,00"
"13650417884";"21/07/2026 / 12:06:00";"WINQ26";"C";"1";"0,00";"executada";"entrada";"1";"173.615,00";"-";"-";"-"
"13650414454";"21/07/2026 / 11:39:03";"WINQ26";"C";"1";"0,00";"executada";"saída";"1";"173.725,00";"955,00";"0,55";"191,00"
"13650392058";"21/07/2026 / 10:30:03";"WINQ26";"V";"1";"0,00";"executada";"entrada";"1";"174.680,00";"-";"-";"-"
"13650333153";"20/07/2026 / 13:00:02";"WINQ26";"C";"1";"0,00";"executada";"saída";"1";"175.460,00";"-90,00";"-0,05";"-18,00"
"13650333117";"20/07/2026 / 13:00:01";"WINQ26";"C";"1";"0,00";"executada";"saída";"1";"175.455,00";"-85,00";"-0,05";"-17,00"
"13650318798";"20/07/2026 / 11:40:15";"WINQ26";"V";"1";"0,00";"executada";"entrada";"1";"175.535,00";"-";"-";"-"
"13650298343";"20/07/2026 / 10:30:01";"WINQ26";"V";"1";"0,00";"executada";"entrada";"1";"175.205,00";"-";"-";"-"
"13650235040";"17/07/2026 / 13:00:04";"WINQ26";"C";"1";"0,00";"executada";"saída";"1";"175.980,00";"-297,50";"-0,17";"-59,50"
"13650235031";"17/07/2026 / 13:00:03";"WINQ26";"C";"1";"0,00";"executada";"saída";"1";"175.980,00";"-297,50";"-0,17";"-59,50"
"13650235021";"17/07/2026 / 13:00:02";"WINQ26";"V";"1";"0,00";"executada";"entrada";"1";"175.970,00";"-";"-";"-"
"13650229846";"17/07/2026 / 12:21:13";"WINQ26";"C";"1";"0,00";"executada";"saída";"1";"175.940,00";"-545,00";"-0,31";"-109,00"
"13650211925";"17/07/2026 / 10:53:52";"WINQ26";"V";"1";"0,00";"executada";"entrada";"1";"175.560,00";"-";"-";"-"
"13650202677";"17/07/2026 / 10:30:02";"WINQ26";"V";"1";"0,00";"executada";"entrada";"1";"175.230,00";"-";"-";"-"
"13649970195";"14/07/2026 / 13:00:02";"WINQ26";"C";"1";"0,00";"executada";"saída";"1";"177.925,00";"646,25";"0,36";"129,25"
"13649970115";"14/07/2026 / 13:00:01";"WINQ26";"C";"1";"0,00";"executada";"saída";"1";"177.925,00";"646,25";"0,36";"129,25"
"13649946034";"14/07/2026 / 11:01:39";"WINQ26";"V";"1";"0,00";"executada";"entrada";"1";"178.950,00";"-";"-";"-"
"13649945190";"14/07/2026 / 11:00:50";"WINQ26";"C";"1";"0,00";"executada";"saída";"1";"178.740,00";"-547,50";"-0,31";"-109,50"
"13649940771";"14/07/2026 / 10:45:01";"WINQ26";"V";"1";"0,00";"executada";"entrada";"1";"178.330,00";"-";"-";"-"
"13649935186";"14/07/2026 / 10:30:03";"WINQ26";"V";"1";"0,00";"executada";"entrada";"1";"178.055,00";"-";"-";"-"
"13649865657";"13/07/2026 / 13:00:04";"WINQ26";"V";"1";"0,00";"executada";"saída";"1";"178.390,00";"-175,00";"-0,10";"-35,00"
"13649865622";"13/07/2026 / 13:00:01";"WINQ26";"V";"1";"0,00";"executada";"saída";"1";"178.375,00";"-190,00";"-0,11";"-38,00"
"13649860994";"13/07/2026 / 12:15:01";"WINQ26";"C";"1";"0,00";"executada";"entrada";"1";"178.340,00";"-";"-";"-"
"13649857907";"13/07/2026 / 12:00:03";"WINQ26";"C";"1";"0,00";"executada";"entrada";"1";"178.790,00";"-";"-";"-"
"13649855939";"13/07/2026 / 11:41:49";"WINQ26";"C";"1";"0,00";"executada";"saída";"1";"178.590,00";"970,00";"0,54";"194,00"
"13649829436";"13/07/2026 / 10:30:02";"WINQ26";"V";"1";"0,00";"executada";"entrada";"1";"179.560,00";"-";"-";"-"
"13649777243";"10/07/2026 / 13:00:02";"WINQ26";"C";"1";"0,00";"executada";"saída";"1";"178.445,00";"136,25";"0,08";"27,25"
"13649777230";"10/07/2026 / 13:00:01";"WINQ26";"C";"1";"0,00";"executada";"saída";"1";"178.445,00";"136,25";"0,08";"27,25"
"13649758333";"10/07/2026 / 11:27:13";"WINQ26";"V";"1";"0,00";"executada";"entrada";"1";"178.950,00";"-";"-";"-"
"13649751828";"10/07/2026 / 11:02:26";"WINQ26";"C";"1";"0,00";"executada";"saída";"1";"178.780,00";"-567,50";"-0,32";"-113,50"
"13649749463";"10/07/2026 / 10:52:35";"WINQ26";"V";"1";"0,00";"executada";"entrada";"1";"178.405,00";"-";"-";"-"
"13649741912";"10/07/2026 / 10:30:03";"WINQ26";"V";"1";"0,00";"executada";"entrada";"1";"178.020,00";"-";"-";"-"
"13649687735";"09/07/2026 / 13:00:04";"WINQ26";"C";"1";"0,00";"executada";"saída";"1";"174.485,00";"-418,33";"-0,24";"-83,67"
"13649687733";"09/07/2026 / 13:00:02";"WINQ26";"C";"1";"0,00";"executada";"saída";"1";"174.485,00";"-418,33";"-0,24";"-83,67"
"13649687710";"09/07/2026 / 13:00:01";"WINQ26";"C";"1";"0,00";"executada";"saída";"1";"174.470,00";"-403,33";"-0,23";"-80,67"
"13649677319";"09/07/2026 / 11:50:42";"WINQ26";"V";"1";"0,00";"executada";"entrada";"1";"174.425,00";"-";"-";"-"
"13649671569";"09/07/2026 / 11:25:45";"WINQ26";"V";"1";"0,00";"executada";"entrada";"1";"174.235,00";"-";"-";"-"
"13649668692";"09/07/2026 / 11:18:50";"WINQ26";"C";"1";"0,00";"executada";"saída";"1";"174.075,00";"-535,00";"-0,31";"-107,00"
"13649662583";"09/07/2026 / 11:05:41";"WINQ26";"V";"1";"0,00";"executada";"entrada";"1";"173.705,00";"-";"-";"-"
"13649650921";"09/07/2026 / 10:30:01";"WINQ26";"V";"1";"0,00";"executada";"entrada";"1";"173.375,00";"-";"-";"-"
"13649591357";"08/07/2026 / 13:00:03";"WINQ26";"V";"1";"0,00";"executada";"saída";"1";"172.270,00";"-182,50";"-0,11";"-36,50"
"13649591354";"08/07/2026 / 13:00:02";"WINQ26";"V";"1";"0,00";"executada";"saída";"1";"172.265,00";"-187,50";"-0,11";"-37,50"
"13649591299";"08/07/2026 / 13:00:01";"WINQ26";"V";"1";"0,00";"executada";"saída";"1";"172.270,00";"-182,50";"-0,11";"-36,50"
"13649580966";"08/07/2026 / 12:00:27";"WINQ26";"C";"1";"0,00";"executada";"entrada";"1";"172.095,00";"-";"-";"-"
"13649578157";"08/07/2026 / 11:48:47";"WINQ26";"C";"1";"0,00";"executada";"entrada";"1";"172.270,00";"-";"-";"-"
"13649575456";"08/07/2026 / 11:37:14";"WINQ26";"V";"1";"0,00";"executada";"saída";"1";"172.450,00";"-542,50";"-0,31";"-108,50"
"13649562036";"08/07/2026 / 10:52:02";"WINQ26";"C";"1";"0,00";"executada";"entrada";"1";"172.760,00";"-";"-";"-"
"13649552726";"08/07/2026 / 10:30:03";"WINQ26";"C";"1";"0,00";"executada";"entrada";"1";"173.225,00";"-";"-";"-"
"13649512573";"07/07/2026 / 13:00:01";"WINQ26";"V";"1";"0,00";"executada";"saída";"1";"173.685,00";"-312,50";"-0,18";"-62,50"
"13649512572";"07/07/2026 / 13:00:00";"WINQ26";"V";"1";"0,00";"executada";"saída";"1";"173.685,00";"-312,50";"-0,18";"-62,50"
"13649512571";"07/07/2026 / 12:11:28";"WINQ26";"C";"1";"0,00";"executada";"entrada";"1";"173.825,00";"-";"-";"-"
"13649512570";"07/07/2026 / 11:42:01";"WINQ26";"C";"1";"0,00";"executada";"entrada";"1";"174.170,00";"-";"-";"-"
"13649512569";"07/07/2026 / 11:25:26";"WINQ26";"C";"1";"0,00";"executada";"saída";"1";"173.890,00";"1.242,50";"0,71";"248,50"
"13649512568";"07/07/2026 / 10:58:35";"WINQ26";"C";"1";"0,00";"executada";"saída";"1";"174.615,00";"517,50";"0,30";"103,50"
"13649512567";"07/07/2026 / 10:45:00";"WINQ26";"V";"1";"0,00";"executada";"entrada";"1";"175.520,00";"-";"-";"-"
"13649512566";"07/07/2026 / 10:30:00";"WINQ26";"V";"1";"0,00";"executada";"entrada";"1";"174.745,00";"-";"-";"-"
"13649512565";"06/07/2026 / 13:00:02";"WINQ26";"C";"1";"0,00";"executada";"saída";"1";"174.220,00";"-20,00";"-0,01";"-4,00"
"13649512564";"06/07/2026 / 13:00:01";"WINQ26";"V";"1";"0,00";"executada";"entrada";"1";"174.200,00";"-";"-";"-"
"13649512563";"06/07/2026 / 11:09:45";"WINQ26";"C";"1";"0,00";"executada";"saída";"1";"174.115,00";"710,00";"0,41";"142,00"
"13649512562";"06/07/2026 / 10:46:27";"WINQ26";"C";"1";"0,00";"executada";"saída";"1";"175.360,00";"-535,00";"-0,31";"-107,00"
"13649512561";"06/07/2026 / 10:45:00";"WINQ26";"V";"1";"0,00";"executada";"entrada";"1";"174.985,00";"-";"-";"-"
"13649512560";"06/07/2026 / 10:30:01";"WINQ26";"V";"1";"0,00";"executada";"entrada";"1";"174.665,00";"-";"-";"-"
"13649512559";"03/07/2026 / 13:00:03";"WINQ26";"C";"1";"0,00";"executada";"saída";"1";"176.915,00";"-464,17";"-0,26";"-92,83"
"13649512558";"03/07/2026 / 13:00:02";"WINQ26";"C";"1";"0,00";"executada";"saída";"1";"176.915,00";"-464,17";"-0,26";"-92,83"
"13649512557";"03/07/2026 / 13:00:01";"WINQ26";"C";"1";"0,00";"executada";"saída";"1";"176.905,00";"-454,17";"-0,26";"-90,83"
"13649512556";"03/07/2026 / 12:03:32";"WINQ26";"V";"1";"0,00";"executada";"entrada";"1";"176.830,00";"-";"-";"-"
"13649512555";"03/07/2026 / 11:08:47";"WINQ26";"V";"1";"0,00";"executada";"entrada";"1";"176.660,00";"-";"-";"-"
"13649512554";"03/07/2026 / 11:05:39";"WINQ26";"C";"1";"0,00";"executada";"saída";"1";"176.470,00";"-607,50";"-0,35";"-121,50"
"13649512553";"03/07/2026 / 10:51:33";"WINQ26";"V";"1";"0,00";"executada";"entrada";"1";"175.920,00";"-";"-";"-"
"13649512552";"03/07/2026 / 10:30:01";"WINQ26";"V";"1";"0,00";"executada";"entrada";"1";"175.805,00";"-";"-";"-"
"13649512551";"02/07/2026 / 13:00:01";"WINQ26";"V";"1";"0,00";"executada";"saída";"1";"174.750,00";"40,00";"0,02";"8,00"
"13649512550";"02/07/2026 / 12:36:00";"WINQ26";"C";"1";"0,00";"executada";"entrada";"1";"174.710,00";"-";"-";"-"
"13649512549";"02/07/2026 / 12:17:18";"WINQ26";"C";"1";"0,00";"executada";"saída";"1";"174.340,00";"1.757,50";"1,00";"351,50"
"13649512548";"02/07/2026 / 10:57:33";"WINQ26";"C";"1";"0,00";"executada";"saída";"1";"175.940,00";"157,50";"0,09";"31,50"
"13649512547";"02/07/2026 / 10:45:10";"WINQ26";"V";"1";"0,00";"executada";"entrada";"1";"176.830,00";"-";"-";"-"
"13649512546";"02/07/2026 / 10:30:03";"WINQ26";"V";"1";"0,00";"executada";"entrada";"1";"175.365,00";"-";"-";"-"
"13649512545";"01/07/2026 / 13:00:03";"WINQ26";"C";"1";"0,00";"executada";"saída";"1";"174.280,00";"-155,00";"-0,09";"-31,00"
"13649512544";"01/07/2026 / 13:00:02";"WINQ26";"C";"1";"0,00";"executada";"saída";"1";"174.280,00";"-155,00";"-0,09";"-31,00"
"13649512543";"01/07/2026 / 13:00:01";"WINQ26";"V";"1";"0,00";"executada";"entrada";"1";"174.270,00";"-";"-";"-"
"13649512542";"01/07/2026 / 12:52:06";"WINQ26";"C";"1";"0,00";"executada";"saída";"1";"174.500,00";"-520,00";"-0,30";"-104,00"
"13649512541";"01/07/2026 / 11:28:59";"WINQ26";"V";"1";"0,00";"executada";"entrada";"1";"174.150,00";"-";"-";"-"
"13649512540";"01/07/2026 / 11:12:00";"WINQ26";"V";"1";"0,00";"executada";"entrada";"1";"173.810,00";"-";"-";"-"
"13649512539";"01/07/2026 / 10:39:40";"WINQ26";"V";"1";"0,00";"executada";"saída";"1";"173.750,00";"870,00";"0,50";"174,00"
"13649512538";"01/07/2026 / 10:30:01";"WINQ26";"C";"1";"0,00";"executada";"entrada";"1";"172.880,00";"-";"-";"-"
"13649512537";"30/06/2026 / 13:00:02";"WINQ26";"C";"1";"0,00";"executada";"saída";"1";"174.685,00";"-412,50";"-0,24";"-82,50"
"13649512536";"30/06/2026 / 13:00:01";"WINQ26";"C";"1";"0,00";"executada";"saída";"1";"174.680,00";"-407,50";"-0,23";"-81,50"
"13649512535";"30/06/2026 / 12:08:46";"WINQ26";"V";"1";"0,00";"executada";"entrada";"1";"174.450,00";"-";"-";"-"
"13649512534";"30/06/2026 / 11:30:00";"WINQ26";"V";"1";"0,00";"executada";"entrada";"1";"174.095,00";"-";"-";"-"
"13649512533";"30/06/2026 / 11:13:13";"WINQ26";"V";"1";"0,00";"executada";"saída";"1";"174.565,00";"1.057,50";"0,61";"211,50"
"13649512532";"30/06/2026 / 11:11:06";"WINQ26";"V";"1";"0,00";"executada";"saída";"1";"174.205,00";"697,50";"0,40";"139,50"
"13649512531";"30/06/2026 / 10:45:03";"WINQ26";"C";"1";"0,00";"executada";"entrada";"1";"173.335,00";"-";"-";"-"
"13649512530";"30/06/2026 / 10:30:03";"WINQ26";"C";"1";"0,00";"executada";"entrada";"1";"173.680,00";"-";"-";"-"
"13649512529";"29/06/2026 / 13:00:02";"WINQ26";"C";"1";"0,00";"executada";"saída";"1";"175.315,00";"620,00";"0,35";"124,00"
"13649512528";"29/06/2026 / 13:00:00";"WINQ26";"C";"1";"0,00";"executada";"saída";"1";"175.325,00";"610,00";"0,35";"122,00"
"13649512527";"29/06/2026 / 11:26:41";"WINQ26";"V";"1";"0,00";"executada";"entrada";"1";"176.110,00";"-";"-";"-"
"13649512526";"29/06/2026 / 10:30:02";"WINQ26";"V";"1";"0,00";"executada";"entrada";"1";"175.760,00";"-";"-";"-"
"13649512525";"26/06/2026 / 12:08:13";"WINQ26";"C";"1";"0,00";"executada";"saída";"1";"175.995,00";"-819,44";"-0,47";"-163,89"
"13649512524";"26/06/2026 / 12:08:12";"WINQ26";"C";"1";"0,00";"executada";"saída";"1";"176.000,00";"-824,44";"-0,47";"-164,89"
"13649512523";"26/06/2026 / 12:08:12";"WINQ26";"C";"1";"0,00";"executada";"saída";"1";"175.995,00";"-819,44";"-0,47";"-163,89"
"13649512522";"26/06/2026 / 11:50:45";"WINQ26";"V";"1";"0,00";"executada";"entrada";"1";"175.800,00";"-";"-";"-"
"13649512521";"26/06/2026 / 11:41:16";"WINQ26";"C";"1";"0,00";"executada";"saída";"1";"175.660,00";"-796,67";"-0,46";"-159,33"
"13649512520";"26/06/2026 / 11:31:44";"WINQ26";"V";"1";"0,00";"executada";"entrada";"1";"175.305,00";"-";"-";"-"
"13649512519";"26/06/2026 / 11:19:16";"WINQ26";"V";"1";"0,00";"executada";"entrada";"1";"175.025,00";"-";"-";"-"
"13649512518";"26/06/2026 / 11:16:56";"WINQ26";"C";"1";"0,00";"executada";"saída";"1";"174.825,00";"-565,00";"-0,32";"-113,00"
"13649512517";"26/06/2026 / 10:57:04";"WINQ26";"V";"1";"0,00";"executada";"entrada";"1";"174.425,00";"-";"-";"-"
"13649512516";"26/06/2026 / 10:30:00";"WINQ26";"V";"1";"0,00";"executada";"entrada";"1";"174.095,00";"-";"-";"-"
"13649512515";"25/06/2026 / 13:00:01";"WINQ26";"C";"1";"0,00";"executada";"saída";"1";"175.875,00";"-85,00";"-0,05";"-17,00"
"13649512514";"25/06/2026 / 11:48:00";"WINQ26";"V";"1";"0,00";"executada";"entrada";"1";"175.790,00";"-";"-";"-"
"13649512513";"25/06/2026 / 11:31:02";"WINQ26";"V";"1";"0,00";"executada";"saída";"1";"175.990,00";"885,00";"0,51";"177,00"
"13649512512";"25/06/2026 / 11:06:00";"WINQ26";"C";"1";"0,00";"executada";"entrada";"1";"175.105,00";"-";"-";"-"
"13649512511";"25/06/2026 / 10:39:09";"WINQ26";"C";"1";"0,00";"executada";"saída";"1";"173.945,00";"870,00";"0,50";"174,00"
"13649512510";"25/06/2026 / 10:30:01";"WINQ26";"V";"1";"0,00";"executada";"entrada";"1";"174.815,00";"-";"-";"-"
"13649512509";"24/06/2026 / 13:00:03";"WINQ26";"V";"1";"0,00";"executada";"saída";"1";"173.105,00";"-147,50";"-0,09";"-29,50"
"13649512508";"24/06/2026 / 13:00:02";"WINQ26";"V";"1";"0,00";"executada";"saída";"1";"173.105,00";"-147,50";"-0,09";"-29,50"
"13649512507";"24/06/2026 / 13:00:01";"WINQ26";"V";"1";"0,00";"executada";"saída";"1";"173.110,00";"-142,50";"-0,08";"-28,50"
"13649512506";"24/06/2026 / 11:27:01";"WINQ26";"C";"1";"0,00";"executada";"entrada";"1";"172.825,00";"-";"-";"-"
"13649512505";"24/06/2026 / 11:20:45";"WINQ26";"C";"1";"0,00";"executada";"entrada";"1";"173.015,00";"-";"-";"-"
"13649512504";"24/06/2026 / 10:56:52";"WINQ26";"V";"1";"0,00";"executada";"saída";"1";"173.220,00";"-697,50";"-0,40";"-139,50"
"13649512503";"24/06/2026 / 10:45:00";"WINQ26";"C";"1";"0,00";"executada";"entrada";"1";"173.555,00";"-";"-";"-"
"13649512502";"24/06/2026 / 10:30:01";"WINQ26";"C";"1";"0,00";"executada";"entrada";"1";"174.280,00";"-";"-";"-"
"13649512501";"23/06/2026 / 13:00:02";"WINQ26";"C";"1";"0,00";"executada";"saída";"1";"173.870,00";"-30,00";"-0,02";"-6,00"
"13649512500";"23/06/2026 / 13:00:00";"WINQ26";"C";"1";"0,00";"executada";"saída";"1";"173.870,00";"-30,00";"-0,02";"-6,00"
"13649512499";"23/06/2026 / 11:51:00";"WINQ26";"V";"1";"0,00";"executada";"entrada";"1";"174.025,00";"-";"-";"-"
"13649512498";"23/06/2026 / 11:36:00";"WINQ26";"V";"1";"0,00";"executada";"entrada";"1";"173.655,00";"-";"-";"-"
"13649512497";"23/06/2026 / 11:01:11";"WINQ26";"V";"1";"0,00";"executada";"saída";"1";"173.145,00";"870,00";"0,51";"174,00"
"13649512496";"23/06/2026 / 10:30:01";"WINQ26";"C";"1";"0,00";"executada";"entrada";"1";"172.275,00";"-";"-";"-"
"13649512495";"22/06/2026 / 13:00:01";"WINQ26";"V";"1";"0,00";"executada";"saída";"1";"173.240,00";"450,00";"0,26";"90,00"
"13649512494";"22/06/2026 / 11:14:17";"WINQ26";"V";"1";"0,00";"executada";"saída";"1";"173.220,00";"430,00";"0,25";"86,00"
"13649512493";"22/06/2026 / 10:45:00";"WINQ26";"C";"1";"0,00";"executada";"entrada";"1";"172.320,00";"-";"-";"-"
"13649512492";"22/06/2026 / 10:30:01";"WINQ26";"C";"1";"0,00";"executada";"entrada";"1";"173.260,00";"-";"-";"-"
"13649512491";"18/06/2026 / 13:00:02";"WINQ26";"C";"1";"0,00";"executada";"saída";"1";"171.545,00";"800,00";"0,46";"160,00"
"13649512490";"18/06/2026 / 11:30:01";"WINQ26";"V";"1";"0,00";"executada";"entrada";"1";"172.345,00";"-";"-";"-"
"13649512489";"18/06/2026 / 10:50:45";"WINQ26";"V";"1";"0,00";"executada";"saída";"1";"172.385,00";"825,00";"0,48";"165,00"
"13649512488";"18/06/2026 / 10:30:00";"WINQ26";"C";"1";"0,00";"executada";"entrada";"1";"171.560,00";"-";"-";"-"
"13649512487";"17/06/2026 / 13:00:09";"WINQ26";"C";"1";"0,00";"executada";"saída";"1";"174.570,00";"-113,75";"-0,07";"-22,75"
"13649512486";"17/06/2026 / 13:00:09";"WINQ26";"C";"1";"0,00";"executada";"saída";"1";"174.580,00";"-123,75";"-0,07";"-24,75"
"13649512485";"17/06/2026 / 13:00:08";"WINQ26";"V";"1";"0,00";"executada";"entrada";"1";"174.580,00";"-";"-";"-"
"13649512484";"17/06/2026 / 11:31:03";"WINQ26";"C";"1";"0,00";"executada";"saída";"1";"174.820,00";"-487,50";"-0,28";"-97,50"
"13649512483";"17/06/2026 / 11:04:26";"WINQ26";"V";"1";"0,00";"executada";"entrada";"1";"174.495,00";"-";"-";"-"
"13649512482";"17/06/2026 / 10:48:01";"WINQ26";"V";"1";"0,00";"executada";"entrada";"1";"174.170,00";"-";"-";"-"
"13649512481";"17/06/2026 / 10:32:45";"WINQ26";"V";"1";"0,00";"executada";"saída";"1";"174.920,00";"750,00";"0,43";"150,00"
"13649512480";"17/06/2026 / 10:30:01";"WINQ26";"C";"1";"0,00";"executada";"entrada";"1";"174.170,00";"-";"-";"-"
"13649512479";"16/06/2026 / 13:00:01";"WINM26";"V";"1";"0,00";"executada";"saída";"1";"169.845,00";"380,00";"0,22";"76,00"
"13649512478";"16/06/2026 / 13:00:00";"WINM26";"V";"1";"0,00";"executada";"saída";"1";"169.850,00";"385,00";"0,23";"77,00"
"13649512477";"16/06/2026 / 11:30:04";"WINM26";"C";"1";"0,00";"executada";"entrada";"1";"169.295,00";"-";"-";"-"
"13649512476";"16/06/2026 / 10:30:01";"WINM26";"C";"1";"0,00";"executada";"entrada";"1";"169.635,00";"-";"-";"-"
"13649512475";"15/06/2026 / 13:00:04";"WINM26";"V";"1";"0,00";"executada";"saída";"1";"172.470,00";"-663,33";"-0,38";"-132,67"
"13649512474";"15/06/2026 / 13:00:03";"WINM26";"V";"1";"0,00";"executada";"saída";"1";"172.470,00";"-663,33";"-0,38";"-132,67"
"13649512473";"15/06/2026 / 13:00:01";"WINM26";"V";"1";"0,00";"executada";"saída";"1";"172.465,00";"-668,33";"-0,39";"-133,67"
"13649512472";"15/06/2026 / 11:53:50";"WINM26";"C";"1";"0,00";"executada";"entrada";"1";"172.530,00";"-";"-";"-"
"13649512471";"15/06/2026 / 11:41:41";"WINM26";"V";"1";"0,00";"executada";"saída";"1";"172.725,00";"-710,00";"-0,41";"-142,00"
"13649512470";"15/06/2026 / 11:33:36";"WINM26";"C";"1";"0,00";"executada";"entrada";"1";"173.060,00";"-";"-";"-"
"13649512469";"15/06/2026 / 11:30:37";"WINM26";"C";"1";"0,00";"executada";"entrada";"1";"173.215,00";"-";"-";"-"
"13649512468";"15/06/2026 / 11:16:51";"WINM26";"V";"1";"0,00";"executada";"saída";"1";"173.400,00";"-630,00";"-0,36";"-126,00"
"13649512467";"15/06/2026 / 10:45:00";"WINM26";"C";"1";"0,00";"executada";"entrada";"1";"173.770,00";"-";"-";"-"
"13649512466";"15/06/2026 / 10:30:01";"WINM26";"C";"1";"0,00";"executada";"entrada";"1";"174.290,00";"-";"-";"-"
"13649512465";"12/06/2026 / 13:00:01";"WINM26";"V";"1";"0,00";"executada";"saída";"1";"171.635,00";"-177,50";"-0,10";"-35,50"
"13649512464";"12/06/2026 / 11:00:30";"WINM26";"V";"1";"0,00";"executada";"saída";"1";"172.160,00";"347,50";"0,20";"69,50"
"13649512463";"12/06/2026 / 10:45:00";"WINM26";"C";"1";"0,00";"executada";"entrada";"1";"171.300,00";"-";"-";"-"
"13649512462";"12/06/2026 / 10:30:01";"WINM26";"C";"1";"0,00";"executada";"entrada";"1";"172.325,00";"-";"-";"-"
"13649512461";"11/06/2026 / 13:00:03";"WINM26";"V";"1";"0,00";"executada";"saída";"1";"168.825,00";"-457,50";"-0,27";"-91,50"
"13649512460";"11/06/2026 / 13:00:01";"WINM26";"V";"1";"0,00";"executada";"saída";"1";"168.810,00";"-472,50";"-0,28";"-94,50"
"13649512459";"11/06/2026 / 10:45:00";"WINM26";"C";"1";"0,00";"executada";"entrada";"1";"168.965,00";"-";"-";"-"
"13649512458";"11/06/2026 / 10:30:00";"WINM26";"C";"1";"0,00";"executada";"entrada";"1";"169.600,00";"-";"-";"-"
"13649512457";"10/06/2026 / 13:00:02";"WINM26";"V";"1";"0,00";"executada";"saída";"1";"168.985,00";"270,00";"0,16";"54,00"
"13649512456";"10/06/2026 / 13:00:01";"WINM26";"V";"1";"0,00";"executada";"saída";"1";"169.000,00";"285,00";"0,17";"57,00"
"13649512455";"10/06/2026 / 12:48:16";"WINM26";"C";"1";"0,00";"executada";"entrada";"1";"168.545,00";"-";"-";"-"
"13649512454";"10/06/2026 / 12:18:00";"WINM26";"C";"1";"0,00";"executada";"entrada";"1";"168.885,00";"-";"-";"-"
"13649512453";"10/06/2026 / 11:56:02";"WINM26";"C";"1";"0,00";"executada";"saída";"1";"168.545,00";"850,00";"0,50";"170,00"
"13649512452";"10/06/2026 / 11:06:01";"WINM26";"V";"1";"0,00";"executada";"entrada";"1";"169.395,00";"-";"-";"-"
"13649512451";"10/06/2026 / 10:45:02";"WINM26";"V";"1";"0,00";"executada";"saída";"1";"169.515,00";"815,00";"0,48";"163,00"
"13649512450";"10/06/2026 / 10:30:01";"WINM26";"C";"1";"0,00";"executada";"entrada";"1";"168.700,00";"-";"-";"-"
"13649512449";"09/06/2026 / 13:00:02";"WINM26";"C";"1";"0,00";"executada";"saída";"1";"169.640,00";"1.193,33";"0,70";"238,67"
"13649512448";"09/06/2026 / 12:29:41";"WINM26";"C";"1";"0,00";"executada";"saída";"1";"169.625,00";"1.208,33";"0,71";"241,67"
"13649512447";"09/06/2026 / 11:47:03";"WINM26";"C";"1";"0,00";"executada";"saída";"1";"170.310,00";"523,33";"0,31";"104,67"
"13649512446";"09/06/2026 / 11:25:16";"WINM26";"V";"1";"0,00";"executada";"entrada";"1";"171.170,00";"-";"-";"-"
"13649512445";"09/06/2026 / 11:12:06";"WINM26";"V";"1";"0,00";"executada";"entrada";"1";"171.015,00";"-";"-";"-"
"13649512444";"09/06/2026 / 11:08:12";"WINM26";"C";"1";"0,00";"executada";"saída";"1";"170.830,00";"-515,00";"-0,30";"-103,00"
"13649512443";"09/06/2026 / 10:53:11";"WINM26";"V";"1";"0,00";"executada";"entrada";"1";"170.480,00";"-";"-";"-"
"13649512442";"09/06/2026 / 10:30:01";"WINM26";"V";"1";"0,00";"executada";"entrada";"1";"170.150,00";"-";"-";"-"
"13649512441";"08/06/2026 / 13:00:01";"WINM26";"V";"1";"0,00";"executada";"saída";"1";"169.270,00";"15,00";"0,01";"3,00"
"13649512440";"08/06/2026 / 11:47:48";"WINM26";"V";"1";"0,00";"executada";"saída";"1";"169.920,00";"665,00";"0,39";"133,00"
"13649512439";"08/06/2026 / 11:00:18";"WINM26";"C";"1";"0,00";"executada";"entrada";"1";"169.080,00";"-";"-";"-"
"13649512438";"08/06/2026 / 10:30:01";"WINM26";"C";"1";"0,00";"executada";"entrada";"1";"169.430,00";"-";"-";"-"
"13649512437";"05/06/2026 / 13:00:02";"WINM26";"C";"1";"0,00";"executada";"saída";"1";"169.855,00";"867,50";"0,51";"173,50"
"13649512436";"05/06/2026 / 12:40:16";"WINM26";"C";"1";"0,00";"executada";"saída";"1";"170.010,00";"712,50";"0,42";"142,50"
"13649512435";"05/06/2026 / 11:32:42";"WINM26";"V";"1";"0,00";"executada";"entrada";"1";"170.875,00";"-";"-";"-"
"13649512434";"05/06/2026 / 11:00:02";"WINM26";"V";"1";"0,00";"executada";"entrada";"1";"170.570,00";"-";"-";"-"
"13649512433";"05/06/2026 / 10:36:18";"WINM26";"V";"1";"0,00";"executada";"saída";"1";"170.980,00";"960,00";"0,56";"192,00"
"13649512432";"05/06/2026 / 10:30:01";"WINM26";"C";"1";"0,00";"executada";"entrada";"1";"170.020,00";"-";"-";"-"
"13649512431";"03/06/2026 / 13:00:07";"WINM26";"V";"1";"0,00";"executada";"saída";"1";"171.495,00";"-228,33";"-0,13";"-45,67"
"13649512430";"03/06/2026 / 13:00:03";"WINM26";"V";"1";"0,00";"executada";"saída";"1";"171.510,00";"-213,33";"-0,12";"-42,67"
"13649512429";"03/06/2026 / 13:00:01";"WINM26";"V";"1";"0,00";"executada";"saída";"1";"171.515,00";"-208,33";"-0,12";"-41,67"
"13649512428";"03/06/2026 / 12:52:05";"WINM26";"C";"1";"0,00";"executada";"entrada";"1";"171.395,00";"-";"-";"-"
"13649512427";"03/06/2026 / 11:49:40";"WINM26";"C";"1";"0,00";"executada";"entrada";"1";"171.575,00";"-";"-";"-"
"13649512426";"03/06/2026 / 11:24:11";"WINM26";"V";"1";"0,00";"executada";"saída";"1";"171.735,00";"-465,00";"-0,27";"-93,00"
"13649512425";"03/06/2026 / 11:09:40";"WINM26";"C";"1";"0,00";"executada";"entrada";"1";"172.020,00";"-";"-";"-"
"13649512424";"03/06/2026 / 10:30:00";"WINM26";"C";"1";"0,00";"executada";"entrada";"1";"172.380,00";"-";"-";"-"
"13649512423";"02/06/2026 / 13:00:08";"WINM26";"C";"1";"0,00";"executada";"saída";"1";"175.655,00";"-392,78";"-0,22";"-78,56"
"13649512422";"02/06/2026 / 13:00:06";"WINM26";"C";"1";"0,00";"executada";"saída";"1";"175.675,00";"-412,78";"-0,24";"-82,56"
"13649512421";"02/06/2026 / 13:00:04";"WINM26";"C";"1";"0,00";"executada";"saída";"1";"175.670,00";"-407,78";"-0,23";"-81,56"
"13649512420";"02/06/2026 / 13:00:02";"WINM26";"V";"1";"0,00";"executada";"entrada";"1";"175.675,00";"-";"-";"-"
"13649512419";"02/06/2026 / 11:41:16";"WINM26";"C";"1";"0,00";"executada";"saída";"1";"175.780,00";"-724,17";"-0,41";"-144,83"
"13649512418";"02/06/2026 / 11:38:10";"WINM26";"V";"1";"0,00";"executada";"entrada";"1";"175.430,00";"-";"-";"-"
"13649512417";"02/06/2026 / 11:23:41";"WINM26";"V";"1";"0,00";"executada";"entrada";"1";"175.235,00";"-";"-";"-"
"13649512416";"02/06/2026 / 11:23:11";"WINM26";"C";"1";"0,00";"executada";"saída";"1";"175.040,00";"-537,50";"-0,31";"-107,50"
"13649512415";"02/06/2026 / 11:16:41";"WINM26";"V";"1";"0,00";"executada";"entrada";"1";"174.705,00";"-";"-";"-"
"13649512414";"02/06/2026 / 11:04:47";"WINM26";"C";"1";"0,00";"executada";"saída";"1";"173.830,00";"470,00";"0,27";"94,00"
"13649512413";"02/06/2026 / 10:45:08";"WINM26";"V";"1";"0,00";"executada";"entrada";"1";"174.710,00";"-";"-";"-"
"13649512412";"02/06/2026 / 10:30:09";"WINM26";"V";"1";"0,00";"executada";"entrada";"1";"173.890,00";"-";"-";"-"
"13649512411";"01/06/2026 / 13:00:01";"WINM26";"C";"1";"0,00";"executada";"saída";"1";"173.240,00";"362,50";"0,21";"72,50"
"13649512410";"01/06/2026 / 11:52:52";"WINM26";"C";"1";"0,00";"executada";"saída";"1";"172.885,00";"717,50";"0,41";"143,50"
"13649512409";"01/06/2026 / 11:13:58";"WINM26";"V";"1";"0,00";"executada";"entrada";"1";"173.750,00";"-";"-";"-"
"13649512408";"01/06/2026 / 10:30:01";"WINM26";"V";"1";"0,00";"executada";"entrada";"1";"173.455,00";"-";"-";"-"
"13649512407";"29/05/2026 / 13:00:01";"WINM26";"C";"1";"0,00";"executada";"saída";"1";"174.455,00";"320,00";"0,18";"64,00"
"13649512406";"29/05/2026 / 10:59:38";"WINM26";"C";"1";"0,00";"executada";"saída";"1";"174.380,00";"395,00";"0,23";"79,00"
"13649512405";"29/05/2026 / 10:45:00";"WINM26";"V";"1";"0,00";"executada";"entrada";"1";"175.245,00";"-";"-";"-"
"13649512404";"29/05/2026 / 10:30:01";"WINM26";"V";"1";"0,00";"executada";"entrada";"1";"174.305,00";"-";"-";"-"
"13649512403";"28/05/2026 / 13:00:12";"WINM26";"C";"1";"0,00";"executada";"saída";"1";"176.730,00";"218,33";"0,12";"43,67"
"13649512402";"28/05/2026 / 13:00:08";"WINM26";"C";"1";"0,00";"executada";"saída";"1";"176.705,00";"243,33";"0,14";"48,67"
"13649512401";"28/05/2026 / 13:00:05";"WINM26";"C";"1";"0,00";"executada";"saída";"1";"176.695,00";"253,33";"0,14";"50,67"
"13649512400";"28/05/2026 / 13:00:02";"WINM26";"V";"1";"0,00";"executada";"entrada";"1";"176.690,00";"-";"-";"-"
"13649512399";"28/05/2026 / 11:13:55";"WINM26";"C";"1";"0,00";"executada";"saída";"1";"177.785,00";"-707,50";"-0,40";"-141,50"
"13649512398";"28/05/2026 / 11:13:16";"WINM26";"V";"1";"0,00";"executada";"entrada";"1";"177.425,00";"-";"-";"-"
"13649512397";"28/05/2026 / 11:12:59";"WINM26";"V";"1";"0,00";"executada";"entrada";"1";"177.315,00";"-";"-";"-"
"13649512396";"28/05/2026 / 10:50:33";"WINM26";"C";"1";"0,00";"executada";"saída";"1";"177.060,00";"-567,50";"-0,32";"-113,50"
"13649512395";"28/05/2026 / 10:45:43";"WINM26";"V";"1";"0,00";"executada";"entrada";"1";"176.710,00";"-";"-";"-"
"13649512394";"28/05/2026 / 10:30:02";"WINM26";"V";"1";"0,00";"executada";"entrada";"1";"176.275,00";"-";"-";"-"
"13649512393";"27/05/2026 / 13:00:00";"WINM26";"C";"1";"0,00";"executada";"saída";"1";"177.895,00";"325,00";"0,18";"65,00"
"13649512392";"27/05/2026 / 11:07:54";"WINM26";"C";"1";"0,00";"executada";"saída";"1";"177.770,00";"450,00";"0,25";"90,00"
"13649512391";"27/05/2026 / 10:45:01";"WINM26";"V";"1";"0,00";"executada";"entrada";"1";"178.690,00";"-";"-";"-"
"13649512390";"27/05/2026 / 10:30:01";"WINM26";"V";"1";"0,00";"executada";"entrada";"1";"177.750,00";"-";"-";"-"
"13649512389";"26/05/2026 / 13:00:04";"WINM26";"V";"1";"0,00";"executada";"saída";"1";"177.325,00";"-303,33";"-0,17";"-60,67"
"13649512388";"26/05/2026 / 13:00:03";"WINM26";"V";"1";"0,00";"executada";"saída";"1";"177.310,00";"-318,33";"-0,18";"-63,67"
"13649512387";"26/05/2026 / 13:00:02";"WINM26";"V";"1";"0,00";"executada";"saída";"1";"177.335,00";"-293,33";"-0,17";"-58,67"
"13649512386";"26/05/2026 / 11:02:56";"WINM26";"C";"1";"0,00";"executada";"entrada";"1";"177.025,00";"-";"-";"-"
"13649512385";"26/05/2026 / 10:50:33";"WINM26";"C";"1";"0,00";"executada";"entrada";"1";"177.530,00";"-";"-";"-"
"13649512384";"26/05/2026 / 10:47:57";"WINM26";"V";"1";"0,00";"executada";"saída";"1";"177.730,00";"-600,00";"-0,34";"-120,00"
"13649512383";"26/05/2026 / 10:45:00";"WINM26";"C";"1";"0,00";"executada";"entrada";"1";"178.080,00";"-";"-";"-"
"13649512382";"26/05/2026 / 10:30:01";"WINM26";"C";"1";"0,00";"executada";"entrada";"1";"178.580,00";"-";"-";"-"
"13649512381";"25/05/2026 / 13:00:00";"WINM26";"C";"1";"0,00";"executada";"saída";"1";"178.235,00";"-40,00";"-0,02";"-8,00"
"13649512380";"25/05/2026 / 10:30:01";"WINM26";"V";"1";"0,00";"executada";"entrada";"1";"178.195,00";"-";"-";"-"
"13649512379";"22/05/2026 / 13:00:03";"WINM26";"V";"1";"0,00";"executada";"saída";"1";"177.060,00";"402,50";"0,23";"80,50"
"13649512378";"22/05/2026 / 13:00:02";"WINM26";"V";"1";"0,00";"executada";"saída";"1";"177.060,00";"402,50";"0,23";"80,50"
"13649512377";"22/05/2026 / 11:52:33";"WINM26";"C";"1";"0,00";"executada";"entrada";"1";"176.470,00";"-";"-";"-"
"13649512376";"22/05/2026 / 11:36:03";"WINM26";"C";"1";"0,00";"executada";"entrada";"1";"176.845,00";"-";"-";"-"
"13649512375";"22/05/2026 / 11:15:02";"WINM26";"C";"1";"0,00";"executada";"saída";"1";"176.965,00";"855,00";"0,48";"171,00"
"13649512374";"22/05/2026 / 10:30:01";"WINM26";"V";"1";"0,00";"executada";"entrada";"1";"177.820,00";"-";"-";"-"
"13649512373";"21/05/2026 / 13:00:02";"WINM26";"C";"1";"0,00";"executada";"saída";"1";"178.250,00";"58,75";"0,03";"11,75"
"13649512372";"21/05/2026 / 13:00:01";"WINM26";"C";"1";"0,00";"executada";"saída";"1";"178.245,00";"63,75";"0,04";"12,75"
"13649512371";"21/05/2026 / 10:54:05";"WINM26";"V";"1";"0,00";"executada";"entrada";"1";"178.660,00";"-";"-";"-"
"13649512370";"21/05/2026 / 10:52:05";"WINM26";"C";"1";"0,00";"executada";"saída";"1";"178.465,00";"-507,50";"-0,29";"-101,50"
"13649512369";"21/05/2026 / 10:45:01";"WINM26";"V";"1";"0,00";"executada";"entrada";"1";"178.120,00";"-";"-";"-"
"13649512368";"21/05/2026 / 10:30:02";"WINM26";"V";"1";"0,00";"executada";"entrada";"1";"177.795,00";"-";"-";"-"
"13649512367";"20/05/2026 / 13:00:01";"WINM26";"C";"1";"0,00";"executada";"saída";"1";"179.010,00";"-20,00";"-0,01";"-4,00"
"13649512366";"20/05/2026 / 13:00:00";"WINM26";"C";"1";"0,00";"executada";"saída";"1";"179.010,00";"-20,00";"-0,01";"-4,00"
"13649512365";"20/05/2026 / 12:16:48";"WINM26";"V";"1";"0,00";"executada";"entrada";"1";"179.520,00";"-";"-";"-"
"13649512364";"20/05/2026 / 12:16:14";"WINM26";"C";"1";"0,00";"executada";"saída";"1";"179.350,00";"-890,00";"-0,50";"-178,00"
"13649512363";"20/05/2026 / 11:27:00";"WINM26";"V";"1";"0,00";"executada";"entrada";"1";"178.970,00";"-";"-";"-"
"13649512362";"20/05/2026 / 11:12:00";"WINM26";"V";"1";"0,00";"executada";"entrada";"1";"177.950,00";"-";"-";"-"
"13649512361";"20/05/2026 / 10:56:21";"WINM26";"V";"1";"0,00";"executada";"saída";"1";"178.930,00";"870,00";"0,49";"174,00"
"13649512360";"20/05/2026 / 10:30:01";"WINM26";"C";"1";"0,00";"executada";"entrada";"1";"178.060,00";"-";"-";"-"
"13649512359";"19/05/2026 / 11:05:03";"WINM26";"C";"1";"0,00";"executada";"saída";"1";"177.660,00";"-995,00";"-0,56";"-199,00"
"13649512358";"19/05/2026 / 11:05:02";"WINM26";"C";"1";"0,00";"executada";"saída";"1";"177.625,00";"-960,00";"-0,54";"-192,00"
"13649512357";"19/05/2026 / 11:05:01";"WINM26";"C";"1";"0,00";"executada";"saída";"1";"177.615,00";"-950,00";"-0,54";"-190,00"
"13649512356";"19/05/2026 / 11:03:00";"WINM26";"V";"1";"0,00";"executada";"entrada";"1";"177.395,00";"-";"-";"-"
"13649512355";"19/05/2026 / 10:49:31";"WINM26";"V";"1";"0,00";"executada";"entrada";"1";"176.785,00";"-";"-";"-"
"13649512354";"19/05/2026 / 10:48:00";"WINM26";"C";"1";"0,00";"executada";"saída";"1";"176.595,00";"-780,00";"-0,44";"-156,00"
"13649512353";"19/05/2026 / 10:45:00";"WINM26";"V";"1";"0,00";"executada";"entrada";"1";"176.250,00";"-";"-";"-"
"13649512352";"19/05/2026 / 10:30:01";"WINM26";"V";"1";"0,00";"executada";"entrada";"1";"175.380,00";"-";"-";"-"
"13649512351";"18/05/2026 / 13:00:03";"WINM26";"V";"1";"0,00";"executada";"saída";"1";"178.740,00";"175,00";"0,10";"35,00"
"13649512350";"18/05/2026 / 13:00:02";"WINM26";"V";"1";"0,00";"executada";"saída";"1";"178.745,00";"180,00";"0,10";"36,00"
"13649512349";"18/05/2026 / 13:00:01";"WINM26";"C";"1";"0,00";"executada";"entrada";"1";"178.745,00";"-";"-";"-"
"13649512348";"18/05/2026 / 11:15:16";"WINM26";"V";"1";"0,00";"executada";"saída";"1";"177.845,00";"-540,00";"-0,30";"-108,00"
"13649512347";"18/05/2026 / 11:07:21";"WINM26";"C";"1";"0,00";"executada";"entrada";"1";"178.205,00";"-";"-";"-"
"13649512346";"18/05/2026 / 10:30:00";"WINM26";"C";"1";"0,00";"executada";"entrada";"1";"178.565,00";"-";"-";"-"
"13649512345";"15/05/2026 / 13:00:01";"WINM26";"C";"1";"0,00";"executada";"saída";"1";"178.480,00";"25,00";"0,01";"5,00"
"13649512344";"15/05/2026 / 11:42:00";"WINM26";"V";"1";"0,00";"executada";"entrada";"1";"178.505,00";"-";"-";"-"
"13649512343";"15/05/2026 / 11:19:58";"WINM26";"V";"1";"0,00";"executada";"saída";"1";"178.650,00";"1.092,50";"0,62";"218,50"
"13649512342";"15/05/2026 / 11:11:34";"WINM26";"V";"1";"0,00";"executada";"saída";"1";"178.245,00";"687,50";"0,39";"137,50"
"13649512341";"15/05/2026 / 10:49:50";"WINM26";"C";"1";"0,00";"executada";"entrada";"1";"177.345,00";"-";"-";"-"
"13649512340";"15/05/2026 / 10:30:01";"WINM26";"C";"1";"0,00";"executada";"entrada";"1";"177.770,00";"-";"-";"-"
"13649512339";"14/05/2026 / 13:00:01";"WINM26";"V";"1";"0,00";"executada";"saída";"1";"181.055,00";"902,50";"0,50";"180,50"
"13649512338";"14/05/2026 / 11:10:07";"WINM26";"V";"1";"0,00";"executada";"saída";"1";"180.920,00";"767,50";"0,43";"153,50"
"13649512337";"14/05/2026 / 10:46:27";"WINM26";"C";"1";"0,00";"executada";"entrada";"1";"179.985,00";"-";"-";"-"
"13649512336";"14/05/2026 / 10:30:01";"WINM26";"C";"1";"0,00";"executada";"entrada";"1";"180.320,00";"-";"-";"-"
"13649512335";"13/05/2026 / 13:00:01";"WINM26";"V";"1";"0,00";"executada";"saída";"1";"182.435,00";"1.012,50";"0,56";"202,50"
"13649512334";"13/05/2026 / 10:57:38";"WINM26";"V";"1";"0,00";"executada";"saída";"1";"182.130,00";"707,50";"0,39";"141,50"
"13649512333";"13/05/2026 / 10:45:00";"WINM26";"C";"1";"0,00";"executada";"entrada";"1";"181.225,00";"-";"-";"-"
"13649512332";"13/05/2026 / 10:30:01";"WINM26";"C";"1";"0,00";"executada";"entrada";"1";"181.620,00";"-";"-";"-"
"13649512331";"12/05/2026 / 13:00:02";"WINM26";"V";"1";"0,00";"executada";"saída";"1";"182.420,00";"-100,00";"-0,05";"-20,00"
"13649512330";"12/05/2026 / 12:00:01";"WINM26";"C";"1";"0,00";"executada";"entrada";"1";"182.520,00";"-";"-";"-"
"13649512329";"12/05/2026 / 11:29:33";"WINM26";"C";"1";"0,00";"executada";"saída";"1";"182.535,00";"945,00";"0,52";"189,00"
"13649512328";"12/05/2026 / 11:00:01";"WINM26";"V";"1";"0,00";"executada";"entrada";"1";"183.480,00";"-";"-";"-"
"13649512327";"12/05/2026 / 10:41:08";"WINM26";"V";"1";"0,00";"executada";"saída";"1";"183.995,00";"965,00";"0,53";"193,00"
"13649512326";"12/05/2026 / 10:30:02";"WINM26";"C";"1";"0,00";"executada";"entrada";"1";"183.030,00";"-";"-";"-"
"13649512325";"11/05/2026 / 12:46:06";"WINM26";"V";"1";"0,00";"executada";"saída";"1";"184.550,00";"-851,67";"-0,46";"-170,33"
"13649512324";"11/05/2026 / 12:46:02";"WINM26";"V";"1";"0,00";"executada";"saída";"1";"184.535,00";"-866,67";"-0,47";"-173,33"
"13649512323";"11/05/2026 / 12:46:01";"WINM26";"V";"1";"0,00";"executada";"saída";"1";"184.605,00";"-796,67";"-0,43";"-159,33"
"13649512322";"11/05/2026 / 12:02:11";"WINM26";"C";"1";"0,00";"executada";"entrada";"1";"184.745,00";"-";"-";"-"
"13649512321";"11/05/2026 / 11:12:33";"WINM26";"V";"1";"0,00";"executada";"saída";"1";"184.955,00";"-775,00";"-0,42";"-155,00"
"13649512320";"11/05/2026 / 11:05:36";"WINM26";"C";"1";"0,00";"executada";"entrada";"1";"185.345,00";"-";"-";"-"
"13649512319";"11/05/2026 / 10:57:11";"WINM26";"C";"1";"0,00";"executada";"entrada";"1";"185.520,00";"-";"-";"-"
"13649512318";"11/05/2026 / 10:50:31";"WINM26";"V";"1";"0,00";"executada";"saída";"1";"185.710,00";"-615,00";"-0,33";"-123,00"
"13649512317";"11/05/2026 / 10:48:03";"WINM26";"C";"1";"0,00";"executada";"entrada";"1";"186.095,00";"-";"-";"-"
"13649512316";"11/05/2026 / 10:30:04";"WINM26";"C";"1";"0,00";"executada";"entrada";"1";"186.555,00";"-";"-";"-"
"13649512315";"08/05/2026 / 13:00:01";"WINM26";"C";"1";"0,00";"executada";"saída";"1";"187.125,00";"720,00";"0,38";"144,00"
"13649512314";"08/05/2026 / 10:30:01";"WINM26";"V";"1";"0,00";"executada";"entrada";"1";"187.845,00";"-";"-";"-"
"13649512313";"07/05/2026 / 13:00:01";"WINM26";"V";"1";"0,00";"executada";"saída";"1";"186.480,00";"-185,00";"-0,10";"-37,00"
"13649512312";"07/05/2026 / 11:12:00";"WINM26";"C";"1";"0,00";"executada";"entrada";"1";"186.665,00";"-";"-";"-"
"13649512311";"07/05/2026 / 10:39:23";"WINM26";"C";"1";"0,00";"executada";"saída";"1";"187.330,00";"865,00";"0,46";"173,00"
"13649512310";"07/05/2026 / 10:30:01";"WINM26";"V";"1";"0,00";"executada";"entrada";"1";"188.195,00";"-";"-";"-"
"13649512309";"06/05/2026 / 13:00:02";"WINM26";"V";"1";"0,00";"executada";"saída";"1";"190.710,00";"165,00";"0,09";"33,00"
"13649512308";"06/05/2026 / 13:00:00";"WINM26";"V";"1";"0,00";"executada";"saída";"1";"190.710,00";"165,00";"0,09";"33,00"
"13649512307";"06/05/2026 / 11:44:31";"WINM26";"V";"1";"0,00";"executada";"saída";"1";"190.780,00";"235,00";"0,12";"47,00"
"13649512306";"06/05/2026 / 11:05:51";"WINM26";"C";"1";"0,00";"executada";"entrada";"1";"189.840,00";"-";"-";"-"
"13649512305";"06/05/2026 / 10:55:46";"WINM26";"C";"1";"0,00";"executada";"entrada";"1";"190.510,00";"-";"-";"-"
"13649512304";"06/05/2026 / 10:50:51";"WINM26";"V";"1";"0,00";"executada";"saída";"1";"190.715,00";"-570,00";"-0,30";"-114,00"
"13649512303";"06/05/2026 / 10:45:42";"WINM26";"C";"1";"0,00";"executada";"entrada";"1";"191.075,00";"-";"-";"-"
"13649512302";"06/05/2026 / 10:30:01";"WINM26";"C";"1";"0,00";"executada";"entrada";"1";"191.495,00";"-";"-";"-"
"13649512301";"05/05/2026 / 13:00:02";"WINM26";"C";"1";"0,00";"executada";"saída";"1";"190.210,00";"-442,50";"-0,23";"-88,50"
"13649512300";"05/05/2026 / 13:00:01";"WINM26";"C";"1";"0,00";"executada";"saída";"1";"190.180,00";"-412,50";"-0,22";"-82,50"
"13649512299";"05/05/2026 / 12:44:17";"WINM26";"V";"1";"0,00";"executada";"entrada";"1";"190.155,00";"-";"-";"-"
"13649512298";"05/05/2026 / 12:37:31";"WINM26";"C";"1";"0,00";"executada";"saída";"1";"189.960,00";"-580,00";"-0,31";"-116,00"
"13649512297";"05/05/2026 / 12:17:42";"WINM26";"V";"1";"0,00";"executada";"entrada";"1";"189.575,00";"-";"-";"-"
"13649512296";"05/05/2026 / 10:30:01";"WINM26";"V";"1";"0,00";"executada";"entrada";"1";"189.185,00";"-";"-";"-"
"13649512295";"04/05/2026 / 13:00:00";"WINM26";"V";"1";"0,00";"executada";"saída";"1";"189.020,00";"-105,00";"-0,06";"-21,00"
"13649512294";"04/05/2026 / 12:42:01";"WINM26";"C";"1";"0,00";"executada";"entrada";"1";"189.125,00";"-";"-";"-"
"13649512293";"04/05/2026 / 12:21:42";"WINM26";"C";"1";"0,00";"executada";"saída";"1";"189.080,00";"1.202,50";"0,63";"240,50"
"13649512292";"04/05/2026 / 12:00:04";"WINM26";"C";"1";"0,00";"executada";"saída";"1";"189.550,00";"732,50";"0,39";"146,50"
"13649512291";"04/05/2026 / 10:45:00";"WINM26";"V";"1";"0,00";"executada";"entrada";"1";"190.505,00";"-";"-";"-"
"13649512290";"04/05/2026 / 10:30:00";"WINM26";"V";"1";"0,00";"executada";"entrada";"1";"190.060,00";"-";"-";"-"
"13649512289";"30/04/2026 / 13:00:01";"WINM26";"V";"1";"0,00";"executada";"saída";"1";"190.200,00";"710,00";"0,37";"142,00"
"13649512288";"30/04/2026 / 10:30:02";"WINM26";"C";"1";"0,00";"executada";"entrada";"1";"189.490,00";"-";"-";"-"
"13649512287";"29/04/2026 / 13:00:04";"WINM26";"V";"1";"0,00";"executada";"saída";"1";"188.900,00";"-285,00";"-0,15";"-57,00"
"13649512286";"29/04/2026 / 13:00:03";"WINM26";"V";"1";"0,00";"executada";"saída";"1";"188.905,00";"-280,00";"-0,15";"-56,00"
"13649512285";"29/04/2026 / 13:00:02";"WINM26";"C";"1";"0,00";"executada";"entrada";"1";"188.915,00";"-";"-";"-"
"13649512284";"29/04/2026 / 12:53:16";"WINM26";"V";"1";"0,00";"executada";"saída";"1";"188.865,00";"-590,00";"-0,31";"-118,00"
"13649512283";"29/04/2026 / 12:37:34";"WINM26";"C";"1";"0,00";"executada";"entrada";"1";"189.250,00";"-";"-";"-"
"13649512282";"29/04/2026 / 11:18:00";"WINM26";"C";"1";"0,00";"executada";"entrada";"1";"189.660,00";"-";"-";"-"
"13649512281";"29/04/2026 / 11:00:47";"WINM26";"C";"1";"0,00";"executada";"saída";"1";"189.330,00";"995,00";"0,52";"199,00"
"13649512280";"29/04/2026 / 10:30:00";"WINM26";"V";"1";"0,00";"executada";"entrada";"1";"190.325,00";"-";"-";"-"
"13649512279";"28/04/2026 / 13:00:01";"WINM26";"C";"1";"0,00";"executada";"saída";"1";"191.830,00";"-360,00";"-0,19";"-72,00"
"13649512278";"28/04/2026 / 11:24:00";"WINM26";"V";"1";"0,00";"executada";"entrada";"1";"191.470,00";"-";"-";"-"
"13649512277";"28/04/2026 / 10:43:09";"WINM26";"V";"1";"0,00";"executada";"saída";"1";"191.875,00";"910,00";"0,48";"182,00"
"13649512276";"28/04/2026 / 10:30:02";"WINM26";"C";"1";"0,00";"executada";"entrada";"1";"190.965,00";"-";"-";"-"
"13649512275";"27/04/2026 / 13:00:02";"WINM26";"V";"1";"0,00";"executada";"saída";"1";"193.790,00";"-15,00";"-0,01";"-3,00"
"13649512274";"27/04/2026 / 13:00:01";"WINM26";"V";"1";"0,00";"executada";"saída";"1";"193.775,00";"-30,00";"-0,02";"-6,00"
"13649512273";"27/04/2026 / 12:03:47";"WINM26";"C";"1";"0,00";"executada";"entrada";"1";"193.425,00";"-";"-";"-"
"13649512272";"27/04/2026 / 11:55:09";"WINM26";"V";"1";"0,00";"executada";"saída";"1";"193.605,00";"-580,00";"-0,30";"-116,00"
"13649512271";"27/04/2026 / 10:48:54";"WINM26";"C";"1";"0,00";"executada";"entrada";"1";"193.990,00";"-";"-";"-"
"13649512270";"27/04/2026 / 10:30:01";"WINM26";"C";"1";"0,00";"executada";"entrada";"1";"194.380,00";"-";"-";"-"
"13649512269";"24/04/2026 / 13:00:02";"WINM26";"C";"1";"0,00";"executada";"saída";"1";"194.025,00";"277,50";"0,14";"55,50"
"13649512268";"24/04/2026 / 11:52:48";"WINM26";"C";"1";"0,00";"executada";"saída";"1";"193.530,00";"772,50";"0,40";"154,50"
"13649512267";"24/04/2026 / 10:52:40";"WINM26";"V";"1";"0,00";"executada";"entrada";"1";"194.495,00";"-";"-";"-"
"13649512266";"24/04/2026 / 10:30:01";"WINM26";"V";"1";"0,00";"executada";"entrada";"1";"194.110,00";"-";"-";"-"
"13649512265";"23/04/2026 / 13:00:03";"WINM26";"V";"1";"0,00";"executada";"saída";"1";"195.730,00";"-215,00";"-0,11";"-43,00"
"13649512264";"23/04/2026 / 13:00:02";"WINM26";"V";"1";"0,00";"executada";"saída";"1";"195.745,00";"-200,00";"-0,10";"-40,00"
"13649512263";"23/04/2026 / 12:04:05";"WINM26";"C";"1";"0,00";"executada";"entrada";"1";"195.755,00";"-";"-";"-"
"13649512262";"23/04/2026 / 11:12:00";"WINM26";"C";"1";"0,00";"executada";"entrada";"1";"196.135,00";"-";"-";"-"
"13649512261";"23/04/2026 / 10:46:29";"WINM26";"C";"1";"0,00";"executada";"saída";"1";"195.965,00";"775,00";"0,39";"155,00"
"13649512260";"23/04/2026 / 10:30:02";"WINM26";"V";"1";"0,00";"executada";"entrada";"1";"196.740,00";"-";"-";"-"
"13649512259";"22/04/2026 / 13:00:02";"WINM26";"V";"1";"0,00";"executada";"saída";"1";"197.460,00";"-110,00";"-0,06";"-22,00"
"13649512258";"22/04/2026 / 13:00:00";"WINM26";"V";"1";"0,00";"executada";"saída";"1";"197.445,00";"-125,00";"-0,06";"-25,00"
"13649512257";"22/04/2026 / 11:45:01";"WINM26";"C";"1";"0,00";"executada";"entrada";"1";"197.195,00";"-";"-";"-"
"13649512256";"22/04/2026 / 11:30:00";"WINM26";"C";"1";"0,00";"executada";"entrada";"1";"197.945,00";"-";"-";"-"
"13649512255";"22/04/2026 / 10:37:40";"WINM26";"C";"1";"0,00";"executada";"saída";"1";"198.335,00";"1.010,00";"0,51";"202,00"
"13649512254";"22/04/2026 / 10:30:00";"WINM26";"V";"1";"0,00";"executada";"entrada";"1";"199.345,00";"-";"-";"-"
"13649512253";"20/04/2026 / 13:00:02";"WINM26";"V";"1";"0,00";"executada";"saída";"1";"200.665,00";"702,50";"0,35";"140,50"
"13649512252";"20/04/2026 / 13:00:00";"WINM26";"V";"1";"0,00";"executada";"saída";"1";"200.655,00";"692,50";"0,35";"138,50"
"13649512251";"20/04/2026 / 11:00:40";"WINM26";"C";"1";"0,00";"executada";"entrada";"1";"199.520,00";"-";"-";"-"
"13649512250";"20/04/2026 / 10:51:46";"WINM26";"V";"1";"0,00";"executada";"saída";"1";"199.720,00";"-685,00";"-0,34";"-137,00"
"13649512249";"20/04/2026 / 10:45:00";"WINM26";"C";"1";"0,00";"executada";"entrada";"1";"200.105,00";"-";"-";"-"
"13649512248";"20/04/2026 / 10:30:01";"WINM26";"C";"1";"0,00";"executada";"entrada";"1";"200.705,00";"-";"-";"-"
"13649512247";"17/04/2026 / 13:00:02";"WINM26";"V";"1";"0,00";"executada";"saída";"1";"200.265,00";"-87,50";"-0,04";"-17,50"
"13649512246";"17/04/2026 / 13:00:01";"WINM26";"V";"1";"0,00";"executada";"saída";"1";"200.265,00";"-87,50";"-0,04";"-17,50"
"13649512245";"17/04/2026 / 12:03:50";"WINM26";"C";"1";"0,00";"executada";"entrada";"1";"200.190,00";"-";"-";"-"
"13649512244";"17/04/2026 / 11:48:00";"WINM26";"C";"1";"0,00";"executada";"entrada";"1";"200.515,00";"-";"-";"-"
"13649512243";"17/04/2026 / 11:20:22";"WINM26";"C";"1";"0,00";"executada";"saída";"1";"200.930,00";"975,00";"0,48";"195,00"
"13649512242";"17/04/2026 / 10:30:03";"WINM26";"V";"1";"0,00";"executada";"entrada";"1";"201.905,00";"-";"-";"-"
"13649512241";"16/04/2026 / 13:00:00";"WINM26";"V";"1";"0,00";"executada";"saída";"1";"201.500,00";"685,00";"0,34";"137,00"
"13649512240";"16/04/2026 / 11:42:00";"WINM26";"C";"1";"0,00";"executada";"entrada";"1";"200.815,00";"-";"-";"-"
"13649512239";"16/04/2026 / 10:57:29";"WINM26";"C";"1";"0,00";"executada";"saída";"1";"201.465,00";"1.040,00";"0,51";"208,00"
"13649512238";"16/04/2026 / 10:30:00";"WINM26";"V";"1";"0,00";"executada";"entrada";"1";"202.505,00";"-";"-";"-"
"13649512237";"15/04/2026 / 13:00:05";"WINJ26";"V";"1";"0,00";"executada";"saída";"1";"197.325,00";"-680,00";"-0,34";"-136,00"
"13649512236";"15/04/2026 / 13:00:03";"WINJ26";"V";"1";"0,00";"executada";"saída";"1";"197.335,00";"-670,00";"-0,34";"-134,00"
"13649512235";"15/04/2026 / 13:00:01";"WINJ26";"V";"1";"0,00";"executada";"saída";"1";"197.345,00";"-660,00";"-0,33";"-132,00"
"13649512234";"15/04/2026 / 11:18:48";"WINJ26";"C";"1";"0,00";"executada";"entrada";"1";"197.610,00";"-";"-";"-"
"13649512233";"15/04/2026 / 11:17:53";"WINJ26";"C";"1";"0,00";"executada";"entrada";"1";"197.800,00";"-";"-";"-"
"13649512232";"15/04/2026 / 10:52:24";"WINJ26";"V";"1";"0,00";"executada";"saída";"1";"197.990,00";"-615,00";"-0,31";"-123,00"
"13649512231";"15/04/2026 / 10:45:09";"WINJ26";"C";"1";"0,00";"executada";"entrada";"1";"198.400,00";"-";"-";"-"
"13649512230";"15/04/2026 / 10:30:02";"WINJ26";"C";"1";"0,00";"executada";"entrada";"1";"198.810,00";"-";"-";"-"
"13649512229";"14/04/2026 / 13:00:02";"WINJ26";"V";"1";"0,00";"executada";"saída";"1";"198.535,00";"-180,00";"-0,09";"-36,00"
"13649512228";"14/04/2026 / 13:00:01";"WINJ26";"V";"1";"0,00";"executada";"saída";"1";"198.565,00";"-150,00";"-0,08";"-30,00"
"13649512227";"14/04/2026 / 12:09:54";"WINJ26";"C";"1";"0,00";"executada";"entrada";"1";"198.485,00";"-";"-";"-"
"13649512226";"14/04/2026 / 10:30:01";"WINJ26";"C";"1";"0,00";"executada";"entrada";"1";"198.945,00";"-";"-";"-"
"13649512225";"13/04/2026 / 13:00:01";"WINJ26";"V";"1";"0,00";"executada";"saída";"1";"196.850,00";"-230,00";"-0,12";"-46,00"
"13649512224";"13/04/2026 / 13:00:00";"WINJ26";"V";"1";"0,00";"executada";"saída";"1";"196.835,00";"-245,00";"-0,12";"-49,00"
"13649512223";"13/04/2026 / 10:45:00";"WINJ26";"C";"1";"0,00";"executada";"entrada";"1";"196.765,00";"-";"-";"-"
"13649512222";"13/04/2026 / 10:30:01";"WINJ26";"C";"1";"0,00";"executada";"entrada";"1";"197.395,00";"-";"-";"-"
"13649512221";"10/04/2026 / 13:00:01";"WINJ26";"C";"1";"0,00";"executada";"saída";"1";"196.765,00";"825,00";"0,42";"165,00"
"13649512220";"10/04/2026 / 11:12:00";"WINJ26";"V";"1";"0,00";"executada";"entrada";"1";"197.590,00";"-";"-";"-"
"13649512219";"10/04/2026 / 10:56:27";"WINJ26";"V";"1";"0,00";"executada";"saída";"1";"197.725,00";"985,00";"0,50";"197,00"
"13649512218";"10/04/2026 / 10:30:01";"WINJ26";"C";"1";"0,00";"executada";"entrada";"1";"196.740,00";"-";"-";"-"
"13649512217";"09/04/2026 / 13:00:01";"WINJ26";"C";"1";"0,00";"executada";"saída";"1";"195.415,00";"-143,75";"-0,07";"-28,75"
"13649512216";"09/04/2026 / 13:00:00";"WINJ26";"C";"1";"0,00";"executada";"saída";"1";"195.435,00";"-163,75";"-0,08";"-32,75"
"13649512215";"09/04/2026 / 12:32:50";"WINJ26";"V";"1";"0,00";"executada";"entrada";"1";"195.660,00";"-";"-";"-"
"13649512214";"09/04/2026 / 12:32:39";"WINJ26";"C";"1";"0,00";"executada";"saída";"1";"195.450,00";"-567,50";"-0,29";"-113,50"
"13649512213";"09/04/2026 / 12:17:49";"WINJ26";"V";"1";"0,00";"executada";"entrada";"1";"195.070,00";"-";"-";"-"
"13649512212";"09/04/2026 / 11:00:00";"WINJ26";"V";"1";"0,00";"executada";"entrada";"1";"194.695,00";"-";"-";"-"
"13649512211";"09/04/2026 / 10:42:39";"WINJ26";"V";"1";"0,00";"executada";"saída";"1";"194.925,00";"950,00";"0,49";"190,00"
"13649512210";"09/04/2026 / 10:30:01";"WINJ26";"C";"1";"0,00";"executada";"entrada";"1";"193.975,00";"-";"-";"-"
"13649512209";"08/04/2026 / 13:00:01";"WINJ26";"V";"1";"0,00";"executada";"saída";"1";"192.665,00";"690,00";"0,36";"138,00"
"13649512208";"08/04/2026 / 12:58:34";"WINJ26";"V";"1";"0,00";"executada";"saída";"1";"192.755,00";"780,00";"0,41";"156,00"
"13649512207";"08/04/2026 / 11:30:37";"WINJ26";"C";"1";"0,00";"executada";"entrada";"1";"191.765,00";"-";"-";"-"
"13649512206";"08/04/2026 / 11:00:00";"WINJ26";"C";"1";"0,00";"executada";"entrada";"1";"192.185,00";"-";"-";"-"
"13649512205";"08/04/2026 / 10:41:15";"WINJ26";"C";"1";"0,00";"executada";"saída";"1";"192.495,00";"975,00";"0,50";"195,00"
"13649512204";"08/04/2026 / 10:30:43";"WINJ26";"V";"1";"0,00";"executada";"entrada";"1";"193.470,00";"-";"-";"-"
"13649512203";"07/04/2026 / 13:00:02";"WINJ26";"V";"1";"0,00";"executada";"saída";"1";"187.570,00";"638,33";"0,34";"127,67"
"13649512202";"07/04/2026 / 13:00:01";"WINJ26";"V";"1";"0,00";"executada";"saída";"1";"187.560,00";"628,33";"0,34";"125,67"
"13649512201";"07/04/2026 / 11:26:47";"WINJ26";"V";"1";"0,00";"executada";"saída";"1";"187.405,00";"473,33";"0,25";"94,67"
"13649512200";"07/04/2026 / 11:06:16";"WINJ26";"C";"1";"0,00";"executada";"entrada";"1";"186.480,00";"-";"-";"-"
"13649512199";"07/04/2026 / 10:47:49";"WINJ26";"C";"1";"0,00";"executada";"entrada";"1";"186.685,00";"-";"-";"-"
"13649512198";"07/04/2026 / 10:47:11";"WINJ26";"V";"1";"0,00";"executada";"saída";"1";"186.875,00";"-755,00";"-0,40";"-151,00"
"13649512197";"07/04/2026 / 10:45:00";"WINJ26";"C";"1";"0,00";"executada";"entrada";"1";"187.255,00";"-";"-";"-"
"13649512196";"07/04/2026 / 10:30:01";"WINJ26";"C";"1";"0,00";"executada";"entrada";"1";"188.005,00";"-";"-";"-"
"13649512195";"06/04/2026 / 13:00:02";"WINJ26";"C";"1";"0,00";"executada";"saída";"1";"189.055,00";"197,50";"0,10";"39,50"
"13649512194";"06/04/2026 / 12:13:37";"WINJ26";"C";"1";"0,00";"executada";"saída";"1";"188.685,00";"567,50";"0,30";"113,50"
"13649512193";"06/04/2026 / 10:45:00";"WINJ26";"V";"1";"0,00";"executada";"entrada";"1";"189.660,00";"-";"-";"-"
"13649512192";"06/04/2026 / 10:30:01";"WINJ26";"V";"1";"0,00";"executada";"entrada";"1";"188.845,00";"-";"-";"-"
"13649512191";"02/04/2026 / 13:00:02";"WINJ26";"C";"1";"0,00";"executada";"saída";"1";"188.900,00";"519,17";"0,27";"103,83"
"13649512190";"02/04/2026 / 13:00:01";"WINJ26";"C";"1";"0,00";"executada";"saída";"1";"188.900,00";"519,17";"0,27";"103,83"
"13649512189";"02/04/2026 / 12:50:48";"WINJ26";"C";"1";"0,00";"executada";"saída";"1";"188.980,00";"439,17";"0,23";"87,83"
"13649512188";"02/04/2026 / 12:16:17";"WINJ26";"V";"1";"0,00";"executada";"entrada";"1";"189.930,00";"-";"-";"-"
"13649512187";"02/04/2026 / 12:16:04";"WINJ26";"V";"1";"0,00";"executada";"entrada";"1";"189.840,00";"-";"-";"-"
"13649512186";"02/04/2026 / 11:40:07";"WINJ26";"C";"1";"0,00";"executada";"saída";"1";"189.560,00";"-1.072,50";"-0,57";"-214,50"
"13649512185";"02/04/2026 / 11:39:30";"WINJ26";"V";"1";"0,00";"executada";"entrada";"1";"189.210,00";"-";"-";"-"
"13649512184";"02/04/2026 / 11:24:00";"WINJ26";"V";"1";"0,00";"executada";"entrada";"1";"187.765,00";"-";"-";"-"
"13649512183";"02/04/2026 / 10:54:48";"WINJ26";"V";"1";"0,00";"executada";"saída";"1";"187.295,00";"900,00";"0,48";"180,00"
"13649512182";"02/04/2026 / 10:30:02";"WINJ26";"C";"1";"0,00";"executada";"entrada";"1";"186.395,00";"-";"-";"-"
"13649512181";"01/04/2026 / 13:00:03";"WINJ26";"V";"1";"0,00";"executada";"saída";"1";"189.385,00";"735,00";"0,39";"147,00"
"13649512180";"01/04/2026 / 13:00:01";"WINJ26";"V";"1";"0,00";"executada";"saída";"1";"189.390,00";"740,00";"0,39";"148,00"
"13649512179";"01/04/2026 / 11:59:12";"WINJ26";"V";"1";"0,00";"executada";"saída";"1";"189.230,00";"580,00";"0,31";"116,00"
"13649512178";"01/04/2026 / 11:24:41";"WINJ26";"C";"1";"0,00";"executada";"entrada";"1";"188.275,00";"-";"-";"-"
"13649512177";"01/04/2026 / 11:11:53";"WINJ26";"C";"1";"0,00";"executada";"entrada";"1";"188.440,00";"-";"-";"-"
"13649512176";"01/04/2026 / 11:01:14";"WINJ26";"V";"1";"0,00";"executada";"saída";"1";"188.625,00";"-610,00";"-0,32";"-122,00"
"13649512175";"01/04/2026 / 11:00:32";"WINJ26";"C";"1";"0,00";"executada";"entrada";"1";"189.055,00";"-";"-";"-"
"13649512174";"01/04/2026 / 10:30:01";"WINJ26";"C";"1";"0,00";"executada";"entrada";"1";"189.415,00";"-";"-";"-"
"13649512173";"31/03/2026 / 13:00:01";"WINJ26";"V";"1";"0,00";"executada";"saída";"1";"186.115,00";"0,00";"0,00";"0,00"
"13649512172";"31/03/2026 / 13:00:00";"WINJ26";"V";"1";"0,00";"executada";"saída";"1";"186.110,00";"-5,00";"-0,00";"-1,00"
"13649512171";"31/03/2026 / 12:27:44";"WINJ26";"C";"1";"0,00";"executada";"entrada";"1";"185.935,00";"-";"-";"-"
"13649512170";"31/03/2026 / 12:12:00";"WINJ26";"C";"1";"0,00";"executada";"entrada";"1";"186.295,00";"-";"-";"-"
"13649512169";"31/03/2026 / 11:52:40";"WINJ26";"C";"1";"0,00";"executada";"saída";"1";"185.425,00";"1.515,00";"0,81";"303,00"
"13649512168";"31/03/2026 / 11:43:43";"WINJ26";"C";"1";"0,00";"executada";"saída";"1";"185.675,00";"1.265,00";"0,68";"253,00"
"13649512167";"31/03/2026 / 10:53:46";"WINJ26";"V";"1";"0,00";"executada";"entrada";"1";"187.315,00";"-";"-";"-"
"13649512166";"31/03/2026 / 10:52:56";"WINJ26";"C";"1";"0,00";"executada";"saída";"1";"187.120,00";"-555,00";"-0,30";"-111,00"
"13649512165";"31/03/2026 / 10:45:54";"WINJ26";"V";"1";"0,00";"executada";"entrada";"1";"186.745,00";"-";"-";"-"
"13649512164";"31/03/2026 / 10:30:00";"WINJ26";"V";"1";"0,00";"executada";"entrada";"1";"186.385,00";"-";"-";"-"
"13649512163";"30/03/2026 / 13:00:01";"WINJ26";"C";"1";"0,00";"executada";"saída";"1";"185.210,00";"-181,25";"-0,10";"-36,25"
"13649512162";"30/03/2026 / 13:00:01";"WINJ26";"C";"1";"0,00";"executada";"saída";"1";"185.200,00";"-171,25";"-0,09";"-34,25"
"13649512161";"30/03/2026 / 13:00:00";"WINJ26";"V";"1";"0,00";"executada";"entrada";"1";"185.190,00";"-";"-";"-"
"13649512160";"30/03/2026 / 12:43:12";"WINJ26";"C";"1";"0,00";"executada";"saída";"1";"185.440,00";"-572,50";"-0,31";"-114,50"
"13649512159";"30/03/2026 / 12:33:24";"WINJ26";"V";"1";"0,00";"executada";"entrada";"1";"185.065,00";"-";"-";"-"
"13649512158";"30/03/2026 / 12:18:00";"WINJ26";"V";"1";"0,00";"executada";"entrada";"1";"184.670,00";"-";"-";"-"
"13649512157";"30/03/2026 / 11:59:21";"WINJ26";"V";"1";"0,00";"executada";"saída";"1";"185.010,00";"930,00";"0,51";"186,00"
"13649512156";"30/03/2026 / 11:36:00";"WINJ26";"C";"1";"0,00";"executada";"entrada";"1";"184.080,00";"-";"-";"-"
"13649512155";"30/03/2026 / 10:58:41";"WINJ26";"C";"1";"0,00";"executada";"saída";"1";"183.375,00";"1.142,50";"0,62";"228,50"
"13649512154";"30/03/2026 / 10:55:27";"WINJ26";"C";"1";"0,00";"executada";"saída";"1";"183.825,00";"692,50";"0,38";"138,50"
"13649512153";"30/03/2026 / 10:45:00";"WINJ26";"V";"1";"0,00";"executada";"entrada";"1";"184.755,00";"-";"-";"-"
"13649512152";"30/03/2026 / 10:30:00";"WINJ26";"V";"1";"0,00";"executada";"entrada";"1";"184.280,00";"-";"-";"-"
"13649512151";"27/03/2026 / 13:00:04";"WINJ26";"C";"1";"0,00";"executada";"saída";"1";"183.870,00";"-19,44";"-0,01";"-3,89"
"13649512150";"27/03/2026 / 13:00:03";"WINJ26";"C";"1";"0,00";"executada";"saída";"1";"183.860,00";"-9,44";"-0,01";"-1,89"
"13649512149";"27/03/2026 / 13:00:02";"WINJ26";"C";"1";"0,00";"executada";"saída";"1";"183.870,00";"-19,44";"-0,01";"-3,89"
"13649512148";"27/03/2026 / 13:00:00";"WINJ26";"V";"1";"0,00";"executada";"entrada";"1";"183.890,00";"-";"-";"-"
"13649512147";"27/03/2026 / 12:06:14";"WINJ26";"C";"1";"0,00";"executada";"saída";"1";"184.635,00";"-804,17";"-0,44";"-160,83"
"13649512146";"27/03/2026 / 12:05:25";"WINJ26";"V";"1";"0,00";"executada";"entrada";"1";"184.285,00";"-";"-";"-"
"13649512145";"27/03/2026 / 11:52:46";"WINJ26";"V";"1";"0,00";"executada";"entrada";"1";"183.985,00";"-";"-";"-"
"13649512144";"27/03/2026 / 11:50:25";"WINJ26";"C";"1";"0,00";"executada";"saída";"1";"183.790,00";"-567,50";"-0,31";"-113,50"
"13649512143";"27/03/2026 / 11:27:05";"WINJ26";"V";"1";"0,00";"executada";"entrada";"1";"183.400,00";"-";"-";"-"
"13649512142";"27/03/2026 / 11:12:00";"WINJ26";"V";"1";"0,00";"executada";"entrada";"1";"183.045,00";"-";"-";"-"
"13649512141";"27/03/2026 / 10:47:02";"WINJ26";"V";"1";"0,00";"executada";"saída";"1";"183.470,00";"845,00";"0,46";"169,00"
"13649512140";"27/03/2026 / 10:30:03";"WINJ26";"C";"1";"0,00";"executada";"entrada";"1";"182.625,00";"-";"-";"-"
"13649512139";"26/03/2026 / 13:00:00";"WINJ26";"C";"1";"0,00";"executada";"saída";"1";"185.455,00";"5,00";"0,00";"1,00"
"13649512138";"26/03/2026 / 11:42:00";"WINJ26";"V";"1";"0,00";"executada";"entrada";"1";"185.460,00";"-";"-";"-"
"13649512137";"26/03/2026 / 11:19:42";"WINJ26";"V";"1";"0,00";"executada";"saída";"1";"186.100,00";"875,00";"0,47";"175,00"
"13649512136";"26/03/2026 / 10:30:02";"WINJ26";"C";"1";"0,00";"executada";"entrada";"1";"185.225,00";"-";"-";"-"
"13649512135";"25/03/2026 / 13:00:03";"WINJ26";"C";"1";"0,00";"executada";"saída";"1";"186.875,00";"-26,25";"-0,01";"-5,25"
"13649512134";"25/03/2026 / 13:00:02";"WINJ26";"C";"1";"0,00";"executada";"saída";"1";"186.865,00";"-16,25";"-0,01";"-3,25"
"13649512133";"25/03/2026 / 11:46:52";"WINJ26";"V";"1";"0,00";"executada";"entrada";"1";"187.245,00";"-";"-";"-"
"13649512132";"25/03/2026 / 11:44:29";"WINJ26";"C";"1";"0,00";"executada";"saída";"1";"187.040,00";"-587,50";"-0,32";"-117,50"
"13649512131";"25/03/2026 / 11:22:11";"WINJ26";"V";"1";"0,00";"executada";"entrada";"1";"186.635,00";"-";"-";"-"
"13649512130";"25/03/2026 / 10:54:00";"WINJ26";"V";"1";"0,00";"executada";"entrada";"1";"186.270,00";"-";"-";"-"
"13649512129";"25/03/2026 / 10:37:22";"WINJ26";"V";"1";"0,00";"executada";"saída";"1";"187.010,00";"885,00";"0,48";"177,00"
"13649512128";"25/03/2026 / 10:30:01";"WINJ26";"C";"1";"0,00";"executada";"entrada";"1";"186.125,00";"-";"-";"-"
"13649512127";"24/03/2026 / 11:08:49";"WINJ26";"C";"1";"0,00";"executada";"saída";"1";"183.135,00";"-813,33";"-0,45";"-162,67"
"13649512126";"24/03/2026 / 11:08:49";"WINJ26";"C";"1";"0,00";"executada";"saída";"1";"183.135,00";"-813,33";"-0,45";"-162,67"
"13649512125";"24/03/2026 / 11:08:47";"WINJ26";"C";"1";"0,00";"executada";"saída";"1";"183.145,00";"-823,33";"-0,45";"-164,67"
"13649512124";"24/03/2026 / 11:07:46";"WINJ26";"V";"1";"0,00";"executada";"entrada";"1";"182.945,00";"-";"-";"-"
"13649512123";"24/03/2026 / 11:05:00";"WINJ26";"C";"1";"0,00";"executada";"saída";"1";"182.755,00";"-745,00";"-0,41";"-149,00"
"13649512122";"24/03/2026 / 11:01:20";"WINJ26";"V";"1";"0,00";"executada";"entrada";"1";"182.380,00";"-";"-";"-"
"13649512121";"24/03/2026 / 10:59:19";"WINJ26";"V";"1";"0,00";"executada";"entrada";"1";"182.185,00";"-";"-";"-"
"13649512120";"24/03/2026 / 10:46:20";"WINJ26";"C";"1";"0,00";"executada";"saída";"1";"181.970,00";"-505,00";"-0,28";"-101,00"
"13649512119";"24/03/2026 / 10:45:39";"WINJ26";"V";"1";"0,00";"executada";"entrada";"1";"181.615,00";"-";"-";"-"
"13649512118";"24/03/2026 / 10:30:02";"WINJ26";"V";"1";"0,00";"executada";"entrada";"1";"181.315,00";"-";"-";"-"
"13649512117";"20/03/2026 / 13:00:00";"WINJ26";"C";"1";"185.890,00";"executada";"saída";"1";"185.890,00";"140,00";"0,08";"28,00"
"13649512116";"20/03/2026 / 12:42:00";"WINJ26";"V";"1";"186.030,00";"executada";"entrada";"1";"186.030,00";"-";"-";"-"
"13649512115";"20/03/2026 / 12:23:03";"WINJ26";"V";"1";"186.610,00";"executada";"saída";"1";"186.610,00";"930,00";"0,50";"186,00"
"13649512114";"20/03/2026 / 11:24:00";"WINJ26";"C";"1";"185.680,00";"executada";"entrada";"1";"185.680,00";"-";"-";"-"
"13649512113";"20/03/2026 / 10:52:05";"WINJ26";"C";"1";"186.805,00";"executada";"saída";"1";"186.805,00";"940,00";"0,50";"188,00"
"13649512112";"20/03/2026 / 10:30:00";"WINJ26";"V";"1";"187.745,00";"executada";"entrada";"1";"187.745,00";"-";"-";"-"
"13649512111";"19/03/2026 / 13:00:00";"WINJ26";"C";"1";"188.150,00";"executada";"saída";"1";"188.150,00";"95,00";"0,05";"19,00"
"13649512110";"19/03/2026 / 13:00:00";"WINJ26";"C";"1";"188.150,00";"executada";"saída";"1";"188.150,00";"95,00";"0,05";"19,00"
"13649512109";"19/03/2026 / 12:05:06";"WINJ26";"V";"1";"188.630,00";"executada";"entrada";"1";"188.630,00";"-";"-";"-"
"13649512108";"19/03/2026 / 12:05:04";"WINJ26";"C";"1";"188.430,00";"executada";"saída";"1";"188.430,00";"-570,00";"-0,30";"-114,00"
"13649512107";"19/03/2026 / 11:35:08";"WINJ26";"V";"1";"188.050,00";"executada";"entrada";"1";"188.050,00";"-";"-";"-"
"13649512106";"19/03/2026 / 11:18:00";"WINJ26";"V";"1";"187.670,00";"executada";"entrada";"1";"187.670,00";"-";"-";"-"
"13649512105";"19/03/2026 / 10:38:04";"WINJ26";"V";"1";"187.150,00";"executada";"saída";"1";"187.150,00";"985,00";"0,53";"197,00"
"13649512104";"19/03/2026 / 10:30:00";"WINJ26";"C";"1";"186.165,00";"executada";"entrada";"1";"186.165,00";"-";"-";"-"
"13649512103";"18/03/2026 / 13:00:00";"WINJ26";"C";"1";"189.500,00";"executada";"saída";"1";"189.500,00";"621,25";"0,33";"124,25"
"13649512102";"18/03/2026 / 13:00:00";"WINJ26";"C";"1";"189.500,00";"executada";"saída";"1";"189.500,00";"621,25";"0,33";"124,25"
"13649512101";"18/03/2026 / 11:07:05";"WINJ26";"V";"1";"190.510,00";"executada";"entrada";"1";"190.510,00";"-";"-";"-"
"13649512100";"18/03/2026 / 11:00:06";"WINJ26";"C";"1";"190.310,00";"executada";"saída";"1";"190.310,00";"-577,50";"-0,30";"-115,50"
"13649512099";"18/03/2026 / 10:58:10";"WINJ26";"V";"1";"189.920,00";"executada";"entrada";"1";"189.920,00";"-";"-";"-"
"13649512098";"18/03/2026 / 10:30:00";"WINJ26";"V";"1";"189.545,00";"executada";"entrada";"1";"189.545,00";"-";"-";"-"
"13649512097";"17/03/2026 / 13:00:00";"WINJ26";"V";"1";"190.240,00";"executada";"saída";"1";"190.240,00";"-273,33";"-0,14";"-54,67"
"13649512096";"17/03/2026 / 13:00:00";"WINJ26";"V";"1";"190.240,00";"executada";"saída";"1";"190.240,00";"-273,33";"-0,14";"-54,67"
"13649512095";"17/03/2026 / 13:00:00";"WINJ26";"V";"1";"190.240,00";"executada";"saída";"1";"190.240,00";"-273,33";"-0,14";"-54,67"
"13649512094";"17/03/2026 / 12:30:08";"WINJ26";"C";"1";"190.040,00";"executada";"entrada";"1";"190.040,00";"-";"-";"-"
"13649512093";"17/03/2026 / 12:18:03";"WINJ26";"C";"1";"190.350,00";"executada";"entrada";"1";"190.350,00";"-";"-";"-"
"13649512092";"17/03/2026 / 12:15:08";"WINJ26";"V";"1";"190.560,00";"executada";"saída";"1";"190.560,00";"-590,00";"-0,31";"-118,00"
"13649512091";"17/03/2026 / 12:07:07";"WINJ26";"C";"1";"190.960,00";"executada";"entrada";"1";"190.960,00";"-";"-";"-"
"13649512090";"17/03/2026 / 10:30:00";"WINJ26";"C";"1";"191.340,00";"executada";"entrada";"1";"191.340,00";"-";"-";"-"
"13649512089";"16/03/2026 / 13:00:00";"WINJ26";"C";"1";"189.650,00";"executada";"saída";"1";"189.650,00";"740,00";"0,39";"148,00"
"13649512088";"16/03/2026 / 11:33:09";"WINJ26";"C";"1";"189.875,00";"executada";"saída";"1";"189.875,00";"515,00";"0,27";"103,00"
"13649512087";"16/03/2026 / 10:45:00";"WINJ26";"V";"1";"190.840,00";"executada";"entrada";"1";"190.840,00";"-";"-";"-"
"13649512086";"16/03/2026 / 10:30:00";"WINJ26";"V";"1";"189.940,00";"executada";"entrada";"1";"189.940,00";"-";"-";"-"
"13649512085";"13/03/2026 / 12:19:07";"WINJ26";"V";"1";"188.555,00";"executada";"saída";"1";"188.555,00";"-793,33";"-0,42";"-158,67"
"13649512084";"13/03/2026 / 12:19:07";"WINJ26";"V";"1";"188.555,00";"executada";"saída";"1";"188.555,00";"-793,33";"-0,42";"-158,67"
"13649512083";"13/03/2026 / 12:19:07";"WINJ26";"V";"1";"188.555,00";"executada";"saída";"1";"188.555,00";"-793,33";"-0,42";"-158,67"
"13649512082";"13/03/2026 / 12:06:08";"WINJ26";"C";"1";"188.685,00";"executada";"entrada";"1";"188.685,00";"-";"-";"-"
"13649512081";"13/03/2026 / 11:56:05";"WINJ26";"V";"1";"188.875,00";"executada";"saída";"1";"188.875,00";"-805,00";"-0,42";"-161,00"
"13649512080";"13/03/2026 / 11:40:06";"WINJ26";"C";"1";"189.285,00";"executada";"entrada";"1";"189.285,00";"-";"-";"-"
"13649512079";"13/03/2026 / 11:18:07";"WINJ26";"C";"1";"189.485,00";"executada";"entrada";"1";"189.485,00";"-";"-";"-"
"13649512078";"13/03/2026 / 11:16:08";"WINJ26";"V";"1";"189.685,00";"executada";"saída";"1";"189.685,00";"-585,00";"-0,31";"-117,00"
"13649512077";"13/03/2026 / 11:06:01";"WINJ26";"C";"1";"190.075,00";"executada";"entrada";"1";"190.075,00";"-";"-";"-"
"13649512076";"13/03/2026 / 10:30:00";"WINJ26";"C";"1";"190.465,00";"executada";"entrada";"1";"190.465,00";"-";"-";"-"
"13649512075";"12/03/2026 / 12:12:07";"WINJ26";"V";"1";"188.180,00";"executada";"saída";"1";"188.180,00";"-833,33";"-0,44";"-166,67"
"13649512074";"12/03/2026 / 12:12:07";"WINJ26";"V";"1";"188.180,00";"executada";"saída";"1";"188.180,00";"-833,33";"-0,44";"-166,67"
"13649512073";"12/03/2026 / 12:12:07";"WINJ26";"V";"1";"188.180,00";"executada";"saída";"1";"188.180,00";"-833,33";"-0,44";"-166,67"
"13649512072";"12/03/2026 / 12:10:06";"WINJ26";"C";"1";"188.410,00";"executada";"entrada";"1";"188.410,00";"-";"-";"-"
"13649512071";"12/03/2026 / 12:01:05";"WINJ26";"C";"1";"188.565,00";"executada";"entrada";"1";"188.565,00";"-";"-";"-"
"13649512070";"12/03/2026 / 11:54:06";"WINJ26";"V";"1";"188.800,00";"executada";"saída";"1";"188.800,00";"-1.265,00";"-0,67";"-253,00"
"13649512069";"12/03/2026 / 10:45:00";"WINJ26";"C";"1";"189.210,00";"executada";"entrada";"1";"189.210,00";"-";"-";"-"
"13649512068";"12/03/2026 / 10:30:00";"WINJ26";"C";"1";"190.920,00";"executada";"entrada";"1";"190.920,00";"-";"-";"-"
"13649512067";"11/03/2026 / 13:00:00";"WINJ26";"V";"1";"193.190,00";"executada";"saída";"1";"193.190,00";"-425,83";"-0,22";"-85,17"
"13649512066";"11/03/2026 / 13:00:00";"WINJ26";"V";"1";"193.190,00";"executada";"saída";"1";"193.190,00";"-425,83";"-0,22";"-85,17"
"13649512065";"11/03/2026 / 13:00:00";"WINJ26";"V";"1";"193.190,00";"executada";"saída";"1";"193.190,00";"-425,83";"-0,22";"-85,17"
"13649512064";"11/03/2026 / 12:56:10";"WINJ26";"C";"1";"193.215,00";"executada";"entrada";"1";"193.215,00";"-";"-";"-"
"13649512063";"11/03/2026 / 12:33:10";"WINJ26";"C";"1";"193.405,00";"executada";"entrada";"1";"193.405,00";"-";"-";"-"
"13649512062";"11/03/2026 / 12:31:03";"WINJ26";"V";"1";"193.615,00";"executada";"saída";"1";"193.615,00";"-612,50";"-0,32";"-122,50"
"13649512061";"11/03/2026 / 12:27:00";"WINJ26";"C";"1";"194.035,00";"executada";"entrada";"1";"194.035,00";"-";"-";"-"
"13649512060";"11/03/2026 / 12:12:00";"WINJ26";"C";"1";"194.420,00";"executada";"entrada";"1";"194.420,00";"-";"-";"-"
"13649512059";"11/03/2026 / 11:52:07";"WINJ26";"C";"1";"194.250,00";"executada";"saída";"1";"194.250,00";"995,00";"0,51";"199,00"
"13649512058";"11/03/2026 / 11:18:00";"WINJ26";"V";"1";"195.245,00";"executada";"entrada";"1";"195.245,00";"-";"-";"-"
"13649512057";"11/03/2026 / 10:42:06";"WINJ26";"V";"1";"194.705,00";"executada";"saída";"1";"194.705,00";"970,00";"0,50";"194,00"
"13649512056";"11/03/2026 / 10:30:00";"WINJ26";"C";"1";"193.735,00";"executada";"entrada";"1";"193.735,00";"-";"-";"-"
"13649512055";"10/03/2026 / 13:00:00";"WINJ26";"C";"1";"194.065,00";"executada";"saída";"1";"194.065,00";"-137,50";"-0,07";"-27,50"
"13649512054";"10/03/2026 / 13:00:00";"WINJ26";"C";"1";"194.065,00";"executada";"saída";"1";"194.065,00";"-137,50";"-0,07";"-27,50"
"13649512053";"10/03/2026 / 12:57:07";"WINJ26";"V";"1";"194.120,00";"executada";"entrada";"1";"194.120,00";"-";"-";"-"
"13649512052";"10/03/2026 / 12:12:00";"WINJ26";"V";"1";"193.735,00";"executada";"entrada";"1";"193.735,00";"-";"-";"-"
"13649512051";"10/03/2026 / 11:41:04";"WINJ26";"V";"1";"192.585,00";"executada";"saída";"1";"192.585,00";"1.557,50";"0,82";"311,50"
"13649512050";"10/03/2026 / 11:34:08";"WINJ26";"V";"1";"192.205,00";"executada";"saída";"1";"192.205,00";"1.177,50";"0,62";"235,50"
"13649512049";"10/03/2026 / 11:11:11";"WINJ26";"C";"1";"190.620,00";"executada";"entrada";"1";"190.620,00";"-";"-";"-"
"13649512048";"10/03/2026 / 11:07:05";"WINJ26";"V";"1";"190.820,00";"executada";"saída";"1";"190.820,00";"-615,00";"-0,32";"-123,00"
"13649512047";"10/03/2026 / 10:46:00";"WINJ26";"C";"1";"191.245,00";"executada";"entrada";"1";"191.245,00";"-";"-";"-"
"13649512046";"10/03/2026 / 10:30:00";"WINJ26";"C";"1";"191.625,00";"executada";"entrada";"1";"191.625,00";"-";"-";"-"
"13649512045";"09/03/2026 / 13:00:00";"WINJ26";"C";"1";"189.715,00";"executada";"saída";"1";"189.715,00";"115,00";"0,06";"23,00"
"13649512044";"09/03/2026 / 12:36:00";"WINJ26";"V";"1";"189.830,00";"executada";"entrada";"1";"189.830,00";"-";"-";"-"
"13649512043";"09/03/2026 / 12:15:05";"WINJ26";"V";"1";"189.575,00";"executada";"saída";"1";"189.575,00";"945,00";"0,50";"189,00"
"13649512042";"09/03/2026 / 11:24:00";"WINJ26";"C";"1";"188.630,00";"executada";"entrada";"1";"188.630,00";"-";"-";"-"
"13649512041";"09/03/2026 / 11:06:00";"WINJ26";"C";"1";"188.025,00";"executada";"saída";"1";"188.025,00";"945,00";"0,50";"189,00"
"13649512040";"09/03/2026 / 10:30:00";"WINJ26";"V";"1";"188.970,00";"executada";"entrada";"1";"188.970,00";"-";"-";"-"
"13649512039";"06/03/2026 / 11:10:00";"WINJ26";"V";"1";"188.685,00";"executada";"saída";"1";"188.685,00";"-707,78";"-0,37";"-141,56"
"13649512038";"06/03/2026 / 11:10:00";"WINJ26";"V";"1";"188.685,00";"executada";"saída";"1";"188.685,00";"-707,78";"-0,37";"-141,56"
"13649512037";"06/03/2026 / 11:10:00";"WINJ26";"V";"1";"188.685,00";"executada";"saída";"1";"188.685,00";"-707,78";"-0,37";"-141,56"
"13649512036";"06/03/2026 / 11:10:00";"WINJ26";"C";"1";"188.690,00";"executada";"entrada";"1";"188.690,00";"-";"-";"-"
"13649512035";"06/03/2026 / 11:10:00";"WINJ26";"V";"1";"188.690,00";"executada";"saída";"1";"188.690,00";"-1.054,17";"-0,56";"-210,83"
"13649512034";"06/03/2026 / 11:03:02";"WINJ26";"C";"1";"189.075,00";"executada";"entrada";"1";"189.075,00";"-";"-";"-"
"13649512033";"06/03/2026 / 10:48:04";"WINJ26";"C";"1";"189.690,00";"executada";"entrada";"1";"189.690,00";"-";"-";"-"
"13649512032";"06/03/2026 / 10:48:02";"WINJ26";"V";"1";"189.880,00";"executada";"saída";"1";"189.880,00";"-587,50";"-0,31";"-117,50"
"13649512031";"06/03/2026 / 10:46:04";"WINJ26";"C";"1";"190.265,00";"executada";"entrada";"1";"190.265,00";"-";"-";"-"
"13649512030";"06/03/2026 / 10:30:00";"WINJ26";"C";"1";"190.670,00";"executada";"entrada";"1";"190.670,00";"-";"-";"-"
"13649512029";"05/03/2026 / 11:22:07";"WINJ26";"V";"1";"192.855,00";"executada";"saída";"1";"192.855,00";"-786,67";"-0,41";"-157,33"
"13649512028";"05/03/2026 / 11:22:07";"WINJ26";"V";"1";"192.855,00";"executada";"saída";"1";"192.855,00";"-786,67";"-0,41";"-157,33"
"13649512027";"05/03/2026 / 11:22:07";"WINJ26";"V";"1";"192.855,00";"executada";"saída";"1";"192.855,00";"-786,67";"-0,41";"-157,33"
"13649512026";"05/03/2026 / 11:18:04";"WINJ26";"C";"1";"192.940,00";"executada";"entrada";"1";"192.940,00";"-";"-";"-"
"13649512025";"05/03/2026 / 11:18:02";"WINJ26";"V";"1";"193.175,00";"executada";"saída";"1";"193.175,00";"-817,50";"-0,42";"-163,50"
"13649512024";"05/03/2026 / 11:13:03";"WINJ26";"C";"1";"193.595,00";"executada";"entrada";"1";"193.595,00";"-";"-";"-"
"13649512023";"05/03/2026 / 10:59:06";"WINJ26";"C";"1";"193.800,00";"executada";"entrada";"1";"193.800,00";"-";"-";"-"
"13649512022";"05/03/2026 / 10:58:03";"WINJ26";"V";"1";"194.000,00";"executada";"saída";"1";"194.000,00";"-582,50";"-0,30";"-116,50"
"13649512021";"05/03/2026 / 10:56:04";"WINJ26";"C";"1";"194.390,00";"executada";"entrada";"1";"194.390,00";"-";"-";"-"
"13649512020";"05/03/2026 / 10:30:00";"WINJ26";"C";"1";"194.775,00";"executada";"entrada";"1";"194.775,00";"-";"-";"-"
"13649512019";"04/03/2026 / 11:42:02";"WINJ26";"V";"1";"194.200,00";"executada";"saída";"1";"194.200,00";"-975,83";"-0,50";"-195,17"
"13649512018";"04/03/2026 / 11:42:02";"WINJ26";"V";"1";"194.200,00";"executada";"saída";"1";"194.200,00";"-975,83";"-0,50";"-195,17"
"13649512017";"04/03/2026 / 11:42:02";"WINJ26";"V";"1";"194.200,00";"executada";"saída";"1";"194.200,00";"-975,83";"-0,50";"-195,17"
"13649512016";"04/03/2026 / 11:41:01";"WINJ26";"C";"1";"194.550,00";"executada";"entrada";"1";"194.550,00";"-";"-";"-"
"13649512015";"04/03/2026 / 11:30:04";"WINJ26";"C";"1";"194.915,00";"executada";"entrada";"1";"194.915,00";"-";"-";"-"
"13649512014";"04/03/2026 / 11:26:01";"WINJ26";"V";"1";"195.140,00";"executada";"saída";"1";"195.140,00";"-922,50";"-0,47";"-184,50"
"13649512013";"04/03/2026 / 10:45:00";"WINJ26";"C";"1";"195.535,00";"executada";"entrada";"1";"195.535,00";"-";"-";"-"
"13649512012";"04/03/2026 / 10:30:00";"WINJ26";"C";"1";"196.590,00";"executada";"entrada";"1";"196.590,00";"-";"-";"-"
"13649512011";"03/03/2026 / 13:00:00";"WINJ26";"V";"1";"192.010,00";"executada";"saída";"1";"192.010,00";"110,00";"0,06";"22,00"
"13649512010";"03/03/2026 / 12:58:05";"WINJ26";"V";"1";"191.985,00";"executada";"saída";"1";"191.985,00";"85,00";"0,04";"17,00"
"13649512009";"03/03/2026 / 11:45:00";"WINJ26";"C";"1";"191.025,00";"executada";"entrada";"1";"191.025,00";"-";"-";"-"
"13649512008";"03/03/2026 / 11:30:00";"WINJ26";"C";"1";"192.775,00";"executada";"entrada";"1";"192.775,00";"-";"-";"-"
"13649512007";"03/03/2026 / 11:11:05";"WINJ26";"C";"1";"192.705,00";"executada";"saída";"1";"192.705,00";"970,00";"0,50";"194,00"
"13649512006";"03/03/2026 / 10:30:00";"WINJ26";"V";"1";"193.675,00";"executada";"entrada";"1";"193.675,00";"-";"-";"-"
"13649512005";"02/03/2026 / 13:00:00";"WINJ26";"C";"1";"198.605,00";"executada";"saída";"1";"198.605,00";"830,00";"0,42";"166,00"
"13649512004";"02/03/2026 / 12:18:00";"WINJ26";"V";"1";"199.435,00";"executada";"entrada";"1";"199.435,00";"-";"-";"-"
"13649512003";"02/03/2026 / 11:49:05";"WINJ26";"V";"1";"199.040,00";"executada";"saída";"1";"199.040,00";"1.015,00";"0,51";"203,00"
"13649512002";"02/03/2026 / 11:24:00";"WINJ26";"C";"1";"198.025,00";"executada";"entrada";"1";"198.025,00";"-";"-";"-"
"13649512001";"02/03/2026 / 10:58:08";"WINJ26";"C";"1";"197.295,00";"executada";"saída";"1";"197.295,00";"995,00";"0,50";"199,00"
"13649512000";"02/03/2026 / 10:30:00";"WINJ26";"V";"1";"198.290,00";"executada";"entrada";"1";"198.290,00";"-";"-";"-"
"13649511999";"27/02/2026 / 13:00:00";"WINJ26";"C";"1";"201.080,00";"executada";"saída";"1";"201.080,00";"-12,50";"-0,01";"-2,50"
"13649511998";"27/02/2026 / 13:00:00";"WINJ26";"C";"1";"201.080,00";"executada";"saída";"1";"201.080,00";"-12,50";"-0,01";"-2,50"
"13649511997";"27/02/2026 / 11:33:02";"WINJ26";"V";"1";"201.475,00";"executada";"entrada";"1";"201.475,00";"-";"-";"-"
"13649511996";"27/02/2026 / 11:32:02";"WINJ26";"C";"1";"201.270,00";"executada";"saída";"1";"201.270,00";"-610,00";"-0,30";"-122,00"
"13649511995";"27/02/2026 / 11:00:08";"WINJ26";"V";"1";"200.860,00";"executada";"entrada";"1";"200.860,00";"-";"-";"-"
"13649511994";"27/02/2026 / 10:30:00";"WINJ26";"V";"1";"200.460,00";"executada";"entrada";"1";"200.460,00";"-";"-";"-"
"13649511993";"26/02/2026 / 13:00:00";"WINJ26";"V";"1";"200.965,00";"executada";"saída";"1";"200.965,00";"700,00";"0,35";"140,00"
"13649511992";"26/02/2026 / 12:30:00";"WINJ26";"C";"1";"200.265,00";"executada";"entrada";"1";"200.265,00";"-";"-";"-"
"13649511991";"26/02/2026 / 12:07:08";"WINJ26";"C";"1";"200.610,00";"executada";"saída";"1";"200.610,00";"1.232,50";"0,61";"246,50"
"13649511990";"26/02/2026 / 11:45:02";"WINJ26";"C";"1";"201.030,00";"executada";"saída";"1";"201.030,00";"812,50";"0,40";"162,50"
"13649511989";"26/02/2026 / 11:10:06";"WINJ26";"V";"1";"202.045,00";"executada";"entrada";"1";"202.045,00";"-";"-";"-"
"13649511988";"26/02/2026 / 10:30:00";"WINJ26";"V";"1";"201.640,00";"executada";"entrada";"1";"201.640,00";"-";"-";"-"
"13649511987";"25/02/2026 / 13:00:00";"WINJ26";"V";"1";"202.135,00";"executada";"saída";"1";"202.135,00";"-206,67";"-0,10";"-41,33"
"13649511986";"25/02/2026 / 13:00:00";"WINJ26";"V";"1";"202.135,00";"executada";"saída";"1";"202.135,00";"-206,67";"-0,10";"-41,33"
"13649511985";"25/02/2026 / 13:00:00";"WINJ26";"V";"1";"202.135,00";"executada";"saída";"1";"202.135,00";"-206,67";"-0,10";"-41,33"
"13649511984";"25/02/2026 / 12:06:06";"WINJ26";"C";"1";"201.905,00";"executada";"entrada";"1";"201.905,00";"-";"-";"-"
"13649511983";"25/02/2026 / 11:54:08";"WINJ26";"C";"1";"202.120,00";"executada";"entrada";"1";"202.120,00";"-";"-";"-"
"13649511982";"25/02/2026 / 10:51:02";"WINJ26";"V";"1";"202.330,00";"executada";"saída";"1";"202.330,00";"-670,00";"-0,33";"-134,00"
"13649511981";"25/02/2026 / 10:45:00";"WINJ26";"C";"1";"202.755,00";"executada";"entrada";"1";"202.755,00";"-";"-";"-"
"13649511980";"25/02/2026 / 10:30:00";"WINJ26";"C";"1";"203.245,00";"executada";"entrada";"1";"203.245,00";"-";"-";"-"
"13649511979";"24/02/2026 / 13:00:00";"WINJ26";"C";"1";"202.350,00";"executada";"saída";"1";"202.350,00";"-50,00";"-0,02";"-10,00"
"13649511978";"24/02/2026 / 12:30:00";"WINJ26";"V";"1";"202.300,00";"executada";"entrada";"1";"202.300,00";"-";"-";"-"
"13649511977";"24/02/2026 / 12:14:05";"WINJ26";"V";"1";"202.285,00";"executada";"saída";"1";"202.285,00";"1.237,50";"0,62";"247,50"
"13649511976";"24/02/2026 / 12:05:05";"WINJ26";"V";"1";"201.845,00";"executada";"saída";"1";"201.845,00";"797,50";"0,40";"159,50"
"13649511975";"24/02/2026 / 10:46:07";"WINJ26";"C";"1";"200.830,00";"executada";"entrada";"1";"200.830,00";"-";"-";"-"
"13649511974";"24/02/2026 / 10:30:00";"WINJ26";"C";"1";"201.265,00";"executada";"entrada";"1";"201.265,00";"-";"-";"-"
"13649511973";"23/02/2026 / 12:34:08";"WINJ26";"C";"1";"200.535,00";"executada";"saída";"1";"200.535,00";"1.010,00";"0,50";"202,00"
"13649511972";"23/02/2026 / 12:06:00";"WINJ26";"V";"1";"201.545,00";"executada";"entrada";"1";"201.545,00";"-";"-";"-"
"13649511971";"23/02/2026 / 11:38:06";"WINJ26";"V";"1";"201.725,00";"executada";"saída";"1";"201.725,00";"1.215,00";"0,61";"243,00"
"13649511970";"23/02/2026 / 11:33:06";"WINJ26";"V";"1";"201.360,00";"executada";"saída";"1";"201.360,00";"850,00";"0,42";"170,00"
"13649511969";"23/02/2026 / 10:45:05";"WINJ26";"C";"1";"200.310,00";"executada";"entrada";"1";"200.310,00";"-";"-";"-"
"13649511968";"23/02/2026 / 10:30:00";"WINJ26";"C";"1";"200.710,00";"executada";"entrada";"1";"200.710,00";"-";"-";"-"
"13649511967";"20/02/2026 / 13:00:00";"WINJ26";"C";"1";"199.850,00";"executada";"saída";"1";"199.850,00";"-130,00";"-0,07";"-26,00"
"13649511966";"20/02/2026 / 12:24:00";"WINJ26";"V";"1";"199.720,00";"executada";"entrada";"1";"199.720,00";"-";"-";"-"
"13649511965";"20/02/2026 / 12:01:01";"WINJ26";"V";"1";"199.415,00";"executada";"saída";"1";"199.415,00";"1.192,50";"0,60";"238,50"
"13649511964";"20/02/2026 / 11:42:05";"WINJ26";"V";"1";"199.065,00";"executada";"saída";"1";"199.065,00";"842,50";"0,43";"168,50"
"13649511963";"20/02/2026 / 10:46:06";"WINJ26";"C";"1";"198.025,00";"executada";"entrada";"1";"198.025,00";"-";"-";"-"
"13649511962";"20/02/2026 / 10:30:00";"WINJ26";"C";"1";"198.420,00";"executada";"entrada";"1";"198.420,00";"-";"-";"-"
"13649511961";"19/02/2026 / 12:36:06";"WINJ26";"C";"1";"199.585,00";"executada";"saída";"1";"199.585,00";"-778,33";"-0,39";"-155,67"
"13649511960";"19/02/2026 / 12:36:06";"WINJ26";"C";"1";"199.585,00";"executada";"saída";"1";"199.585,00";"-778,33";"-0,39";"-155,67"
"13649511959";"19/02/2026 / 12:36:06";"WINJ26";"C";"1";"199.585,00";"executada";"saída";"1";"199.585,00";"-778,33";"-0,39";"-155,67"
"13649511958";"19/02/2026 / 12:31:08";"WINJ26";"V";"1";"199.505,00";"executada";"entrada";"1";"199.505,00";"-";"-";"-"
"13649511957";"19/02/2026 / 12:24:06";"WINJ26";"C";"1";"199.300,00";"executada";"saída";"1";"199.300,00";"-842,50";"-0,42";"-168,50"
"13649511956";"19/02/2026 / 12:17:04";"WINJ26";"V";"1";"198.875,00";"executada";"entrada";"1";"198.875,00";"-";"-";"-"
"13649511955";"19/02/2026 / 12:03:04";"WINJ26";"V";"1";"198.650,00";"executada";"entrada";"1";"198.650,00";"-";"-";"-"
"13649511954";"19/02/2026 / 12:02:04";"WINJ26";"C";"1";"198.445,00";"executada";"saída";"1";"198.445,00";"-597,50";"-0,30";"-119,50"
"13649511953";"19/02/2026 / 11:55:05";"WINJ26";"V";"1";"198.045,00";"executada";"entrada";"1";"198.045,00";"-";"-";"-"
"13649511952";"19/02/2026 / 10:30:00";"WINJ26";"V";"1";"197.650,00";"executada";"entrada";"1";"197.650,00";"-";"-";"-"
"13649511951";"13/02/2026 / 13:00:00";"WING26";"C";"1";"196.280,00";"executada";"saída";"1";"196.280,00";"45,00";"0,02";"9,00"
"13649511950";"13/02/2026 / 12:48:00";"WING26";"V";"1";"196.325,00";"executada";"entrada";"1";"196.325,00";"-";"-";"-"
"13649511949";"13/02/2026 / 12:28:06";"WING26";"V";"1";"196.500,00";"executada";"saída";"1";"196.500,00";"980,00";"0,50";"196,00"
"13649511948";"13/02/2026 / 12:06:00";"WING26";"C";"1";"195.520,00";"executada";"entrada";"1";"195.520,00";"-";"-";"-"
"13649511947";"13/02/2026 / 11:36:02";"WING26";"C";"1";"195.670,00";"executada";"saída";"1";"195.670,00";"995,00";"0,51";"199,00"
"13649511946";"13/02/2026 / 10:48:00";"WING26";"V";"1";"196.665,00";"executada";"entrada";"1";"196.665,00";"-";"-";"-"
"13649511945";"13/02/2026 / 10:30:02";"WING26";"V";"1";"197.710,00";"executada";"saída";"1";"197.710,00";"1.055,00";"0,54";"211,00"
"13649511944";"13/02/2026 / 10:30:00";"WING26";"C";"1";"196.655,00";"executada";"entrada";"1";"196.655,00";"-";"-";"-"
"13649511943";"12/02/2026 / 13:00:00";"WING26";"C";"1";"200.900,00";"executada";"saída";"1";"200.900,00";"202,50";"0,10";"40,50"
"13649511942";"12/02/2026 / 13:00:00";"WING26";"C";"1";"200.900,00";"executada";"saída";"1";"200.900,00";"202,50";"0,10";"40,50"
"13649511941";"12/02/2026 / 11:20:04";"WING26";"V";"1";"201.315,00";"executada";"entrada";"1";"201.315,00";"-";"-";"-"
"13649511940";"12/02/2026 / 10:30:00";"WING26";"V";"1";"200.890,00";"executada";"entrada";"1";"200.890,00";"-";"-";"-"
"13649511939";"11/02/2026 / 13:00:00";"WING26";"C";"1";"200.765,00";"executada";"saída";"1";"200.765,00";"-165,00";"-0,08";"-33,00"
"13649511938";"11/02/2026 / 11:54:00";"WING26";"V";"1";"200.600,00";"executada";"entrada";"1";"200.600,00";"-";"-";"-"
"13649511937";"11/02/2026 / 11:26:11";"WING26";"V";"1";"200.865,00";"executada";"saída";"1";"200.865,00";"1.000,00";"0,50";"200,00"
"13649511936";"11/02/2026 / 10:30:00";"WING26";"C";"1";"199.865,00";"executada";"entrada";"1";"199.865,00";"-";"-";"-"
"13649511935";"10/02/2026 / 13:00:00";"WING26";"C";"1";"198.315,00";"executada";"saída";"1";"198.315,00";"-270,83";"-0,14";"-54,17"
"13649511934";"10/02/2026 / 13:00:00";"WING26";"C";"1";"198.315,00";"executada";"saída";"1";"198.315,00";"-270,83";"-0,14";"-54,17"
"13649511933";"10/02/2026 / 13:00:00";"WING26";"C";"1";"198.315,00";"executada";"saída";"1";"198.315,00";"-270,83";"-0,14";"-54,17"
"13649511932";"10/02/2026 / 12:30:01";"WING26";"V";"1";"198.560,00";"executada";"entrada";"1";"198.560,00";"-";"-";"-"
"13649511931";"10/02/2026 / 12:19:09";"WING26";"V";"1";"198.190,00";"executada";"entrada";"1";"198.190,00";"-";"-";"-"
"13649511930";"10/02/2026 / 12:15:01";"WING26";"C";"1";"197.990,00";"executada";"saída";"1";"197.990,00";"-607,50";"-0,31";"-121,50"
"13649511929";"10/02/2026 / 11:08:03";"WING26";"V";"1";"197.590,00";"executada";"entrada";"1";"197.590,00";"-";"-";"-"
"13649511928";"10/02/2026 / 10:30:00";"WING26";"V";"1";"197.175,00";"executada";"entrada";"1";"197.175,00";"-";"-";"-"
"13649511927";"09/02/2026 / 13:00:00";"WING26";"C";"1";"195.460,00";"executada";"saída";"1";"195.460,00";"400,00";"0,20";"80,00"
"13649511926";"09/02/2026 / 12:12:00";"WING26";"V";"1";"195.860,00";"executada";"entrada";"1";"195.860,00";"-";"-";"-"
"13649511925";"09/02/2026 / 11:46:03";"WING26";"V";"1";"196.260,00";"executada";"saída";"1";"196.260,00";"985,00";"0,50";"197,00"
"13649511924";"09/02/2026 / 10:30:00";"WING26";"C";"1";"195.275,00";"executada";"entrada";"1";"195.275,00";"-";"-";"-"
"13649511923";"06/02/2026 / 13:00:00";"WING26";"C";"1";"193.880,00";"executada";"saída";"1";"193.880,00";"38,75";"0,02";"7,75"
"13649511922";"06/02/2026 / 13:00:00";"WING26";"C";"1";"193.880,00";"executada";"saída";"1";"193.880,00";"38,75";"0,02";"7,75"
"13649511921";"06/02/2026 / 13:00:00";"WING26";"V";"1";"193.875,00";"executada";"entrada";"1";"193.875,00";"-";"-";"-"
"13649511920";"06/02/2026 / 11:27:06";"WING26";"C";"1";"194.560,00";"executada";"saída";"1";"194.560,00";"-597,50";"-0,31";"-119,50"
"13649511919";"06/02/2026 / 11:01:06";"WING26";"V";"1";"194.170,00";"executada";"entrada";"1";"194.170,00";"-";"-";"-"
"13649511918";"06/02/2026 / 10:30:00";"WING26";"V";"1";"193.755,00";"executada";"entrada";"1";"193.755,00";"-";"-";"-"
"13649511917";"05/02/2026 / 13:00:00";"WING26";"V";"1";"194.815,00";"executada";"saída";"1";"194.815,00";"-5,00";"-0,00";"-1,00"
"13649511916";"05/02/2026 / 13:00:00";"WING26";"C";"1";"194.820,00";"executada";"entrada";"1";"194.820,00";"-";"-";"-"
"13649511915";"05/02/2026 / 13:00:00";"WING26";"C";"1";"194.820,00";"executada";"saída";"1";"194.820,00";"-415,00";"-0,21";"-83,00"
"13649511914";"05/02/2026 / 12:46:04";"WING26";"V";"1";"194.405,00";"executada";"entrada";"1";"194.405,00";"-";"-";"-"
"13649511913";"05/02/2026 / 12:44:09";"WING26";"V";"1";"194.815,00";"executada";"saída";"1";"194.815,00";"1.400,00";"0,72";"280,00"
"13649511912";"05/02/2026 / 12:36:04";"WING26";"C";"1";"193.415,00";"executada";"entrada";"1";"193.415,00";"-";"-";"-"
"13649511911";"05/02/2026 / 12:36:02";"WING26";"C";"1";"193.840,00";"executada";"saída";"1";"193.840,00";"1.380,00";"0,71";"276,00"
"13649511910";"05/02/2026 / 12:10:08";"WING26";"C";"1";"194.605,00";"executada";"saída";"1";"194.605,00";"615,00";"0,32";"123,00"
"13649511909";"05/02/2026 / 11:45:05";"WING26";"C";"1";"196.015,00";"executada";"saída";"1";"196.015,00";"-795,00";"-0,41";"-159,00"
"13649511908";"05/02/2026 / 11:40:04";"WING26";"V";"1";"195.620,00";"executada";"entrada";"1";"195.620,00";"-";"-";"-"
"13649511907";"05/02/2026 / 11:25:00";"WING26";"V";"1";"195.430,00";"executada";"entrada";"1";"195.430,00";"-";"-";"-"
"13649511906";"05/02/2026 / 11:21:08";"WING26";"C";"1";"195.230,00";"executada";"saída";"1";"195.230,00";"-620,00";"-0,32";"-124,00"
"13649511905";"05/02/2026 / 11:00:06";"WING26";"V";"1";"194.815,00";"executada";"entrada";"1";"194.815,00";"-";"-";"-"
"13649511904";"05/02/2026 / 10:30:00";"WING26";"V";"1";"194.405,00";"executada";"entrada";"1";"194.405,00";"-";"-";"-"
"13649511903";"04/02/2026 / 13:00:00";"WING26";"V";"1";"194.635,00";"executada";"saída";"1";"194.635,00";"-403,75";"-0,21";"-80,75"
"13649511902";"04/02/2026 / 13:00:00";"WING26";"V";"1";"194.635,00";"executada";"saída";"1";"194.635,00";"-403,75";"-0,21";"-80,75"
"13649511901";"04/02/2026 / 13:00:00";"WING26";"C";"1";"194.640,00";"executada";"entrada";"1";"194.640,00";"-";"-";"-"
"13649511900";"04/02/2026 / 12:56:08";"WING26";"V";"1";"194.640,00";"executada";"saída";"1";"194.640,00";"-797,50";"-0,41";"-159,50"
"13649511899";"04/02/2026 / 11:45:00";"WING26";"C";"1";"195.050,00";"executada";"entrada";"1";"195.050,00";"-";"-";"-"
"13649511898";"04/02/2026 / 11:30:00";"WING26";"C";"1";"195.825,00";"executada";"entrada";"1";"195.825,00";"-";"-";"-"
"13649511897";"04/02/2026 / 11:06:07";"WING26";"C";"1";"195.540,00";"executada";"saída";"1";"195.540,00";"1.015,00";"0,52";"203,00"
"13649511896";"04/02/2026 / 10:30:00";"WING26";"V";"1";"196.555,00";"executada";"entrada";"1";"196.555,00";"-";"-";"-"
"13649511895";"03/02/2026 / 13:00:00";"WING26";"C";"1";"198.680,00";"executada";"saída";"1";"198.680,00";"108,75";"0,05";"21,75"
"13649511894";"03/02/2026 / 13:00:00";"WING26";"C";"1";"198.680,00";"executada";"saída";"1";"198.680,00";"108,75";"0,05";"21,75"
"13649511893";"03/02/2026 / 13:00:00";"WING26";"V";"1";"198.675,00";"executada";"entrada";"1";"198.675,00";"-";"-";"-"
"13649511892";"03/02/2026 / 11:48:06";"WING26";"C";"1";"199.570,00";"executada";"saída";"1";"199.570,00";"-667,50";"-0,34";"-133,50"
"13649511891";"03/02/2026 / 11:35:04";"WING26";"V";"1";"199.110,00";"executada";"entrada";"1";"199.110,00";"-";"-";"-"
"13649511890";"03/02/2026 / 11:18:00";"WING26";"V";"1";"198.695,00";"executada";"entrada";"1";"198.695,00";"-";"-";"-"
"13649511889";"03/02/2026 / 10:58:04";"WING26";"V";"1";"198.340,00";"executada";"saída";"1";"198.340,00";"1.005,00";"0,51";"201,00"
"13649511888";"03/02/2026 / 10:30:00";"WING26";"C";"1";"197.335,00";"executada";"entrada";"1";"197.335,00";"-";"-";"-"
"13649511887";"02/02/2026 / 13:00:00";"WING26";"V";"1";"194.120,00";"executada";"saída";"1";"194.120,00";"22,50";"0,01";"4,50"
"13649511886";"02/02/2026 / 13:00:00";"WING26";"V";"1";"194.120,00";"executada";"saída";"1";"194.120,00";"22,50";"0,01";"4,50"
"13649511885";"02/02/2026 / 12:00:07";"WING26";"C";"1";"193.700,00";"executada";"entrada";"1";"193.700,00";"-";"-";"-"
"13649511884";"02/02/2026 / 11:29:05";"WING26";"V";"1";"193.895,00";"executada";"saída";"1";"193.895,00";"-600,00";"-0,31";"-120,00"
"13649511883";"02/02/2026 / 11:18:01";"WING26";"C";"1";"194.300,00";"executada";"entrada";"1";"194.300,00";"-";"-";"-"
"13649511882";"02/02/2026 / 10:30:00";"WING26";"C";"1";"194.690,00";"executada";"entrada";"1";"194.690,00";"-";"-";"-"
"13649511881";"30/01/2026 / 13:00:00";"WING26";"V";"1";"195.435,00";"executada";"saída";"1";"195.435,00";"0,00";"0,00";"0,00"
"13649511880";"30/01/2026 / 13:00:00";"WING26";"V";"1";"195.435,00";"executada";"saída";"1";"195.435,00";"0,00";"0,00";"0,00"
"13649511879";"30/01/2026 / 10:45:00";"WING26";"C";"1";"195.215,00";"executada";"entrada";"1";"195.215,00";"-";"-";"-"
"13649511878";"30/01/2026 / 10:30:00";"WING26";"C";"1";"195.655,00";"executada";"entrada";"1";"195.655,00";"-";"-";"-"
"13649511877";"29/01/2026 / 12:53:04";"WING26";"V";"1";"194.115,00";"executada";"saída";"1";"194.115,00";"-1.502,50";"-0,77";"-300,50"
"13649511876";"29/01/2026 / 12:53:04";"WING26";"V";"1";"194.115,00";"executada";"saída";"1";"194.115,00";"-1.502,50";"-0,77";"-300,50"
"13649511875";"29/01/2026 / 12:41:02";"WING26";"C";"1";"195.125,00";"executada";"entrada";"1";"195.125,00";"-";"-";"-"
"13649511874";"29/01/2026 / 12:40:05";"WING26";"V";"1";"195.360,00";"executada";"saída";"1";"195.360,00";"-750,00";"-0,38";"-150,00"
"13649511873";"29/01/2026 / 12:39:00";"WING26";"C";"1";"195.755,00";"executada";"entrada";"1";"195.755,00";"-";"-";"-"
"13649511872";"29/01/2026 / 12:24:00";"WING26";"C";"1";"196.465,00";"executada";"entrada";"1";"196.465,00";"-";"-";"-"
"13649511871";"29/01/2026 / 11:55:05";"WING26";"C";"1";"197.480,00";"executada";"saída";"1";"197.480,00";"1.000,00";"0,50";"200,00"
"13649511870";"29/01/2026 / 10:30:00";"WING26";"V";"1";"198.480,00";"executada";"entrada";"1";"198.480,00";"-";"-";"-"
"13649511869";"28/01/2026 / 13:00:00";"WING26";"V";"1";"196.270,00";"executada";"saída";"1";"196.270,00";"-25,00";"-0,01";"-5,00"
"13649511868";"28/01/2026 / 12:48:00";"WING26";"C";"1";"196.295,00";"executada";"entrada";"1";"196.295,00";"-";"-";"-"
"13649511867";"28/01/2026 / 12:29:08";"WING26";"C";"1";"196.070,00";"executada";"saída";"1";"196.070,00";"1.015,00";"0,52";"203,00"
"13649511866";"28/01/2026 / 12:06:00";"WING26";"V";"1";"197.085,00";"executada";"entrada";"1";"197.085,00";"-";"-";"-"
"13649511865";"28/01/2026 / 11:46:03";"WING26";"V";"1";"197.785,00";"executada";"saída";"1";"197.785,00";"1.235,00";"0,63";"247,00"
"13649511864";"28/01/2026 / 11:45:06";"WING26";"V";"1";"197.340,00";"executada";"saída";"1";"197.340,00";"790,00";"0,40";"158,00"
"13649511863";"28/01/2026 / 11:11:04";"WING26";"C";"1";"196.355,00";"executada";"entrada";"1";"196.355,00";"-";"-";"-"
"13649511862";"28/01/2026 / 10:30:00";"WING26";"C";"1";"196.745,00";"executada";"entrada";"1";"196.745,00";"-";"-";"-"
"13649511861";"27/01/2026 / 13:00:00";"WING26";"C";"1";"195.270,00";"executada";"saída";"1";"195.270,00";"72,50";"0,04";"14,50"
"13649511860";"27/01/2026 / 13:00:00";"WING26";"C";"1";"195.270,00";"executada";"saída";"1";"195.270,00";"72,50";"0,04";"14,50"
"13649511859";"27/01/2026 / 12:13:08";"WING26";"V";"1";"195.550,00";"executada";"entrada";"1";"195.550,00";"-";"-";"-"
"13649511858";"27/01/2026 / 11:30:00";"WING26";"V";"1";"195.135,00";"executada";"entrada";"1";"195.135,00";"-";"-";"-"
"13649511857";"27/01/2026 / 10:53:02";"WING26";"V";"1";"194.620,00";"executada";"saída";"1";"194.620,00";"980,00";"0,51";"196,00"
"13649511856";"27/01/2026 / 10:30:00";"WING26";"C";"1";"193.640,00";"executada";"entrada";"1";"193.640,00";"-";"-";"-"
"13649511855";"26/01/2026 / 13:00:00";"WING26";"C";"1";"191.385,00";"executada";"saída";"1";"191.385,00";"92,50";"0,05";"18,50"
"13649511854";"26/01/2026 / 13:00:00";"WING26";"C";"1";"191.385,00";"executada";"saída";"1";"191.385,00";"92,50";"0,05";"18,50"
"13649511853";"26/01/2026 / 12:03:00";"WING26";"V";"1";"191.745,00";"executada";"entrada";"1";"191.745,00";"-";"-";"-"
"13649511852";"26/01/2026 / 11:48:00";"WING26";"V";"1";"191.210,00";"executada";"entrada";"1";"191.210,00";"-";"-";"-"
"13649511851";"26/01/2026 / 11:30:01";"WING26";"V";"1";"191.865,00";"executada";"saída";"1";"191.865,00";"1.005,00";"0,53";"201,00"
"13649511850";"26/01/2026 / 11:30:00";"WING26";"C";"1";"190.860,00";"executada";"entrada";"1";"190.860,00";"-";"-";"-"
"13649511849";"26/01/2026 / 10:57:00";"WING26";"C";"1";"190.710,00";"executada";"saída";"1";"190.710,00";"960,00";"0,50";"192,00"
"13649511848";"26/01/2026 / 10:30:00";"WING26";"V";"1";"191.670,00";"executada";"entrada";"1";"191.670,00";"-";"-";"-"
"13649511847";"23/01/2026 / 13:00:00";"WING26";"C";"1";"190.285,00";"executada";"saída";"1";"190.285,00";"-200,00";"-0,11";"-40,00"
"13649511846";"23/01/2026 / 12:42:00";"WING26";"V";"1";"190.085,00";"executada";"entrada";"1";"190.085,00";"-";"-";"-"
"13649511845";"23/01/2026 / 12:20:08";"WING26";"V";"1";"189.775,00";"executada";"saída";"1";"189.775,00";"945,00";"0,50";"189,00"
"13649511844";"23/01/2026 / 11:48:00";"WING26";"C";"1";"188.830,00";"executada";"entrada";"1";"188.830,00";"-";"-";"-"
"13649511843";"23/01/2026 / 11:21:07";"WING26";"C";"1";"188.535,00";"executada";"saída";"1";"188.535,00";"965,00";"0,51";"193,00"
"13649511842";"23/01/2026 / 10:30:00";"WING26";"V";"1";"189.500,00";"executada";"entrada";"1";"189.500,00";"-";"-";"-"
"13649511841";"22/01/2026 / 12:33:06";"WING26";"C";"1";"189.815,00";"executada";"saída";"1";"189.815,00";"-1.646,25";"-0,87";"-329,25"
"13649511840";"22/01/2026 / 12:33:06";"WING26";"C";"1";"189.815,00";"executada";"saída";"1";"189.815,00";"-1.646,25";"-0,87";"-329,25"
"13649511839";"22/01/2026 / 12:23:06";"WING26";"V";"1";"188.560,00";"executada";"entrada";"1";"188.560,00";"-";"-";"-"
"13649511838";"22/01/2026 / 12:20:05";"WING26";"C";"1";"188.360,00";"executada";"saída";"1";"188.360,00";"-582,50";"-0,31";"-116,50"
"13649511837";"22/01/2026 / 11:57:00";"WING26";"V";"1";"187.980,00";"executada";"entrada";"1";"187.980,00";"-";"-";"-"
"13649511836";"22/01/2026 / 11:42:00";"WING26";"V";"1";"187.575,00";"executada";"entrada";"1";"187.575,00";"-";"-";"-"
"13649511835";"22/01/2026 / 11:15:08";"WING26";"V";"1";"186.895,00";"executada";"saída";"1";"186.895,00";"955,00";"0,51";"191,00"
"13649511834";"22/01/2026 / 10:30:00";"WING26";"C";"1";"185.940,00";"executada";"entrada";"1";"185.940,00";"-";"-";"-"
"13649511833";"21/01/2026 / 13:00:00";"WING26";"C";"1";"182.710,00";"executada";"saída";"1";"182.710,00";"-180,00";"-0,10";"-36,00"
"13649511832";"21/01/2026 / 12:00:00";"WING26";"V";"1";"182.530,00";"executada";"entrada";"1";"182.530,00";"-";"-";"-"
"13649511831";"21/01/2026 / 11:42:03";"WING26";"V";"1";"182.580,00";"executada";"saída";"1";"182.580,00";"920,00";"0,51";"184,00"
"13649511830";"21/01/2026 / 10:30:00";"WING26";"C";"1";"181.660,00";"executada";"entrada";"1";"181.660,00";"-";"-";"-"
"13649511829";"20/01/2026 / 11:44:06";"WING26";"C";"1";"178.960,00";"executada";"saída";"1";"178.960,00";"-1.114,17";"-0,63";"-222,83"
"13649511828";"20/01/2026 / 11:44:06";"WING26";"C";"1";"178.960,00";"executada";"saída";"1";"178.960,00";"-1.114,17";"-0,63";"-222,83"
"13649511827";"20/01/2026 / 11:44:06";"WING26";"C";"1";"178.960,00";"executada";"saída";"1";"178.960,00";"-1.114,17";"-0,63";"-222,83"
"13649511826";"20/01/2026 / 11:39:14";"WING26";"V";"1";"178.555,00";"executada";"entrada";"1";"178.555,00";"-";"-";"-"
"13649511825";"20/01/2026 / 11:32:06";"WING26";"V";"1";"177.855,00";"executada";"entrada";"1";"177.855,00";"-";"-";"-"
"13649511824";"20/01/2026 / 11:24:14";"WING26";"C";"1";"177.665,00";"executada";"saída";"1";"177.665,00";"-537,50";"-0,30";"-107,50"
"13649511823";"20/01/2026 / 10:51:08";"WING26";"V";"1";"177.305,00";"executada";"entrada";"1";"177.305,00";"-";"-";"-"
"13649511822";"20/01/2026 / 10:30:00";"WING26";"V";"1";"176.950,00";"executada";"entrada";"1";"176.950,00";"-";"-";"-"
"13649511821";"19/01/2026 / 13:00:00";"WING26";"C";"1";"177.745,00";"executada";"saída";"1";"177.745,00";"-157,50";"-0,09";"-31,50"
"13649511820";"19/01/2026 / 13:00:00";"WING26";"C";"1";"177.745,00";"executada";"saída";"1";"177.745,00";"-157,50";"-0,09";"-31,50"
"13649511819";"19/01/2026 / 11:05:10";"WING26";"V";"1";"177.775,00";"executada";"entrada";"1";"177.775,00";"-";"-";"-"
"13649511818";"19/01/2026 / 10:30:00";"WING26";"V";"1";"177.400,00";"executada";"entrada";"1";"177.400,00";"-";"-";"-"
"13649511817";"16/01/2026 / 13:00:00";"WING26";"V";"1";"177.310,00";"executada";"saída";"1";"177.310,00";"-401,11";"-0,23";"-80,22"
"13649511816";"16/01/2026 / 13:00:00";"WING26";"V";"1";"177.310,00";"executada";"saída";"1";"177.310,00";"-401,11";"-0,23";"-80,22"
"13649511815";"16/01/2026 / 13:00:00";"WING26";"V";"1";"177.310,00";"executada";"saída";"1";"177.310,00";"-401,11";"-0,23";"-80,22"
"13649511814";"16/01/2026 / 13:00:00";"WING26";"C";"1";"177.315,00";"executada";"entrada";"1";"177.315,00";"-";"-";"-"
"13649511813";"16/01/2026 / 12:39:08";"WING26";"V";"1";"177.180,00";"executada";"saída";"1";"177.180,00";"-729,17";"-0,41";"-145,83"
"13649511812";"16/01/2026 / 11:22:06";"WING26";"C";"1";"177.560,00";"executada";"entrada";"1";"177.560,00";"-";"-";"-"
"13649511811";"16/01/2026 / 11:19:06";"WING26";"C";"1";"177.715,00";"executada";"entrada";"1";"177.715,00";"-";"-";"-"
"13649511810";"16/01/2026 / 11:01:04";"WING26";"V";"1";"177.915,00";"executada";"saída";"1";"177.915,00";"-537,50";"-0,30";"-107,50"
"13649511809";"16/01/2026 / 10:50:21";"WING26";"C";"1";"178.275,00";"executada";"entrada";"1";"178.275,00";"-";"-";"-"
"13649511808";"16/01/2026 / 10:30:00";"WING26";"C";"1";"178.630,00";"executada";"entrada";"1";"178.630,00";"-";"-";"-"
"13649511807";"15/01/2026 / 13:00:00";"WING26";"C";"1";"178.520,00";"executada";"saída";"1";"178.520,00";"70,00";"0,04";"14,00"
"13649511806";"15/01/2026 / 10:30:00";"WING26";"V";"1";"178.590,00";"executada";"entrada";"1";"178.590,00";"-";"-";"-"
"13649511805";"14/01/2026 / 13:00:00";"WING26";"V";"1";"176.695,00";"executada";"saída";"1";"176.695,00";"710,00";"0,40";"142,00"
"13649511804";"14/01/2026 / 12:03:08";"WING26";"V";"1";"177.070,00";"executada";"saída";"1";"177.070,00";"1.085,00";"0,62";"217,00"
"13649511803";"14/01/2026 / 11:09:02";"WING26";"C";"1";"175.630,00";"executada";"entrada";"1";"175.630,00";"-";"-";"-"
"13649511802";"14/01/2026 / 11:08:02";"WING26";"V";"1";"175.810,00";"executada";"saída";"1";"175.810,00";"-530,00";"-0,30";"-106,00"
"13649511801";"14/01/2026 / 11:00:05";"WING26";"C";"1";"176.165,00";"executada";"entrada";"1";"176.165,00";"-";"-";"-"
"13649511800";"14/01/2026 / 10:30:00";"WING26";"C";"1";"176.515,00";"executada";"entrada";"1";"176.515,00";"-";"-";"-"
"13649511799";"13/01/2026 / 13:00:00";"WING26";"C";"1";"175.175,00";"executada";"saída";"1";"175.175,00";"-5,00";"-0,00";"-1,00"
"13649511798";"13/01/2026 / 13:00:00";"WING26";"V";"1";"175.170,00";"executada";"entrada";"1";"175.170,00";"-";"-";"-"
"13649511797";"13/01/2026 / 12:27:15";"WING26";"C";"1";"175.070,00";"executada";"saída";"1";"175.070,00";"622,50";"0,35";"124,50"
"13649511796";"13/01/2026 / 11:09:07";"WING26";"C";"1";"176.305,00";"executada";"saída";"1";"176.305,00";"-612,50";"-0,35";"-122,50"
"13649511795";"13/01/2026 / 10:45:00";"WING26";"V";"1";"175.950,00";"executada";"entrada";"1";"175.950,00";"-";"-";"-"
"13649511794";"13/01/2026 / 10:30:00";"WING26";"V";"1";"175.435,00";"executada";"entrada";"1";"175.435,00";"-";"-";"-"
"13649511793";"12/01/2026 / 13:00:00";"WING26";"C";"1";"176.815,00";"executada";"saída";"1";"176.815,00";"-342,50";"-0,19";"-68,50"
"13649511792";"12/01/2026 / 13:00:00";"WING26";"C";"1";"176.815,00";"executada";"saída";"1";"176.815,00";"-342,50";"-0,19";"-68,50"
"13649511791";"12/01/2026 / 11:39:04";"WING26";"V";"1";"176.655,00";"executada";"entrada";"1";"176.655,00";"-";"-";"-"
"13649511790";"12/01/2026 / 10:30:00";"WING26";"V";"1";"176.290,00";"executada";"entrada";"1";"176.290,00";"-";"-";"-"
"13649511789";"09/01/2026 / 13:00:00";"WING26";"C";"1";"177.255,00";"executada";"saída";"1";"177.255,00";"105,00";"0,06";"21,00"
"13649511788";"09/01/2026 / 12:12:00";"WING26";"V";"1";"177.360,00";"executada";"entrada";"1";"177.360,00";"-";"-";"-"
"13649511787";"09/01/2026 / 11:53:04";"WING26";"V";"1";"177.540,00";"executada";"saída";"1";"177.540,00";"890,00";"0,50";"178,00"
"13649511786";"09/01/2026 / 10:30:00";"WING26";"C";"1";"176.650,00";"executada";"entrada";"1";"176.650,00";"-";"-";"-"
"13649511785";"08/01/2026 / 13:00:00";"WING26";"V";"1";"176.055,00";"executada";"saída";"1";"176.055,00";"272,50";"0,16";"54,50"
"13649511784";"08/01/2026 / 13:00:00";"WING26";"V";"1";"176.055,00";"executada";"saída";"1";"176.055,00";"272,50";"0,16";"54,50"
"13649511783";"08/01/2026 / 10:54:07";"WING26";"C";"1";"175.600,00";"executada";"entrada";"1";"175.600,00";"-";"-";"-"
"13649511782";"08/01/2026 / 10:30:00";"WING26";"C";"1";"175.965,00";"executada";"entrada";"1";"175.965,00";"-";"-";"-"
"13649511781";"07/01/2026 / 13:00:00";"WING26";"V";"1";"175.725,00";"executada";"saída";"1";"175.725,00";"190,00";"0,11";"38,00"
"13649511780";"07/01/2026 / 12:24:00";"WING26";"C";"1";"175.535,00";"executada";"entrada";"1";"175.535,00";"-";"-";"-"
"13649511779";"07/01/2026 / 12:01:04";"WING26";"C";"1";"175.545,00";"executada";"saída";"1";"175.545,00";"895,00";"0,51";"179,00"
"13649511778";"07/01/2026 / 10:30:00";"WING26";"V";"1";"176.440,00";"executada";"entrada";"1";"176.440,00";"-";"-";"-"
"13653245702";"06/01/2026 / 13:00:00";"WING26";"V";"1";"177.490,00";"executada";"saída";"1";"177.490,00";"155,00";"0,09";"31,00"
"13653245701";"06/01/2026 / 13:00:00";"WING26";"V";"1";"177.490,00";"executada";"saída";"1";"177.490,00";"155,00";"0,09";"31,00"
"13653245700";"06/01/2026 / 11:30:05";"WING26";"C";"1";"177.150,00";"executada";"entrada";"1";"177.150,00";"-";"-";"-"
"13653245699";"06/01/2026 / 10:30:00";"WING26";"C";"1";"177.520,00";"executada";"entrada";"1";"177.520,00";"-";"-";"-"
"13653245698";"05/01/2026 / 13:00:00";"WING26";"C";"1";"175.305,00";"executada";"saída";"1";"175.305,00";"-558,33";"-0,32";"-111,67"
"13653245697";"05/01/2026 / 13:00:00";"WING26";"C";"1";"175.305,00";"executada";"saída";"1";"175.305,00";"-558,33";"-0,32";"-111,67"
"13653245696";"05/01/2026 / 13:00:00";"WING26";"C";"1";"175.305,00";"executada";"saída";"1";"175.305,00";"-558,33";"-0,32";"-111,67"
"13653245695";"05/01/2026 / 12:27:05";"WING26";"V";"1";"175.090,00";"executada";"entrada";"1";"175.090,00";"-";"-";"-"
"13653245694";"05/01/2026 / 11:21:02";"WING26";"V";"1";"174.935,00";"executada";"entrada";"1";"174.935,00";"-";"-";"-"
"13653245693";"05/01/2026 / 11:06:03";"WING26";"C";"1";"174.745,00";"executada";"saída";"1";"174.745,00";"-530,00";"-0,30";"-106,00"
"13653245692";"05/01/2026 / 10:50:14";"WING26";"V";"1";"174.395,00";"executada";"entrada";"1";"174.395,00";"-";"-";"-"
"13653245691";"05/01/2026 / 10:30:00";"WING26";"V";"1";"174.035,00";"executada";"entrada";"1";"174.035,00";"-";"-";"-"
"13653245690";"02/01/2026 / 13:00:00";"WING26";"V";"1";"174.425,00";"executada";"saída";"1";"174.425,00";"-155,83";"-0,09";"-31,17"
"13653245689";"02/01/2026 / 13:00:00";"WING26";"V";"1";"174.425,00";"executada";"saída";"1";"174.425,00";"-155,83";"-0,09";"-31,17"
"13653245688";"02/01/2026 / 13:00:00";"WING26";"V";"1";"174.425,00";"executada";"saída";"1";"174.425,00";"-155,83";"-0,09";"-31,17"
"13653245687";"02/01/2026 / 12:23:08";"WING26";"C";"1";"174.240,00";"executada";"entrada";"1";"174.240,00";"-";"-";"-"
"13653245686";"02/01/2026 / 12:21:07";"WING26";"C";"1";"174.390,00";"executada";"entrada";"1";"174.390,00";"-";"-";"-"
"13653245685";"02/01/2026 / 11:40:07";"WING26";"V";"1";"174.585,00";"executada";"saída";"1";"174.585,00";"-527,50";"-0,30";"-105,50"
"13653245684";"02/01/2026 / 11:33:00";"WING26";"C";"1";"174.935,00";"executada";"entrada";"1";"174.935,00";"-";"-";"-"
"13653245683";"02/01/2026 / 11:18:00";"WING26";"C";"1";"175.290,00";"executada";"entrada";"1";"175.290,00";"-";"-";"-"
"13653245682";"02/01/2026 / 10:58:00";"WING26";"C";"1";"174.685,00";"executada";"saída";"1";"174.685,00";"900,00";"0,51";"180,00"
"13653245681";"02/01/2026 / 10:30:00";"WING26";"V";"1";"175.585,00";"executada";"entrada";"1";"175.585,00";"-";"-";"-"
"13653245680";"30/12/2025 / 13:00:00";"WING26";"V";"1";"175.560,00";"executada";"saída";"1";"175.560,00";"270,00";"0,15";"54,00"
"13653245679";"30/12/2025 / 12:18:00";"WING26";"C";"1";"175.290,00";"executada";"entrada";"1";"175.290,00";"-";"-";"-"
"13653245678";"30/12/2025 / 11:58:05";"WING26";"C";"1";"175.050,00";"executada";"saída";"1";"175.050,00";"880,00";"0,50";"176,00"
"13653245677";"30/12/2025 / 10:30:00";"WING26";"V";"1";"175.930,00";"executada";"entrada";"1";"175.930,00";"-";"-";"-"
"13653245676";"29/12/2025 / 13:00:00";"WING26";"C";"1";"174.295,00";"executada";"saída";"1";"174.295,00";"-5,00";"-0,00";"-1,00"
"13653245675";"29/12/2025 / 13:00:00";"WING26";"V";"1";"174.290,00";"executada";"entrada";"1";"174.290,00";"-";"-";"-"
"13653245674";"29/12/2025 / 13:00:00";"WING26";"V";"1";"174.290,00";"executada";"saída";"1";"174.290,00";"-292,50";"-0,17";"-58,50"
"13653245673";"29/12/2025 / 12:22:00";"WING26";"V";"1";"174.055,00";"executada";"saída";"1";"174.055,00";"-527,50";"-0,30";"-105,50"
"13653245672";"29/12/2025 / 11:07:05";"WING26";"C";"1";"174.405,00";"executada";"entrada";"1";"174.405,00";"-";"-";"-"
"13653245671";"29/12/2025 / 10:30:00";"WING26";"C";"1";"174.760,00";"executada";"entrada";"1";"174.760,00";"-";"-";"-"
"13653245670";"26/12/2025 / 13:00:00";"WING26";"C";"1";"174.475,00";"executada";"saída";"1";"174.475,00";"80,00";"0,05";"16,00"
"13653245669";"26/12/2025 / 12:30:00";"WING26";"V";"1";"174.555,00";"executada";"entrada";"1";"174.555,00";"-";"-";"-"
"13653245668";"26/12/2025 / 12:12:10";"WING26";"V";"1";"174.655,00";"executada";"saída";"1";"174.655,00";"885,00";"0,51";"177,00"
"13653245667";"26/12/2025 / 10:30:00";"WING26";"C";"1";"173.770,00";"executada";"entrada";"1";"173.770,00";"-";"-";"-"
"13653245666";"23/12/2025 / 13:00:00";"WING26";"C";"1";"174.450,00";"executada";"saída";"1";"174.450,00";"-70,00";"-0,04";"-14,00"
"13653245665";"23/12/2025 / 12:24:00";"WING26";"V";"1";"174.380,00";"executada";"entrada";"1";"174.380,00";"-";"-";"-"
"13653245664";"23/12/2025 / 12:01:04";"WING26";"V";"1";"174.345,00";"executada";"saída";"1";"174.345,00";"870,00";"0,50";"174,00"
"13653245663";"23/12/2025 / 10:30:00";"WING26";"C";"1";"173.475,00";"executada";"entrada";"1";"173.475,00";"-";"-";"-"
"13653245662";"22/12/2025 / 13:00:00";"WING26";"V";"1";"172.195,00";"executada";"saída";"1";"172.195,00";"288,75";"0,17";"57,75"
"13653245661";"22/12/2025 / 13:00:00";"WING26";"V";"1";"172.195,00";"executada";"saída";"1";"172.195,00";"288,75";"0,17";"57,75"
"13653245660";"22/12/2025 / 11:28:01";"WING26";"C";"1";"171.550,00";"executada";"entrada";"1";"171.550,00";"-";"-";"-"
"13653245659";"22/12/2025 / 11:24:04";"WING26";"V";"1";"171.735,00";"executada";"saída";"1";"171.735,00";"-527,50";"-0,31";"-105,50"
"13653245658";"22/12/2025 / 10:55:04";"WING26";"C";"1";"172.085,00";"executada";"entrada";"1";"172.085,00";"-";"-";"-"
"13653245657";"22/12/2025 / 10:30:00";"WING26";"C";"1";"172.440,00";"executada";"entrada";"1";"172.440,00";"-";"-";"-"
"13653245656";"19/12/2025 / 13:00:00";"WING26";"V";"1";"173.500,00";"executada";"saída";"1";"173.500,00";"-5,00";"-0,00";"-1,00"
"13653245655";"19/12/2025 / 13:00:00";"WING26";"C";"1";"173.505,00";"executada";"entrada";"1";"173.505,00";"-";"-";"-"
"13653245654";"19/12/2025 / 13:00:00";"WING26";"C";"1";"173.505,00";"executada";"saída";"1";"173.505,00";"-152,50";"-0,09";"-30,50"
"13653245653";"19/12/2025 / 11:48:06";"WING26";"C";"1";"173.885,00";"executada";"saída";"1";"173.885,00";"-532,50";"-0,31";"-106,50"
"13653245652";"19/12/2025 / 11:36:00";"WING26";"V";"1";"173.525,00";"executada";"entrada";"1";"173.525,00";"-";"-";"-"
"13653245651";"19/12/2025 / 11:18:00";"WING26";"V";"1";"173.180,00";"executada";"entrada";"1";"173.180,00";"-";"-";"-"
"13653245650";"19/12/2025 / 11:00:05";"WING26";"V";"1";"173.600,00";"executada";"saída";"1";"173.600,00";"870,00";"0,50";"174,00"
"13653245649";"19/12/2025 / 10:30:00";"WING26";"C";"1";"172.730,00";"executada";"entrada";"1";"172.730,00";"-";"-";"-"
"13653245648";"18/12/2025 / 13:00:00";"WING26";"C";"1";"172.885,00";"executada";"saída";"1";"172.885,00";"-326,67";"-0,19";"-65,33"
"13653245647";"18/12/2025 / 13:00:00";"WING26";"C";"1";"172.885,00";"executada";"saída";"1";"172.885,00";"-326,67";"-0,19";"-65,33"
"13653245646";"18/12/2025 / 13:00:00";"WING26";"C";"1";"172.885,00";"executada";"saída";"1";"172.885,00";"-326,67";"-0,19";"-65,33"
"13653245645";"18/12/2025 / 12:54:07";"WING26";"V";"1";"172.920,00";"executada";"entrada";"1";"172.920,00";"-";"-";"-"
"13653245644";"18/12/2025 / 12:52:10";"WING26";"V";"1";"172.730,00";"executada";"entrada";"1";"172.730,00";"-";"-";"-"
"13653245643";"18/12/2025 / 12:14:01";"WING26";"C";"1";"172.540,00";"executada";"saída";"1";"172.540,00";"-515,00";"-0,30";"-103,00"
"13653245642";"18/12/2025 / 10:51:06";"WING26";"V";"1";"172.195,00";"executada";"entrada";"1";"172.195,00";"-";"-";"-"
"13653245641";"18/12/2025 / 10:30:00";"WING26";"V";"1";"171.855,00";"executada";"entrada";"1";"171.855,00";"-";"-";"-"
"13653245640";"17/12/2025 / 13:00:00";"WING26";"C";"1";"171.575,00";"executada";"saída";"1";"171.575,00";"340,00";"0,20";"68,00"
"13653245639";"17/12/2025 / 13:00:00";"WING26";"C";"1";"171.575,00";"executada";"saída";"1";"171.575,00";"340,00";"0,20";"68,00"
"13653245638";"17/12/2025 / 11:34:07";"WING26";"V";"1";"172.265,00";"executada";"entrada";"1";"172.265,00";"-";"-";"-"
"13653245637";"17/12/2025 / 11:31:07";"WING26";"C";"1";"172.090,00";"executada";"saída";"1";"172.090,00";"-525,00";"-0,31";"-105,00"
"13653245636";"17/12/2025 / 11:23:09";"WING26";"V";"1";"171.735,00";"executada";"entrada";"1";"171.735,00";"-";"-";"-"
"13653245635";"17/12/2025 / 10:30:00";"WING26";"V";"1";"171.395,00";"executada";"entrada";"1";"171.395,00";"-";"-";"-"
"13653245634";"16/12/2025 / 13:00:00";"WINZ25";"V";"1";"174.555,00";"executada";"saída";"1";"174.555,00";"-50,00";"-0,03";"-10,00"
"13653245633";"16/12/2025 / 12:48:00";"WINZ25";"C";"1";"174.605,00";"executada";"entrada";"1";"174.605,00";"-";"-";"-"
"13653245632";"16/12/2025 / 12:09:10";"WINZ25";"C";"1";"174.865,00";"executada";"saída";"1";"174.865,00";"890,00";"0,51";"178,00"
"13653245631";"16/12/2025 / 10:30:00";"WINZ25";"V";"1";"175.755,00";"executada";"entrada";"1";"175.755,00";"-";"-";"-"
"13653245630";"15/12/2025 / 13:00:00";"WINZ25";"V";"1";"177.510,00";"executada";"saída";"1";"177.510,00";"505,00";"0,29";"101,00"
"13653245629";"15/12/2025 / 10:30:00";"WINZ25";"C";"1";"177.005,00";"executada";"entrada";"1";"177.005,00";"-";"-";"-"
"13653245628";"12/12/2025 / 13:00:00";"WINZ25";"C";"1";"174.620,00";"executada";"saída";"1";"174.620,00";"1.375,00";"0,78";"275,00"
"13653245627";"12/12/2025 / 12:21:08";"WINZ25";"C";"1";"175.020,00";"executada";"saída";"1";"175.020,00";"975,00";"0,55";"195,00"
"13653245626";"12/12/2025 / 10:55:08";"WINZ25";"V";"1";"176.475,00";"executada";"entrada";"1";"176.475,00";"-";"-";"-"
"13653245625";"12/12/2025 / 10:48:03";"WINZ25";"C";"1";"176.295,00";"executada";"saída";"1";"176.295,00";"-780,00";"-0,44";"-156,00"
"13653245624";"12/12/2025 / 10:45:00";"WINZ25";"V";"1";"175.900,00";"executada";"entrada";"1";"175.900,00";"-";"-";"-"
"13653245623";"12/12/2025 / 10:30:00";"WINZ25";"V";"1";"175.130,00";"executada";"entrada";"1";"175.130,00";"-";"-";"-"
"13653245622";"11/12/2025 / 13:00:00";"WINZ25";"C";"1";"174.765,00";"executada";"saída";"1";"174.765,00";"-28,75";"-0,02";"-5,75"
"13653245621";"11/12/2025 / 13:00:00";"WINZ25";"C";"1";"174.765,00";"executada";"saída";"1";"174.765,00";"-28,75";"-0,02";"-5,75"
"13653245620";"11/12/2025 / 12:28:04";"WINZ25";"V";"1";"175.150,00";"executada";"entrada";"1";"175.150,00";"-";"-";"-"
"13653245619";"11/12/2025 / 12:23:03";"WINZ25";"C";"1";"174.970,00";"executada";"saída";"1";"174.970,00";"-647,50";"-0,37";"-129,50"
"13653245618";"11/12/2025 / 12:09:00";"WINZ25";"V";"1";"174.610,00";"executada";"entrada";"1";"174.610,00";"-";"-";"-"
"13653245617";"11/12/2025 / 11:54:00";"WINZ25";"V";"1";"174.035,00";"executada";"entrada";"1";"174.035,00";"-";"-";"-"
"13653245616";"11/12/2025 / 11:18:07";"WINZ25";"V";"1";"174.415,00";"executada";"saída";"1";"174.415,00";"870,00";"0,50";"174,00"
"13653245615";"11/12/2025 / 10:30:00";"WINZ25";"C";"1";"173.545,00";"executada";"entrada";"1";"173.545,00";"-";"-";"-"
"13653245614";"10/12/2025 / 13:00:00";"WINZ25";"C";"1";"173.755,00";"executada";"saída";"1";"173.755,00";"-292,50";"-0,17";"-58,50"
"13653245613";"10/12/2025 / 13:00:00";"WINZ25";"C";"1";"173.755,00";"executada";"saída";"1";"173.755,00";"-292,50";"-0,17";"-58,50"
"13653245612";"10/12/2025 / 10:48:04";"WINZ25";"V";"1";"173.635,00";"executada";"entrada";"1";"173.635,00";"-";"-";"-"
"13653245611";"10/12/2025 / 10:30:00";"WINZ25";"V";"1";"173.290,00";"executada";"entrada";"1";"173.290,00";"-";"-";"-"
"13653245610";"09/12/2025 / 13:00:00";"WINZ25";"C";"1";"173.125,00";"executada";"saída";"1";"173.125,00";"110,00";"0,06";"22,00"
"13653245609";"09/12/2025 / 12:48:00";"WINZ25";"V";"1";"173.235,00";"executada";"entrada";"1";"173.235,00";"-";"-";"-"
"13653245608";"09/12/2025 / 12:27:04";"WINZ25";"V";"1";"172.730,00";"executada";"saída";"1";"172.730,00";"1.217,50";"0,71";"243,50"
"13653245607";"09/12/2025 / 11:49:04";"WINZ25";"V";"1";"172.015,00";"executada";"saída";"1";"172.015,00";"502,50";"0,29";"100,50"
"13653245606";"09/12/2025 / 10:45:00";"WINZ25";"C";"1";"171.155,00";"executada";"entrada";"1";"171.155,00";"-";"-";"-"
"13653245605";"09/12/2025 / 10:30:00";"WINZ25";"C";"1";"171.870,00";"executada";"entrada";"1";"171.870,00";"-";"-";"-"
"13653245604";"08/12/2025 / 13:00:00";"WINZ25";"V";"1";"173.330,00";"executada";"saída";"1";"173.330,00";"160,00";"0,09";"32,00"
"13653245603";"08/12/2025 / 12:48:00";"WINZ25";"C";"1";"173.170,00";"executada";"entrada";"1";"173.170,00";"-";"-";"-"
"13653245602";"08/12/2025 / 12:18:10";"WINZ25";"C";"1";"173.180,00";"executada";"saída";"1";"173.180,00";"1.057,50";"0,61";"211,50"
"13653245601";"08/12/2025 / 11:52:04";"WINZ25";"C";"1";"173.540,00";"executada";"saída";"1";"173.540,00";"697,50";"0,40";"139,50"
"13653245600";"08/12/2025 / 10:50:06";"WINZ25";"V";"1";"174.415,00";"executada";"entrada";"1";"174.415,00";"-";"-";"-"
"13653245599";"08/12/2025 / 10:30:00";"WINZ25";"V";"1";"174.060,00";"executada";"entrada";"1";"174.060,00";"-";"-";"-"
"13653245598";"05/12/2025 / 13:00:00";"WINZ25";"V";"1";"178.505,00";"executada";"saída";"1";"178.505,00";"-530,00";"-0,30";"-106,00"
"13653245597";"05/12/2025 / 12:57:01";"WINZ25";"C";"1";"179.035,00";"executada";"entrada";"1";"179.035,00";"-";"-";"-"
"13653245596";"05/12/2025 / 12:54:02";"WINZ25";"C";"1";"179.365,00";"executada";"saída";"1";"179.365,00";"757,50";"0,42";"151,50"
"13653245595";"05/12/2025 / 12:43:02";"WINZ25";"C";"1";"180.670,00";"executada";"saída";"1";"180.670,00";"-547,50";"-0,30";"-109,50"
"13653245594";"05/12/2025 / 11:53:07";"WINZ25";"V";"1";"180.300,00";"executada";"entrada";"1";"180.300,00";"-";"-";"-"
"13653245593";"05/12/2025 / 10:30:00";"WINZ25";"V";"1";"179.945,00";"executada";"entrada";"1";"179.945,00";"-";"-";"-"
"13653245592";"04/12/2025 / 13:00:00";"WINZ25";"C";"1";"179.785,00";"executada";"saída";"1";"179.785,00";"35,00";"0,02";"7,00"
"13653245591";"04/12/2025 / 12:42:00";"WINZ25";"V";"1";"179.820,00";"executada";"entrada";"1";"179.820,00";"-";"-";"-"
"13653245590";"04/12/2025 / 12:24:07";"WINZ25";"V";"1";"179.915,00";"executada";"saída";"1";"179.915,00";"905,00";"0,51";"181,00"
"13653245589";"04/12/2025 / 10:30:00";"WINZ25";"C";"1";"179.010,00";"executada";"entrada";"1";"179.010,00";"-";"-";"-"
"13653245588";"03/12/2025 / 13:00:00";"WINZ25";"C";"1";"177.195,00";"executada";"saída";"1";"177.195,00";"270,00";"0,15";"54,00"
"13653245587";"03/12/2025 / 10:30:00";"WINZ25";"V";"1";"177.465,00";"executada";"entrada";"1";"177.465,00";"-";"-";"-"
"13653245586";"02/12/2025 / 13:00:00";"WINZ25";"C";"1";"175.680,00";"executada";"saída";"1";"175.680,00";"270,00";"0,15";"54,00"
"13653245585";"02/12/2025 / 11:36:00";"WINZ25";"V";"1";"175.950,00";"executada";"entrada";"1";"175.950,00";"-";"-";"-"
"13653245584";"02/12/2025 / 11:09:06";"WINZ25";"V";"1";"176.220,00";"executada";"saída";"1";"176.220,00";"880,00";"0,50";"176,00"
"13653245583";"02/12/2025 / 10:30:00";"WINZ25";"C";"1";"175.340,00";"executada";"entrada";"1";"175.340,00";"-";"-";"-"
"13653245582";"01/12/2025 / 13:00:00";"WINZ25";"C";"1";"174.555,00";"executada";"saída";"1";"174.555,00";"221,67";"0,13";"44,33"
"13653245581";"01/12/2025 / 13:00:00";"WINZ25";"C";"1";"174.555,00";"executada";"saída";"1";"174.555,00";"221,67";"0,13";"44,33"
"13653245580";"01/12/2025 / 13:00:00";"WINZ25";"C";"1";"174.555,00";"executada";"saída";"1";"174.555,00";"221,67";"0,13";"44,33"
"13653245579";"01/12/2025 / 11:52:07";"WINZ25";"V";"1";"175.120,00";"executada";"entrada";"1";"175.120,00";"-";"-";"-"
"13653245578";"01/12/2025 / 11:51:04";"WINZ25";"V";"1";"174.960,00";"executada";"entrada";"1";"174.960,00";"-";"-";"-"
"13653245577";"01/12/2025 / 11:37:06";"WINZ25";"C";"1";"174.775,00";"executada";"saída";"1";"174.775,00";"-525,00";"-0,30";"-105,00"
"13653245576";"01/12/2025 / 11:01:10";"WINZ25";"V";"1";"174.425,00";"executada";"entrada";"1";"174.425,00";"-";"-";"-"
"13653245575";"01/12/2025 / 10:30:00";"WINZ25";"V";"1";"174.075,00";"executada";"entrada";"1";"174.075,00";"-";"-";"-"
"13653245574";"28/11/2025 / 13:00:00";"WINZ25";"C";"1";"174.885,00";"executada";"saída";"1";"174.885,00";"20,00";"0,01";"4,00"
"13653245573";"28/11/2025 / 13:00:00";"WINZ25";"C";"1";"174.885,00";"executada";"saída";"1";"174.885,00";"20,00";"0,01";"4,00"
"13653245572";"28/11/2025 / 11:16:03";"WINZ25";"V";"1";"175.090,00";"executada";"entrada";"1";"175.090,00";"-";"-";"-"
"13653245571";"28/11/2025 / 10:30:00";"WINZ25";"V";"1";"174.720,00";"executada";"entrada";"1";"174.720,00";"-";"-";"-"
"13653245570";"27/11/2025 / 13:00:00";"WINZ25";"V";"1";"174.425,00";"executada";"saída";"1";"174.425,00";"-197,50";"-0,11";"-39,50"
"13653245569";"27/11/2025 / 13:00:00";"WINZ25";"V";"1";"174.425,00";"executada";"saída";"1";"174.425,00";"-197,50";"-0,11";"-39,50"
"13653245568";"27/11/2025 / 10:59:08";"WINZ25";"C";"1";"174.450,00";"executada";"entrada";"1";"174.450,00";"-";"-";"-"
"13653245567";"27/11/2025 / 10:30:00";"WINZ25";"C";"1";"174.795,00";"executada";"entrada";"1";"174.795,00";"-";"-";"-"
"13653245566";"26/11/2025 / 13:00:00";"WINZ25";"V";"1";"173.840,00";"executada";"saída";"1";"173.840,00";"505,00";"0,29";"101,00"
"13653245565";"26/11/2025 / 10:30:00";"WINZ25";"C";"1";"173.335,00";"executada";"entrada";"1";"173.335,00";"-";"-";"-"
"13653245564";"25/11/2025 / 13:00:00";"WINZ25";"V";"1";"171.505,00";"executada";"saída";"1";"171.505,00";"-24,17";"-0,01";"-4,83"
"13653245563";"25/11/2025 / 13:00:00";"WINZ25";"V";"1";"171.505,00";"executada";"saída";"1";"171.505,00";"-24,17";"-0,01";"-4,83"
"13653245562";"25/11/2025 / 12:36:06";"WINZ25";"V";"1";"172.000,00";"executada";"saída";"1";"172.000,00";"470,83";"0,27";"94,17"
"13653245561";"25/11/2025 / 11:21:05";"WINZ25";"C";"1";"171.140,00";"executada";"entrada";"1";"171.140,00";"-";"-";"-"
"13653245560";"25/11/2025 / 11:16:03";"WINZ25";"C";"1";"171.305,00";"executada";"entrada";"1";"171.305,00";"-";"-";"-"
"13653245559";"25/11/2025 / 10:50:03";"WINZ25";"V";"1";"171.480,00";"executada";"saída";"1";"171.480,00";"-662,50";"-0,38";"-132,50"
"13653245558";"25/11/2025 / 10:45:00";"WINZ25";"C";"1";"171.825,00";"executada";"entrada";"1";"171.825,00";"-";"-";"-"
"13653245557";"25/11/2025 / 10:30:00";"WINZ25";"C";"1";"172.460,00";"executada";"entrada";"1";"172.460,00";"-";"-";"-"
"13653245556";"24/11/2025 / 13:00:00";"WINZ25";"C";"1";"171.595,00";"executada";"saída";"1";"171.595,00";"125,00";"0,07";"25,00"
"13653245555";"24/11/2025 / 11:54:00";"WINZ25";"V";"1";"171.720,00";"executada";"entrada";"1";"171.720,00";"-";"-";"-"
"13653245554";"24/11/2025 / 11:31:03";"WINZ25";"V";"1";"172.095,00";"executada";"saída";"1";"172.095,00";"890,00";"0,52";"178,00"
"13653245553";"24/11/2025 / 10:30:00";"WINZ25";"C";"1";"171.205,00";"executada";"entrada";"1";"171.205,00";"-";"-";"-"
"13653245552";"21/11/2025 / 13:00:00";"WINZ25";"V";"1";"170.315,00";"executada";"saída";"1";"170.315,00";"-165,00";"-0,10";"-33,00"
"13653245551";"21/11/2025 / 12:48:00";"WINZ25";"C";"1";"170.480,00";"executada";"entrada";"1";"170.480,00";"-";"-";"-"
"13653245550";"21/11/2025 / 12:21:08";"WINZ25";"C";"1";"170.190,00";"executada";"saída";"1";"170.190,00";"1.030,00";"0,60";"206,00"
"13653245549";"21/11/2025 / 11:10:04";"WINZ25";"C";"1";"170.530,00";"executada";"saída";"1";"170.530,00";"690,00";"0,40";"138,00"
"13653245548";"21/11/2025 / 10:45:16";"WINZ25";"V";"1";"171.390,00";"executada";"entrada";"1";"171.390,00";"-";"-";"-"
"13653245547";"21/11/2025 / 10:30:00";"WINZ25";"V";"1";"171.050,00";"executada";"entrada";"1";"171.050,00";"-";"-";"-"
"13653245546";"19/11/2025 / 13:00:00";"WINZ25";"C";"1";"172.170,00";"executada";"saída";"1";"172.170,00";"285,00";"0,17";"57,00"
"13653245545";"19/11/2025 / 13:00:00";"WINZ25";"C";"1";"172.170,00";"executada";"saída";"1";"172.170,00";"285,00";"0,17";"57,00"
"13653245544";"19/11/2025 / 11:33:04";"WINZ25";"V";"1";"172.625,00";"executada";"entrada";"1";"172.625,00";"-";"-";"-"
"13653245543";"19/11/2025 / 10:30:00";"WINZ25";"V";"1";"172.285,00";"executada";"entrada";"1";"172.285,00";"-";"-";"-"
"13653245542";"18/11/2025 / 13:00:00";"WINZ25";"V";"1";"173.000,00";"executada";"saída";"1";"173.000,00";"-67,50";"-0,04";"-13,50"
"13653245541";"18/11/2025 / 13:00:00";"WINZ25";"V";"1";"173.000,00";"executada";"saída";"1";"173.000,00";"-67,50";"-0,04";"-13,50"
"13653245540";"18/11/2025 / 10:45:09";"WINZ25";"C";"1";"172.895,00";"executada";"entrada";"1";"172.895,00";"-";"-";"-"
"13653245539";"18/11/2025 / 10:30:00";"WINZ25";"C";"1";"173.240,00";"executada";"entrada";"1";"173.240,00";"-";"-";"-"
"13653245538";"17/11/2025 / 13:00:00";"WINZ25";"C";"1";"174.260,00";"executada";"saída";"1";"174.260,00";"55,00";"0,03";"11,00"
"13653245537";"17/11/2025 / 10:30:00";"WINZ25";"V";"1";"174.315,00";"executada";"entrada";"1";"174.315,00";"-";"-";"-"
"13653245536";"14/11/2025 / 13:00:00";"WINZ25";"C";"1";"174.820,00";"executada";"saída";"1";"174.820,00";"-322,50";"-0,18";"-64,50"
"13653245535";"14/11/2025 / 13:00:00";"WINZ25";"C";"1";"174.820,00";"executada";"saída";"1";"174.820,00";"-322,50";"-0,18";"-64,50"
"13653245534";"14/11/2025 / 13:00:00";"WINZ25";"C";"1";"174.820,00";"executada";"saída";"1";"174.820,00";"-322,50";"-0,18";"-64,50"
"13653245533";"14/11/2025 / 11:52:05";"WINZ25";"V";"1";"174.850,00";"executada";"entrada";"1";"174.850,00";"-";"-";"-"
"13653245532";"14/11/2025 / 11:45:05";"WINZ25";"V";"1";"174.695,00";"executada";"entrada";"1";"174.695,00";"-";"-";"-"
"13653245531";"14/11/2025 / 11:37:05";"WINZ25";"C";"1";"174.500,00";"executada";"saída";"1";"174.500,00";"-552,50";"-0,32";"-110,50"
"13653245530";"14/11/2025 / 11:19:03";"WINZ25";"V";"1";"174.120,00";"executada";"entrada";"1";"174.120,00";"-";"-";"-"
"13653245529";"14/11/2025 / 10:30:00";"WINZ25";"V";"1";"173.775,00";"executada";"entrada";"1";"173.775,00";"-";"-";"-"
"13653245528";"13/11/2025 / 13:00:00";"WINZ25";"C";"1";"174.445,00";"executada";"saída";"1";"174.445,00";"445,00";"0,25";"89,00"
"13653245527";"13/11/2025 / 10:30:00";"WINZ25";"V";"1";"174.890,00";"executada";"entrada";"1";"174.890,00";"-";"-";"-"
"13653245526";"12/11/2025 / 13:00:00";"WINZ25";"V";"1";"173.825,00";"executada";"saída";"1";"173.825,00";"-373,33";"-0,21";"-74,67"
"13653245525";"12/11/2025 / 13:00:00";"WINZ25";"V";"1";"173.825,00";"executada";"saída";"1";"173.825,00";"-373,33";"-0,21";"-74,67"
"13653245524";"12/11/2025 / 13:00:00";"WINZ25";"V";"1";"173.825,00";"executada";"saída";"1";"173.825,00";"-373,33";"-0,21";"-74,67"
"13653245523";"12/11/2025 / 12:00:04";"WINZ25";"C";"1";"173.835,00";"executada";"entrada";"1";"173.835,00";"-";"-";"-"
"13653245522";"12/11/2025 / 11:47:07";"WINZ25";"C";"1";"174.030,00";"executada";"entrada";"1";"174.030,00";"-";"-";"-"
"13653245521";"12/11/2025 / 11:45:04";"WINZ25";"V";"1";"174.205,00";"executada";"saída";"1";"174.205,00";"-525,00";"-0,30";"-105,00"
"13653245520";"12/11/2025 / 10:54:05";"WINZ25";"C";"1";"174.555,00";"executada";"entrada";"1";"174.555,00";"-";"-";"-"
"13653245519";"12/11/2025 / 10:30:00";"WINZ25";"C";"1";"174.905,00";"executada";"entrada";"1";"174.905,00";"-";"-";"-"
"13653245518";"11/11/2025 / 13:00:00";"WINZ25";"V";"1";"174.545,00";"executada";"saída";"1";"174.545,00";"-5,00";"-0,00";"-1,00"
"13653245517";"11/11/2025 / 13:00:00";"WINZ25";"C";"1";"174.550,00";"executada";"entrada";"1";"174.550,00";"-";"-";"-"
"13653245516";"11/11/2025 / 13:00:00";"WINZ25";"C";"1";"174.550,00";"executada";"saída";"1";"174.550,00";"395,00";"0,23";"79,00"
"13653245515";"11/11/2025 / 12:00:06";"WINZ25";"C";"1";"175.480,00";"executada";"saída";"1";"175.480,00";"-535,00";"-0,31";"-107,00"
"13653245514";"11/11/2025 / 11:27:10";"WINZ25";"V";"1";"175.125,00";"executada";"entrada";"1";"175.125,00";"-";"-";"-"
"13653245513";"11/11/2025 / 11:12:00";"WINZ25";"V";"1";"174.765,00";"executada";"entrada";"1";"174.765,00";"-";"-";"-"
"13653245512";"11/11/2025 / 10:52:04";"WINZ25";"V";"1";"174.670,00";"executada";"saída";"1";"174.670,00";"870,00";"0,50";"174,00"
"13653245511";"11/11/2025 / 10:30:00";"WINZ25";"C";"1";"173.800,00";"executada";"entrada";"1";"173.800,00";"-";"-";"-"
"13653245510";"10/11/2025 / 13:00:00";"WINZ25";"C";"1";"171.950,00";"executada";"saída";"1";"171.950,00";"315,00";"0,18";"63,00"
"13653245509";"10/11/2025 / 13:00:00";"WINZ25";"C";"1";"171.950,00";"executada";"saída";"1";"171.950,00";"315,00";"0,18";"63,00"
"13653245508";"10/11/2025 / 10:59:00";"WINZ25";"V";"1";"172.615,00";"executada";"entrada";"1";"172.615,00";"-";"-";"-"
"13653245507";"10/11/2025 / 10:53:00";"WINZ25";"C";"1";"172.430,00";"executada";"saída";"1";"172.430,00";"-515,00";"-0,30";"-103,00"
"13653245506";"10/11/2025 / 10:48:06";"WINZ25";"V";"1";"172.085,00";"executada";"entrada";"1";"172.085,00";"-";"-";"-"
"13653245505";"10/11/2025 / 10:30:00";"WINZ25";"V";"1";"171.745,00";"executada";"entrada";"1";"171.745,00";"-";"-";"-"
"13653245504";"07/11/2025 / 13:00:00";"WINZ25";"C";"1";"169.885,00";"executada";"saída";"1";"169.885,00";"245,00";"0,14";"49,00"
"13653245503";"07/11/2025 / 10:30:00";"WINZ25";"V";"1";"170.130,00";"executada";"entrada";"1";"170.130,00";"-";"-";"-"
"13653245502";"06/11/2025 / 13:00:00";"WINZ25";"C";"1";"170.755,00";"executada";"saída";"1";"170.755,00";"405,00";"0,24";"81,00"
"13653245501";"06/11/2025 / 13:00:00";"WINZ25";"C";"1";"170.755,00";"executada";"saída";"1";"170.755,00";"405,00";"0,24";"81,00"
"13653245500";"06/11/2025 / 10:51:06";"WINZ25";"V";"1";"171.330,00";"executada";"entrada";"1";"171.330,00";"-";"-";"-"
"13653245499";"06/11/2025 / 10:30:00";"WINZ25";"V";"1";"170.990,00";"executada";"entrada";"1";"170.990,00";"-";"-";"-"
"13653245498";"05/11/2025 / 13:00:00";"WINZ25";"C";"1";"169.670,00";"executada";"saída";"1";"169.670,00";"-230,83";"-0,14";"-46,17"
"13653245497";"05/11/2025 / 13:00:00";"WINZ25";"C";"1";"169.670,00";"executada";"saída";"1";"169.670,00";"-230,83";"-0,14";"-46,17"
"13653245496";"05/11/2025 / 13:00:00";"WINZ25";"C";"1";"169.670,00";"executada";"saída";"1";"169.670,00";"-230,83";"-0,14";"-46,17"
"13653245495";"05/11/2025 / 12:23:02";"WINZ25";"V";"1";"169.775,00";"executada";"entrada";"1";"169.775,00";"-";"-";"-"
"13653245494";"05/11/2025 / 12:23:00";"WINZ25";"V";"1";"169.620,00";"executada";"entrada";"1";"169.620,00";"-";"-";"-"
"13653245493";"05/11/2025 / 12:07:04";"WINZ25";"C";"1";"169.440,00";"executada";"saída";"1";"169.440,00";"-517,50";"-0,31";"-103,50"
"13653245492";"05/11/2025 / 11:57:01";"WINZ25";"V";"1";"169.100,00";"executada";"entrada";"1";"169.100,00";"-";"-";"-"
"13653245491";"05/11/2025 / 11:42:00";"WINZ25";"V";"1";"168.745,00";"executada";"entrada";"1";"168.745,00";"-";"-";"-"
"13653245490";"05/11/2025 / 11:26:03";"WINZ25";"V";"1";"168.690,00";"executada";"saída";"1";"168.690,00";"845,00";"0,50";"169,00"
"13653245489";"05/11/2025 / 10:30:00";"WINZ25";"C";"1";"167.845,00";"executada";"entrada";"1";"167.845,00";"-";"-";"-"
"13653245488";"04/11/2025 / 13:00:00";"WINZ25";"V";"1";"167.805,00";"executada";"saída";"1";"167.805,00";"-5,00";"-0,00";"-1,00"
"13653245487";"04/11/2025 / 13:00:00";"WINZ25";"C";"1";"167.810,00";"executada";"entrada";"1";"167.810,00";"-";"-";"-"
"13653245486";"04/11/2025 / 13:00:00";"WINZ25";"C";"1";"167.810,00";"executada";"saída";"1";"167.810,00";"-265,00";"-0,16";"-53,00"
"13653245485";"04/11/2025 / 11:56:04";"WINZ25";"C";"1";"168.055,00";"executada";"saída";"1";"168.055,00";"-510,00";"-0,30";"-102,00"
"13653245484";"04/11/2025 / 11:20:03";"WINZ25";"V";"1";"167.710,00";"executada";"entrada";"1";"167.710,00";"-";"-";"-"
"13653245483";"04/11/2025 / 10:30:00";"WINZ25";"V";"1";"167.380,00";"executada";"entrada";"1";"167.380,00";"-";"-";"-"
"13653245482";"03/11/2025 / 13:00:00";"WINZ25";"C";"1";"167.575,00";"executada";"saída";"1";"167.575,00";"86,67";"0,05";"17,33"
"13653245481";"03/11/2025 / 13:00:00";"WINZ25";"C";"1";"167.575,00";"executada";"saída";"1";"167.575,00";"86,67";"0,05";"17,33"
"13653245480";"03/11/2025 / 13:00:00";"WINZ25";"C";"1";"167.575,00";"executada";"saída";"1";"167.575,00";"86,67";"0,05";"17,33"
"13653245479";"03/11/2025 / 12:00:02";"WINZ25";"V";"1";"168.010,00";"executada";"entrada";"1";"168.010,00";"-";"-";"-"
"13653245478";"03/11/2025 / 11:42:06";"WINZ25";"V";"1";"167.830,00";"executada";"entrada";"1";"167.830,00";"-";"-";"-"
"13653245477";"03/11/2025 / 11:23:08";"WINZ25";"C";"1";"167.645,00";"executada";"saída";"1";"167.645,00";"-500,00";"-0,30";"-100,00"
"13653245476";"03/11/2025 / 10:46:03";"WINZ25";"V";"1";"167.310,00";"executada";"entrada";"1";"167.310,00";"-";"-";"-"
"13653245475";"03/11/2025 / 10:30:00";"WINZ25";"V";"1";"166.980,00";"executada";"entrada";"1";"166.980,00";"-";"-";"-"
"13653245474";"31/10/2025 / 13:00:00";"WINZ25";"C";"1";"166.480,00";"executada";"saída";"1";"166.480,00";"40,00";"0,02";"8,00"
"13653245473";"31/10/2025 / 10:30:00";"WINZ25";"V";"1";"166.520,00";"executada";"entrada";"1";"166.520,00";"-";"-";"-"
"13653245472";"30/10/2025 / 13:00:00";"WINZ25";"C";"1";"166.515,00";"executada";"saída";"1";"166.515,00";"-100,00";"-0,06";"-20,00"
"13653245471";"30/10/2025 / 13:00:00";"WINZ25";"C";"1";"166.515,00";"executada";"saída";"1";"166.515,00";"-100,00";"-0,06";"-20,00"
"13653245470";"30/10/2025 / 11:57:08";"WINZ25";"V";"1";"166.580,00";"executada";"entrada";"1";"166.580,00";"-";"-";"-"
"13653245469";"30/10/2025 / 11:18:00";"WINZ25";"V";"1";"166.250,00";"executada";"entrada";"1";"166.250,00";"-";"-";"-"
"13653245468";"30/10/2025 / 10:50:07";"WINZ25";"V";"1";"166.130,00";"executada";"saída";"1";"166.130,00";"835,00";"0,51";"167,00"
"13653245467";"30/10/2025 / 10:30:00";"WINZ25";"C";"1";"165.295,00";"executada";"entrada";"1";"165.295,00";"-";"-";"-"
"13653245466";"29/10/2025 / 13:00:00";"WINZ25";"C";"1";"166.275,00";"executada";"saída";"1";"166.275,00";"-37,50";"-0,02";"-7,50"
"13653245465";"29/10/2025 / 13:00:00";"WINZ25";"C";"1";"166.275,00";"executada";"saída";"1";"166.275,00";"-37,50";"-0,02";"-7,50"
"13653245464";"29/10/2025 / 12:17:02";"WINZ25";"V";"1";"166.410,00";"executada";"entrada";"1";"166.410,00";"-";"-";"-"
"13653245463";"29/10/2025 / 10:30:00";"WINZ25";"V";"1";"166.065,00";"executada";"entrada";"1";"166.065,00";"-";"-";"-"
"13653245462";"28/10/2025 / 13:00:00";"WINZ25";"V";"1";"165.040,00";"executada";"saída";"1";"165.040,00";"420,00";"0,26";"84,00"
"13653245461";"28/10/2025 / 10:30:00";"WINZ25";"C";"1";"164.620,00";"executada";"entrada";"1";"164.620,00";"-";"-";"-"
"13653245460";"27/10/2025 / 13:00:00";"WINZ25";"C";"1";"164.685,00";"executada";"saída";"1";"164.685,00";"295,00";"0,18";"59,00"
"13653245459";"27/10/2025 / 10:30:00";"WINZ25";"V";"1";"164.980,00";"executada";"entrada";"1";"164.980,00";"-";"-";"-"
"13653245458";"24/10/2025 / 13:00:00";"WINZ25";"V";"1";"163.925,00";"executada";"saída";"1";"163.925,00";"-206,67";"-0,13";"-41,33"
"13653245457";"24/10/2025 / 13:00:00";"WINZ25";"V";"1";"163.925,00";"executada";"saída";"1";"163.925,00";"-206,67";"-0,13";"-41,33"
"13653245456";"24/10/2025 / 13:00:00";"WINZ25";"V";"1";"163.925,00";"executada";"saída";"1";"163.925,00";"-206,67";"-0,13";"-41,33"
"13653245455";"24/10/2025 / 11:53:08";"WINZ25";"C";"1";"163.795,00";"executada";"entrada";"1";"163.795,00";"-";"-";"-"
"13653245454";"24/10/2025 / 11:08:04";"WINZ25";"C";"1";"163.960,00";"executada";"entrada";"1";"163.960,00";"-";"-";"-"
"13653245453";"24/10/2025 / 11:00:06";"WINZ25";"V";"1";"164.130,00";"executada";"saída";"1";"164.130,00";"-510,00";"-0,31";"-102,00"
"13653245452";"24/10/2025 / 10:47:06";"WINZ25";"C";"1";"164.470,00";"executada";"entrada";"1";"164.470,00";"-";"-";"-"
"13653245451";"24/10/2025 / 10:30:00";"WINZ25";"C";"1";"164.810,00";"executada";"entrada";"1";"164.810,00";"-";"-";"-"
"13653245450";"23/10/2025 / 13:00:00";"WINZ25";"V";"1";"163.130,00";"executada";"saída";"1";"163.130,00";"155,00";"0,10";"31,00"
"13653245449";"23/10/2025 / 12:30:00";"WINZ25";"C";"1";"162.975,00";"executada";"entrada";"1";"162.975,00";"-";"-";"-"
"13653245448";"23/10/2025 / 12:12:03";"WINZ25";"C";"1";"163.010,00";"executada";"saída";"1";"163.010,00";"820,00";"0,50";"164,00"
"13653245447";"23/10/2025 / 10:30:00";"WINZ25";"V";"1";"163.830,00";"executada";"entrada";"1";"163.830,00";"-";"-";"-"
"13653245446";"22/10/2025 / 13:00:00";"WINZ25";"C";"1";"162.530,00";"executada";"saída";"1";"162.530,00";"-178,33";"-0,11";"-35,67"
"13653245445";"22/10/2025 / 13:00:00";"WINZ25";"C";"1";"162.530,00";"executada";"saída";"1";"162.530,00";"-178,33";"-0,11";"-35,67"
"13653245444";"22/10/2025 / 13:00:00";"WINZ25";"C";"1";"162.530,00";"executada";"saída";"1";"162.530,00";"-178,33";"-0,11";"-35,67"
"13653245443";"22/10/2025 / 12:13:10";"WINZ25";"V";"1";"162.665,00";"executada";"entrada";"1";"162.665,00";"-";"-";"-"
"13653245442";"22/10/2025 / 11:25:08";"WINZ25";"V";"1";"162.530,00";"executada";"entrada";"1";"162.530,00";"-";"-";"-"
"13653245441";"22/10/2025 / 10:51:06";"WINZ25";"C";"1";"162.345,00";"executada";"saída";"1";"162.345,00";"-485,00";"-0,30";"-97,00"
"13653245440";"22/10/2025 / 10:47:04";"WINZ25";"V";"1";"162.020,00";"executada";"entrada";"1";"162.020,00";"-";"-";"-"
"13653245439";"22/10/2025 / 10:30:00";"WINZ25";"V";"1";"161.700,00";"executada";"entrada";"1";"161.700,00";"-";"-";"-"
"13653245438";"21/10/2025 / 13:00:00";"WINZ25";"C";"1";"162.230,00";"executada";"saída";"1";"162.230,00";"-56,67";"-0,03";"-11,33"
"13653245437";"21/10/2025 / 13:00:00";"WINZ25";"C";"1";"162.230,00";"executada";"saída";"1";"162.230,00";"-56,67";"-0,03";"-11,33"
"13653245436";"21/10/2025 / 10:45:01";"WINZ25";"C";"1";"162.440,00";"executada";"saída";"1";"162.440,00";"-266,67";"-0,16";"-53,33"
"13653245435";"21/10/2025 / 10:45:01";"WINZ25";"V";"1";"162.625,00";"executada";"entrada";"1";"162.625,00";"-";"-";"-"
"13653245434";"21/10/2025 / 10:45:00";"WINZ25";"V";"1";"162.115,00";"executada";"entrada";"1";"162.115,00";"-";"-";"-"
"13653245433";"21/10/2025 / 10:30:00";"WINZ25";"V";"1";"161.780,00";"executada";"entrada";"1";"161.780,00";"-";"-";"-"
"13653245432";"20/10/2025 / 13:00:00";"WINZ25";"C";"1";"162.925,00";"executada";"saída";"1";"162.925,00";"-365,00";"-0,22";"-73,00"
"13653245431";"20/10/2025 / 13:00:00";"WINZ25";"C";"1";"162.925,00";"executada";"saída";"1";"162.925,00";"-365,00";"-0,22";"-73,00"
"13653245430";"20/10/2025 / 12:19:06";"WINZ25";"V";"1";"162.720,00";"executada";"entrada";"1";"162.720,00";"-";"-";"-"
"13653245429";"20/10/2025 / 11:36:00";"WINZ25";"V";"1";"162.400,00";"executada";"entrada";"1";"162.400,00";"-";"-";"-"
"13653245428";"20/10/2025 / 11:03:00";"WINZ25";"V";"1";"162.445,00";"executada";"saída";"1";"162.445,00";"810,00";"0,50";"162,00"
"13653245427";"20/10/2025 / 10:30:00";"WINZ25";"C";"1";"161.635,00";"executada";"entrada";"1";"161.635,00";"-";"-";"-"
"13653245426";"17/10/2025 / 13:00:00";"WINZ25";"C";"1";"161.215,00";"executada";"saída";"1";"161.215,00";"-230,00";"-0,14";"-46,00"
"13653245425";"17/10/2025 / 13:00:00";"WINZ25";"C";"1";"161.215,00";"executada";"saída";"1";"161.215,00";"-230,00";"-0,14";"-46,00"
"13653245424";"17/10/2025 / 12:53:13";"WINZ25";"V";"1";"161.320,00";"executada";"entrada";"1";"161.320,00";"-";"-";"-"
"13653245423";"17/10/2025 / 12:06:05";"WINZ25";"C";"1";"161.155,00";"executada";"saída";"1";"161.155,00";"-505,00";"-0,31";"-101,00"
"13653245422";"17/10/2025 / 11:24:06";"WINZ25";"V";"1";"160.825,00";"executada";"entrada";"1";"160.825,00";"-";"-";"-"
"13653245421";"17/10/2025 / 11:06:00";"WINZ25";"V";"1";"160.475,00";"executada";"entrada";"1";"160.475,00";"-";"-";"-"
"13653245420";"17/10/2025 / 10:39:04";"WINZ25";"V";"1";"160.265,00";"executada";"saída";"1";"160.265,00";"815,00";"0,51";"163,00"
"13653245419";"17/10/2025 / 10:30:00";"WINZ25";"C";"1";"159.450,00";"executada";"entrada";"1";"159.450,00";"-";"-";"-"
"13653245418";"16/10/2025 / 13:00:00";"WINZ25";"V";"1";"160.635,00";"executada";"saída";"1";"160.635,00";"-5,00";"-0,00";"-1,00"
"13653245417";"16/10/2025 / 13:00:00";"WINZ25";"C";"1";"160.640,00";"executada";"entrada";"1";"160.640,00";"-";"-";"-"
"13653245416";"16/10/2025 / 13:00:00";"WINZ25";"C";"1";"160.640,00";"executada";"saída";"1";"160.640,00";"-77,50";"-0,05";"-15,50"
"13653245415";"16/10/2025 / 12:17:07";"WINZ25";"C";"1";"161.055,00";"executada";"saída";"1";"161.055,00";"-492,50";"-0,31";"-98,50"
"13653245414";"16/10/2025 / 12:03:00";"WINZ25";"V";"1";"160.730,00";"executada";"entrada";"1";"160.730,00";"-";"-";"-"
"13653245413";"16/10/2025 / 11:48:00";"WINZ25";"V";"1";"160.395,00";"executada";"entrada";"1";"160.395,00";"-";"-";"-"
"13653245412";"16/10/2025 / 11:11:07";"WINZ25";"V";"1";"160.220,00";"executada";"saída";"1";"160.220,00";"810,00";"0,51";"162,00"
"13653245411";"16/10/2025 / 10:30:00";"WINZ25";"C";"1";"159.410,00";"executada";"entrada";"1";"159.410,00";"-";"-";"-"
"13653245410";"15/10/2025 / 13:00:00";"WINZ25";"C";"1";"160.260,00";"executada";"saída";"1";"160.260,00";"475,00";"0,30";"95,00"
"13653245409";"15/10/2025 / 11:18:00";"WINZ25";"V";"1";"160.735,00";"executada";"entrada";"1";"160.735,00";"-";"-";"-"
"13653245408";"15/10/2025 / 10:53:01";"WINZ25";"V";"1";"160.165,00";"executada";"saída";"1";"160.165,00";"810,00";"0,51";"162,00"
"13653245407";"15/10/2025 / 10:30:00";"WINZ25";"C";"1";"159.355,00";"executada";"entrada";"1";"159.355,00";"-";"-";"-"
"13653245406";"14/10/2025 / 13:00:00";"WINV25";"C";"1";"160.440,00";"executada";"saída";"1";"160.440,00";"-45,00";"-0,03";"-9,00"
"13653245405";"14/10/2025 / 11:42:00";"WINV25";"V";"1";"160.395,00";"executada";"entrada";"1";"160.395,00";"-";"-";"-"
"13653245404";"14/10/2025 / 11:19:08";"WINV25";"V";"1";"160.390,00";"executada";"saída";"1";"160.390,00";"810,00";"0,51";"162,00"
"13653245403";"14/10/2025 / 10:30:00";"WINV25";"C";"1";"159.580,00";"executada";"entrada";"1";"159.580,00";"-";"-";"-"
"13653245402";"13/10/2025 / 13:00:00";"WINV25";"V";"1";"160.170,00";"executada";"saída";"1";"160.170,00";"142,50";"0,09";"28,50"
"13653245401";"13/10/2025 / 13:00:00";"WINV25";"V";"1";"160.170,00";"executada";"saída";"1";"160.170,00";"142,50";"0,09";"28,50"
"13653245400";"13/10/2025 / 10:45:00";"WINV25";"C";"1";"159.830,00";"executada";"entrada";"1";"159.830,00";"-";"-";"-"
"13653245399";"13/10/2025 / 10:30:00";"WINV25";"C";"1";"160.225,00";"executada";"entrada";"1";"160.225,00";"-";"-";"-"
"13653245398";"10/10/2025 / 13:00:00";"WINV25";"C";"1";"159.020,00";"executada";"saída";"1";"159.020,00";"-5,00";"-0,00";"-1,00"
"13653245397";"10/10/2025 / 13:00:00";"WINV25";"V";"1";"159.015,00";"executada";"entrada";"1";"159.015,00";"-";"-";"-"
"13653245396";"10/10/2025 / 13:00:00";"WINV25";"V";"1";"159.015,00";"executada";"saída";"1";"159.015,00";"-488,33";"-0,31";"-97,67"
"13653245395";"10/10/2025 / 13:00:00";"WINV25";"V";"1";"159.015,00";"executada";"saída";"1";"159.015,00";"-488,33";"-0,31";"-97,67"
"13653245394";"10/10/2025 / 12:34:04";"WINV25";"V";"1";"158.865,00";"executada";"saída";"1";"158.865,00";"-638,33";"-0,40";"-127,67"
"13653245393";"10/10/2025 / 12:19:01";"WINV25";"C";"1";"159.185,00";"executada";"entrada";"1";"159.185,00";"-";"-";"-"
"13653245392";"10/10/2025 / 12:01:03";"WINV25";"C";"1";"159.315,00";"executada";"entrada";"1";"159.315,00";"-";"-";"-"
"13653245391";"10/10/2025 / 12:00:03";"WINV25";"V";"1";"159.505,00";"executada";"saída";"1";"159.505,00";"-505,00";"-0,32";"-101,00"
"13653245390";"10/10/2025 / 11:33:00";"WINV25";"C";"1";"159.825,00";"executada";"entrada";"1";"159.825,00";"-";"-";"-"
"13653245389";"10/10/2025 / 11:18:00";"WINV25";"C";"1";"160.195,00";"executada";"entrada";"1";"160.195,00";"-";"-";"-"
"13653245388";"10/10/2025 / 10:58:01";"WINV25";"C";"1";"159.485,00";"executada";"saída";"1";"159.485,00";"820,00";"0,51";"164,00"
"13653245387";"10/10/2025 / 10:30:00";"WINV25";"V";"1";"160.305,00";"executada";"entrada";"1";"160.305,00";"-";"-";"-"
"13653245386";"09/10/2025 / 13:00:00";"WINV25";"V";"1";"160.630,00";"executada";"saída";"1";"160.630,00";"138,33";"0,09";"27,67"
"13653245385";"09/10/2025 / 13:00:00";"WINV25";"V";"1";"160.630,00";"executada";"saída";"1";"160.630,00";"138,33";"0,09";"27,67"
"13653245384";"09/10/2025 / 13:00:00";"WINV25";"V";"1";"160.630,00";"executada";"saída";"1";"160.630,00";"138,33";"0,09";"27,67"
"13653245383";"09/10/2025 / 11:37:01";"WINV25";"C";"1";"160.170,00";"executada";"entrada";"1";"160.170,00";"-";"-";"-"
"13653245382";"09/10/2025 / 11:00:03";"WINV25";"C";"1";"160.320,00";"executada";"entrada";"1";"160.320,00";"-";"-";"-"
"13653245381";"09/10/2025 / 10:53:00";"WINV25";"V";"1";"160.490,00";"executada";"saída";"1";"160.490,00";"-495,00";"-0,31";"-99,00"
"13653245380";"09/10/2025 / 10:45:03";"WINV25";"C";"1";"160.825,00";"executada";"entrada";"1";"160.825,00";"-";"-";"-"
"13653245379";"09/10/2025 / 10:30:00";"WINV25";"C";"1";"161.145,00";"executada";"entrada";"1";"161.145,00";"-";"-";"-"
"13653245378";"08/10/2025 / 13:00:00";"WINV25";"V";"1";"160.195,00";"executada";"saída";"1";"160.195,00";"-90,00";"-0,06";"-18,00"
"13653245377";"08/10/2025 / 13:00:00";"WINV25";"V";"1";"160.195,00";"executada";"saída";"1";"160.195,00";"-90,00";"-0,06";"-18,00"
"13653245376";"08/10/2025 / 12:52:03";"WINV25";"C";"1";"160.120,00";"executada";"entrada";"1";"160.120,00";"-";"-";"-"
"13653245375";"08/10/2025 / 10:30:00";"WINV25";"C";"1";"160.450,00";"executada";"entrada";"1";"160.450,00";"-";"-";"-"
"13653245374";"07/10/2025 / 13:00:00";"WINV25";"V";"1";"159.855,00";"executada";"saída";"1";"159.855,00";"-110,00";"-0,07";"-22,00"
"13653245373";"07/10/2025 / 11:42:00";"WINV25";"C";"1";"159.965,00";"executada";"entrada";"1";"159.965,00";"-";"-";"-"
"13653245372";"07/10/2025 / 11:21:06";"WINV25";"C";"1";"160.105,00";"executada";"saída";"1";"160.105,00";"810,00";"0,50";"162,00"
"13653245371";"07/10/2025 / 10:30:00";"WINV25";"V";"1";"160.915,00";"executada";"entrada";"1";"160.915,00";"-";"-";"-"
"13653245370";"06/10/2025 / 13:00:00";"WINV25";"V";"1";"162.005,00";"executada";"saída";"1";"162.005,00";"-364,17";"-0,22";"-72,83"
"13653245369";"06/10/2025 / 13:00:00";"WINV25";"V";"1";"162.005,00";"executada";"saída";"1";"162.005,00";"-364,17";"-0,22";"-72,83"
"13653245368";"06/10/2025 / 13:00:00";"WINV25";"V";"1";"162.005,00";"executada";"saída";"1";"162.005,00";"-364,17";"-0,22";"-72,83"
"13653245367";"06/10/2025 / 12:23:03";"WINV25";"C";"1";"162.035,00";"executada";"entrada";"1";"162.035,00";"-";"-";"-"
"13653245366";"06/10/2025 / 11:01:05";"WINV25";"C";"1";"162.200,00";"executada";"entrada";"1";"162.200,00";"-";"-";"-"
"13653245365";"06/10/2025 / 10:59:04";"WINV25";"V";"1";"162.365,00";"executada";"saída";"1";"162.365,00";"-507,50";"-0,31";"-101,50"
"13653245364";"06/10/2025 / 10:45:00";"WINV25";"C";"1";"162.695,00";"executada";"entrada";"1";"162.695,00";"-";"-";"-"
"13653245363";"06/10/2025 / 10:30:00";"WINV25";"C";"1";"163.050,00";"executada";"entrada";"1";"163.050,00";"-";"-";"-"
"13653245362";"03/10/2025 / 13:00:00";"WINV25";"C";"1";"162.770,00";"executada";"saída";"1";"162.770,00";"-140,00";"-0,09";"-28,00"
"13653245361";"03/10/2025 / 13:00:00";"WINV25";"C";"1";"162.770,00";"executada";"saída";"1";"162.770,00";"-140,00";"-0,09";"-28,00"
"13653245360";"03/10/2025 / 11:10:07";"WINV25";"V";"1";"162.790,00";"executada";"entrada";"1";"162.790,00";"-";"-";"-"
"13653245359";"03/10/2025 / 10:30:00";"WINV25";"V";"1";"162.470,00";"executada";"entrada";"1";"162.470,00";"-";"-";"-"
"13653245358";"02/10/2025 / 13:00:00";"WINV25";"V";"1";"162.400,00";"executada";"saída";"1";"162.400,00";"-217,50";"-0,13";"-43,50"
"13653245357";"02/10/2025 / 13:00:00";"WINV25";"V";"1";"162.400,00";"executada";"saída";"1";"162.400,00";"-217,50";"-0,13";"-43,50"
"13653245356";"02/10/2025 / 12:29:05";"WINV25";"C";"1";"162.455,00";"executada";"entrada";"1";"162.455,00";"-";"-";"-"
"13653245355";"02/10/2025 / 11:48:00";"WINV25";"C";"1";"162.780,00";"executada";"entrada";"1";"162.780,00";"-";"-";"-"
"13653245354";"02/10/2025 / 11:20:04";"WINV25";"C";"1";"163.165,00";"executada";"saída";"1";"163.165,00";"1.015,00";"0,62";"203,00"
"13653245353";"02/10/2025 / 11:08:10";"WINV25";"C";"1";"163.520,00";"executada";"saída";"1";"163.520,00";"660,00";"0,40";"132,00"
"13653245352";"02/10/2025 / 10:54:05";"WINV25";"V";"1";"164.345,00";"executada";"entrada";"1";"164.345,00";"-";"-";"-"
"13653245351";"02/10/2025 / 10:30:00";"WINV25";"V";"1";"164.015,00";"executada";"entrada";"1";"164.015,00";"-";"-";"-"
"13653245350";"01/10/2025 / 13:00:00";"WINV25";"V";"1";"164.310,00";"executada";"saída";"1";"164.310,00";"45,00";"0,03";"9,00"
"13653245349";"01/10/2025 / 12:24:00";"WINV25";"C";"1";"164.265,00";"executada";"entrada";"1";"164.265,00";"-";"-";"-"
"13653245348";"01/10/2025 / 11:45:01";"WINV25";"C";"1";"164.515,00";"executada";"saída";"1";"164.515,00";"835,00";"0,51";"167,00"
"13653245347";"01/10/2025 / 10:30:00";"WINV25";"V";"1";"165.350,00";"executada";"entrada";"1";"165.350,00";"-";"-";"-"
"13653245346";"30/09/2025 / 13:00:00";"WINV25";"V";"1";"164.795,00";"executada";"saída";"1";"164.795,00";"-165,00";"-0,10";"-33,00"
"13653245345";"30/09/2025 / 13:00:00";"WINV25";"V";"1";"164.795,00";"executada";"saída";"1";"164.795,00";"-165,00";"-0,10";"-33,00"
"13653245344";"30/09/2025 / 12:14:08";"WINV25";"C";"1";"164.790,00";"executada";"entrada";"1";"164.790,00";"-";"-";"-"
"13653245343";"30/09/2025 / 11:48:00";"WINV25";"C";"1";"165.130,00";"executada";"entrada";"1";"165.130,00";"-";"-";"-"
"13653245342";"30/09/2025 / 11:24:07";"WINV25";"C";"1";"165.240,00";"executada";"saída";"1";"165.240,00";"850,00";"0,51";"170,00"
"13653245341";"30/09/2025 / 10:30:00";"WINV25";"V";"1";"166.090,00";"executada";"entrada";"1";"166.090,00";"-";"-";"-"
"13653245340";"29/09/2025 / 13:00:00";"WINV25";"C";"1";"165.400,00";"executada";"saída";"1";"165.400,00";"530,00";"0,32";"106,00"
"13653245339";"29/09/2025 / 10:30:00";"WINV25";"V";"1";"165.930,00";"executada";"entrada";"1";"165.930,00";"-";"-";"-"
"13653245338";"26/09/2025 / 13:00:00";"WINV25";"C";"1";"164.085,00";"executada";"saída";"1";"164.085,00";"507,50";"0,31";"101,50"
"13653245337";"26/09/2025 / 13:00:00";"WINV25";"C";"1";"164.085,00";"executada";"saída";"1";"164.085,00";"507,50";"0,31";"101,50"
"13653245336";"26/09/2025 / 11:23:05";"WINV25";"V";"1";"164.760,00";"executada";"entrada";"1";"164.760,00";"-";"-";"-"
"13653245335";"26/09/2025 / 10:30:00";"WINV25";"V";"1";"164.425,00";"executada";"entrada";"1";"164.425,00";"-";"-";"-"
"13653245334";"25/09/2025 / 13:00:00";"WINV25";"V";"1";"165.415,00";"executada";"saída";"1";"165.415,00";"660,00";"0,40";"132,00"
"13653245333";"25/09/2025 / 12:46:06";"WINV25";"V";"1";"165.405,00";"executada";"saída";"1";"165.405,00";"650,00";"0,39";"130,00"
"13653245332";"25/09/2025 / 11:02:03";"WINV25";"C";"1";"164.580,00";"executada";"entrada";"1";"164.580,00";"-";"-";"-"
"13653245331";"25/09/2025 / 10:30:00";"WINV25";"C";"1";"164.930,00";"executada";"entrada";"1";"164.930,00";"-";"-";"-"
"13653245330";"24/09/2025 / 13:00:00";"WINV25";"V";"1";"165.310,00";"executada";"saída";"1";"165.310,00";"-112,50";"-0,07";"-22,50"
"13653245329";"24/09/2025 / 13:00:00";"WINV25";"V";"1";"165.310,00";"executada";"saída";"1";"165.310,00";"-112,50";"-0,07";"-22,50"
"13653245328";"24/09/2025 / 12:29:10";"WINV25";"C";"1";"165.250,00";"executada";"entrada";"1";"165.250,00";"-";"-";"-"
"13653245327";"24/09/2025 / 10:36:00";"WINV25";"C";"1";"165.595,00";"executada";"entrada";"1";"165.595,00";"-";"-";"-"
"13653245326";"23/09/2025 / 13:00:00";"WINV25";"C";"1";"165.995,00";"executada";"saída";"1";"165.995,00";"-488,75";"-0,30";"-97,75"
"13653245325";"23/09/2025 / 13:00:00";"WINV25";"C";"1";"165.995,00";"executada";"saída";"1";"165.995,00";"-488,75";"-0,30";"-97,75"
"13653245324";"23/09/2025 / 13:00:00";"WINV25";"C";"1";"165.995,00";"executada";"saída";"1";"165.995,00";"-488,75";"-0,30";"-97,75"
"13653245323";"23/09/2025 / 13:00:00";"WINV25";"C";"1";"165.995,00";"executada";"saída";"1";"165.995,00";"-488,75";"-0,30";"-97,75"
"13653245322";"23/09/2025 / 12:56:10";"WINV25";"V";"1";"166.030,00";"executada";"entrada";"1";"166.030,00";"-";"-";"-"
"13653245321";"23/09/2025 / 12:02:01";"WINV25";"V";"1";"165.920,00";"executada";"entrada";"1";"165.920,00";"-";"-";"-"
"13653245320";"23/09/2025 / 11:59:01";"WINV25";"C";"1";"165.700,00";"executada";"saída";"1";"165.700,00";"-662,50";"-0,40";"-132,50"
"13653245319";"23/09/2025 / 11:12:04";"WINV25";"V";"1";"165.365,00";"executada";"entrada";"1";"165.365,00";"-";"-";"-"
"13653245318";"23/09/2025 / 11:00:06";"WINV25";"V";"1";"165.210,00";"executada";"entrada";"1";"165.210,00";"-";"-";"-"
"13653245317";"23/09/2025 / 10:57:01";"WINV25";"C";"1";"165.035,00";"executada";"saída";"1";"165.035,00";"-497,50";"-0,30";"-99,50"
"13653245316";"23/09/2025 / 10:45:07";"WINV25";"V";"1";"164.700,00";"executada";"entrada";"1";"164.700,00";"-";"-";"-"
"13653245315";"23/09/2025 / 10:30:00";"WINV25";"V";"1";"164.375,00";"executada";"entrada";"1";"164.375,00";"-";"-";"-"
"13653245314";"22/09/2025 / 13:00:00";"WINV25";"C";"1";"164.165,00";"executada";"saída";"1";"164.165,00";"-305,00";"-0,19";"-61,00"
"13653245313";"22/09/2025 / 13:00:00";"WINV25";"C";"1";"164.165,00";"executada";"saída";"1";"164.165,00";"-305,00";"-0,19";"-61,00"
"13653245312";"22/09/2025 / 10:45:00";"WINV25";"V";"1";"164.055,00";"executada";"entrada";"1";"164.055,00";"-";"-";"-"
"13653245311";"22/09/2025 / 10:30:00";"WINV25";"V";"1";"163.665,00";"executada";"entrada";"1";"163.665,00";"-";"-";"-"
"13653245310";"19/09/2025 / 13:00:00";"WINV25";"C";"1";"165.100,00";"executada";"saída";"1";"165.100,00";"180,00";"0,11";"36,00"
"13653245309";"19/09/2025 / 10:30:00";"WINV25";"V";"1";"165.280,00";"executada";"entrada";"1";"165.280,00";"-";"-";"-"
"13653245308";"18/09/2025 / 13:00:00";"WINV25";"C";"1";"164.815,00";"executada";"saída";"1";"164.815,00";"130,00";"0,08";"26,00"
"13653245307";"18/09/2025 / 10:30:00";"WINV25";"V";"1";"164.945,00";"executada";"entrada";"1";"164.945,00";"-";"-";"-"
"13653245306";"17/09/2025 / 13:00:00";"WINV25";"C";"1";"164.725,00";"executada";"saída";"1";"164.725,00";"-65,00";"-0,04";"-13,00"
"13653245305";"17/09/2025 / 11:18:00";"WINV25";"V";"1";"164.660,00";"executada";"entrada";"1";"164.660,00";"-";"-";"-"
"13653245304";"17/09/2025 / 10:53:03";"WINV25";"V";"1";"164.815,00";"executada";"saída";"1";"164.815,00";"820,00";"0,50";"164,00"
"13653245303";"17/09/2025 / 10:30:00";"WINV25";"C";"1";"163.995,00";"executada";"entrada";"1";"163.995,00";"-";"-";"-"
"13653245302";"16/09/2025 / 13:00:00";"WINV25";"C";"1";"163.260,00";"executada";"saída";"1";"163.260,00";"470,00";"0,29";"94,00"
"13653245301";"16/09/2025 / 10:30:00";"WINV25";"V";"1";"163.730,00";"executada";"entrada";"1";"163.730,00";"-";"-";"-"
"13653245300";"15/09/2025 / 13:00:00";"WINV25";"C";"1";"163.365,00";"executada";"saída";"1";"163.365,00";"-265,00";"-0,16";"-53,00"
"13653245299";"15/09/2025 / 11:54:00";"WINV25";"V";"1";"163.100,00";"executada";"entrada";"1";"163.100,00";"-";"-";"-"
"13653245298";"15/09/2025 / 11:31:05";"WINV25";"V";"1";"163.270,00";"executada";"saída";"1";"163.270,00";"815,00";"0,50";"163,00"
"13653245297";"15/09/2025 / 10:30:00";"WINV25";"C";"1";"162.455,00";"executada";"entrada";"1";"162.455,00";"-";"-";"-"
"13653245296";"12/09/2025 / 13:00:00";"WINV25";"C";"1";"162.295,00";"executada";"saída";"1";"162.295,00";"145,00";"0,09";"29,00"
"13653245295";"12/09/2025 / 11:18:00";"WINV25";"V";"1";"162.440,00";"executada";"entrada";"1";"162.440,00";"-";"-";"-"
"13653245294";"12/09/2025 / 10:55:04";"WINV25";"V";"1";"162.720,00";"executada";"saída";"1";"162.720,00";"815,00";"0,50";"163,00"
"13653245293";"12/09/2025 / 10:30:00";"WINV25";"C";"1";"161.905,00";"executada";"entrada";"1";"161.905,00";"-";"-";"-"
"13653245292";"11/09/2025 / 13:00:00";"WINV25";"C";"1";"163.210,00";"executada";"saída";"1";"163.210,00";"340,00";"0,21";"68,00"
"13653245291";"11/09/2025 / 11:54:00";"WINV25";"V";"1";"163.550,00";"executada";"entrada";"1";"163.550,00";"-";"-";"-"
"13653245290";"11/09/2025 / 11:03:01";"WINV25";"V";"1";"163.035,00";"executada";"saída";"1";"163.035,00";"815,00";"0,50";"163,00"
"13653245289";"11/09/2025 / 10:30:00";"WINV25";"C";"1";"162.220,00";"executada";"entrada";"1";"162.220,00";"-";"-";"-"
"13653245288";"10/09/2025 / 13:00:00";"WINV25";"C";"1";"162.405,00";"executada";"saída";"1";"162.405,00";"350,00";"0,22";"70,00"
"13653245287";"10/09/2025 / 11:36:00";"WINV25";"V";"1";"162.755,00";"executada";"entrada";"1";"162.755,00";"-";"-";"-"
"13653245286";"10/09/2025 / 11:20:06";"WINV25";"V";"1";"162.850,00";"executada";"saída";"1";"162.850,00";"815,00";"0,50";"163,00"
"13653245285";"10/09/2025 / 10:30:00";"WINV25";"C";"1";"162.035,00";"executada";"entrada";"1";"162.035,00";"-";"-";"-"
"13653245284";"09/09/2025 / 13:00:00";"WINV25";"V";"1";"161.645,00";"executada";"saída";"1";"161.645,00";"-142,50";"-0,09";"-28,50"
"13653245283";"09/09/2025 / 13:00:00";"WINV25";"V";"1";"161.645,00";"executada";"saída";"1";"161.645,00";"-142,50";"-0,09";"-28,50"
"13653245282";"09/09/2025 / 10:47:04";"WINV25";"C";"1";"161.615,00";"executada";"entrada";"1";"161.615,00";"-";"-";"-"
"13653245281";"09/09/2025 / 10:30:00";"WINV25";"C";"1";"161.960,00";"executada";"entrada";"1";"161.960,00";"-";"-";"-"
"13653245280";"08/09/2025 / 13:00:00";"WINV25";"V";"1";"161.450,00";"executada";"saída";"1";"161.450,00";"-85,00";"-0,05";"-17,00"
"13653245279";"08/09/2025 / 11:30:00";"WINV25";"C";"1";"161.535,00";"executada";"entrada";"1";"161.535,00";"-";"-";"-"
"13653245278";"08/09/2025 / 10:45:02";"WINV25";"C";"1";"161.880,00";"executada";"saída";"1";"161.880,00";"815,00";"0,50";"163,00"
"13653245277";"08/09/2025 / 10:30:00";"WINV25";"V";"1";"162.695,00";"executada";"entrada";"1";"162.695,00";"-";"-";"-"
"13653245276";"05/09/2025 / 13:00:00";"WINV25";"V";"1";"162.285,00";"executada";"saída";"1";"162.285,00";"0,83";"0,00";"0,17"
"13653245275";"05/09/2025 / 13:00:00";"WINV25";"V";"1";"162.285,00";"executada";"saída";"1";"162.285,00";"0,83";"0,00";"0,17"
"13653245274";"05/09/2025 / 12:43:16";"WINV25";"V";"1";"162.780,00";"executada";"saída";"1";"162.780,00";"495,83";"0,31";"99,17"
"13653245273";"05/09/2025 / 12:10:14";"WINV25";"C";"1";"161.965,00";"executada";"entrada";"1";"161.965,00";"-";"-";"-"
"13653245272";"05/09/2025 / 11:46:06";"WINV25";"C";"1";"162.105,00";"executada";"entrada";"1";"162.105,00";"-";"-";"-"
"13653245271";"05/09/2025 / 11:44:05";"WINV25";"V";"1";"162.285,00";"executada";"saída";"1";"162.285,00";"-497,50";"-0,31";"-99,50"
"13653245270";"05/09/2025 / 11:25:07";"WINV25";"C";"1";"162.620,00";"executada";"entrada";"1";"162.620,00";"-";"-";"-"
"13653245269";"05/09/2025 / 10:30:00";"WINV25";"C";"1";"162.945,00";"executada";"entrada";"1";"162.945,00";"-";"-";"-"
"13653245268";"04/09/2025 / 13:00:00";"WINV25";"V";"1";"160.660,00";"executada";"saída";"1";"160.660,00";"560,00";"0,35";"112,00"
"13653245267";"04/09/2025 / 13:00:00";"WINV25";"V";"1";"160.660,00";"executada";"saída";"1";"160.660,00";"560,00";"0,35";"112,00"
"13653245266";"04/09/2025 / 10:45:10";"WINV25";"C";"1";"159.940,00";"executada";"entrada";"1";"159.940,00";"-";"-";"-"
"13653245265";"04/09/2025 / 10:30:00";"WINV25";"C";"1";"160.260,00";"executada";"entrada";"1";"160.260,00";"-";"-";"-"
"13653245264";"03/09/2025 / 13:00:00";"WINV25";"V";"1";"159.975,00";"executada";"saída";"1";"159.975,00";"-70,00";"-0,04";"-14,00"
"13653245263";"03/09/2025 / 13:00:00";"WINV25";"V";"1";"159.975,00";"executada";"saída";"1";"159.975,00";"-70,00";"-0,04";"-14,00"
"13653245262";"03/09/2025 / 11:00:01";"WINV25";"C";"1";"159.885,00";"executada";"entrada";"1";"159.885,00";"-";"-";"-"
"13653245261";"03/09/2025 / 10:30:00";"WINV25";"C";"1";"160.205,00";"executada";"entrada";"1";"160.205,00";"-";"-";"-"
"13653245260";"02/09/2025 / 13:00:00";"WINV25";"C";"1";"160.480,00";"executada";"saída";"1";"160.480,00";"165,00";"0,10";"33,00"
"13653245259";"02/09/2025 / 13:00:00";"WINV25";"C";"1";"160.480,00";"executada";"saída";"1";"160.480,00";"165,00";"0,10";"33,00"
"13653245258";"02/09/2025 / 10:54:04";"WINV25";"V";"1";"160.970,00";"executada";"entrada";"1";"160.970,00";"-";"-";"-"
"13653245257";"02/09/2025 / 10:53:05";"WINV25";"C";"1";"160.805,00";"executada";"saída";"1";"160.805,00";"-485,00";"-0,30";"-97,00"
"13653245256";"02/09/2025 / 10:50:04";"WINV25";"V";"1";"160.480,00";"executada";"entrada";"1";"160.480,00";"-";"-";"-"
"13653245255";"02/09/2025 / 10:30:00";"WINV25";"V";"1";"160.160,00";"executada";"entrada";"1";"160.160,00";"-";"-";"-"
"13653245254";"01/09/2025 / 13:00:00";"WINV25";"V";"1";"161.325,00";"executada";"saída";"1";"161.325,00";"-257,50";"-0,16";"-51,50"
"13653245253";"01/09/2025 / 13:00:00";"WINV25";"V";"1";"161.325,00";"executada";"saída";"1";"161.325,00";"-257,50";"-0,16";"-51,50"
"13653245252";"01/09/2025 / 12:44:02";"WINV25";"C";"1";"161.250,00";"executada";"entrada";"1";"161.250,00";"-";"-";"-"
"13653245251";"01/09/2025 / 12:06:03";"WINV25";"V";"1";"161.420,00";"executada";"saída";"1";"161.420,00";"-495,00";"-0,31";"-99,00"
"13653245250";"01/09/2025 / 11:42:02";"WINV25";"C";"1";"161.755,00";"executada";"entrada";"1";"161.755,00";"-";"-";"-"
"13653245249";"01/09/2025 / 10:30:00";"WINV25";"C";"1";"162.075,00";"executada";"entrada";"1";"162.075,00";"-";"-";"-"
"13653245248";"29/08/2025 / 13:00:00";"WINV25";"V";"1";"162.435,00";"executada";"saída";"1";"162.435,00";"335,00";"0,21";"67,00"
"13653245247";"29/08/2025 / 10:30:00";"WINV25";"C";"1";"162.100,00";"executada";"entrada";"1";"162.100,00";"-";"-";"-"
"13653245246";"28/08/2025 / 13:00:00";"WINV25";"C";"1";"162.120,00";"executada";"saída";"1";"162.120,00";"60,00";"0,04";"12,00"
"13653245245";"28/08/2025 / 13:00:00";"WINV25";"C";"1";"162.120,00";"executada";"saída";"1";"162.120,00";"60,00";"0,04";"12,00"
"13653245244";"28/08/2025 / 11:45:00";"WINV25";"V";"1";"162.340,00";"executada";"entrada";"1";"162.340,00";"-";"-";"-"
"13653245243";"28/08/2025 / 11:30:00";"WINV25";"V";"1";"162.020,00";"executada";"entrada";"1";"162.020,00";"-";"-";"-"
"13653245242";"28/08/2025 / 11:00:05";"WINV25";"V";"1";"161.790,00";"executada";"saída";"1";"161.790,00";"805,00";"0,50";"161,00"
"13653245241";"28/08/2025 / 10:30:00";"WINV25";"C";"1";"160.985,00";"executada";"entrada";"1";"160.985,00";"-";"-";"-"
"13653245240";"27/08/2025 / 13:00:00";"WINV25";"V";"1";"158.425,00";"executada";"saída";"1";"158.425,00";"437,50";"0,28";"87,50"
"13653245239";"27/08/2025 / 12:33:04";"WINV25";"V";"1";"158.620,00";"executada";"saída";"1";"158.620,00";"632,50";"0,40";"126,50"
"13653245238";"27/08/2025 / 11:03:04";"WINV25";"C";"1";"157.830,00";"executada";"entrada";"1";"157.830,00";"-";"-";"-"
"13653245237";"27/08/2025 / 10:30:00";"WINV25";"C";"1";"158.145,00";"executada";"entrada";"1";"158.145,00";"-";"-";"-"
"13653245236";"26/08/2025 / 13:00:00";"WINV25";"C";"1";"157.625,00";"executada";"saída";"1";"157.625,00";"625,00";"0,39";"125,00"
"13653245235";"26/08/2025 / 10:30:00";"WINV25";"V";"1";"158.250,00";"executada";"entrada";"1";"158.250,00";"-";"-";"-"
"13653245234";"25/08/2025 / 13:00:00";"WINV25";"C";"1";"159.075,00";"executada";"saída";"1";"159.075,00";"202,50";"0,13";"40,50"
"13653245233";"25/08/2025 / 13:00:00";"WINV25";"C";"1";"159.075,00";"executada";"saída";"1";"159.075,00";"202,50";"0,13";"40,50"
"13653245232";"25/08/2025 / 12:09:09";"WINV25";"V";"1";"159.435,00";"executada";"entrada";"1";"159.435,00";"-";"-";"-"
"13653245231";"25/08/2025 / 10:30:00";"WINV25";"V";"1";"159.120,00";"executada";"entrada";"1";"159.120,00";"-";"-";"-"
"13653245230";"22/08/2025 / 13:00:00";"WINV25";"C";"1";"158.095,00";"executada";"saída";"1";"158.095,00";"-280,00";"-0,18";"-56,00"
"13653245229";"22/08/2025 / 13:00:00";"WINV25";"C";"1";"158.095,00";"executada";"saída";"1";"158.095,00";"-280,00";"-0,18";"-56,00"
"13653245228";"22/08/2025 / 11:39:00";"WINV25";"V";"1";"157.980,00";"executada";"entrada";"1";"157.980,00";"-";"-";"-"
"13653245227";"22/08/2025 / 11:24:00";"WINV25";"V";"1";"157.650,00";"executada";"entrada";"1";"157.650,00";"-";"-";"-"
"13653245226";"22/08/2025 / 11:00:00";"WINV25";"V";"1";"156.960,00";"executada";"saída";"1";"156.960,00";"950,00";"0,61";"190,00"
"13653245225";"22/08/2025 / 10:30:00";"WINV25";"C";"1";"156.010,00";"executada";"entrada";"1";"156.010,00";"-";"-";"-"
"13653245224";"21/08/2025 / 13:00:00";"WINV25";"V";"1";"154.760,00";"executada";"saída";"1";"154.760,00";"-362,50";"-0,23";"-72,50"
"13653245223";"21/08/2025 / 13:00:00";"WINV25";"V";"1";"154.760,00";"executada";"saída";"1";"154.760,00";"-362,50";"-0,23";"-72,50"
"13653245222";"21/08/2025 / 10:45:00";"WINV25";"C";"1";"154.865,00";"executada";"entrada";"1";"154.865,00";"-";"-";"-"
"13653245221";"21/08/2025 / 10:30:00";"WINV25";"C";"1";"155.380,00";"executada";"entrada";"1";"155.380,00";"-";"-";"-"
"13653245220";"20/08/2025 / 13:00:00";"WINV25";"C";"1";"155.470,00";"executada";"saída";"1";"155.470,00";"-332,50";"-0,21";"-66,50"
"13653245219";"20/08/2025 / 13:00:00";"WINV25";"C";"1";"155.470,00";"executada";"saída";"1";"155.470,00";"-332,50";"-0,21";"-66,50"
"13653245218";"20/08/2025 / 10:45:00";"WINV25";"V";"1";"155.370,00";"executada";"entrada";"1";"155.370,00";"-";"-";"-"
"13653245217";"20/08/2025 / 10:30:00";"WINV25";"V";"1";"154.905,00";"executada";"entrada";"1";"154.905,00";"-";"-";"-"
"13653245216";"19/08/2025 / 13:00:00";"WINV25";"V";"1";"155.235,00";"executada";"saída";"1";"155.235,00";"55,00";"0,04";"11,00"
"13653245215";"19/08/2025 / 12:42:00";"WINV25";"C";"1";"155.180,00";"executada";"entrada";"1";"155.180,00";"-";"-";"-"
"13653245214";"19/08/2025 / 12:22:05";"WINV25";"C";"1";"155.140,00";"executada";"saída";"1";"155.140,00";"780,00";"0,50";"156,00"
"13653245213";"19/08/2025 / 10:30:00";"WINV25";"V";"1";"155.920,00";"executada";"entrada";"1";"155.920,00";"-";"-";"-"
"13653245212";"18/08/2025 / 13:00:00";"WINV25";"C";"1";"158.795,00";"executada";"saída";"1";"158.795,00";"-110,00";"-0,07";"-22,00"
"13653245211";"18/08/2025 / 12:48:00";"WINV25";"V";"1";"158.685,00";"executada";"entrada";"1";"158.685,00";"-";"-";"-"
"13653245210";"18/08/2025 / 12:03:03";"WINV25";"V";"1";"158.645,00";"executada";"saída";"1";"158.645,00";"957,50";"0,61";"191,50"
"13653245209";"18/08/2025 / 11:34:04";"WINV25";"V";"1";"158.315,00";"executada";"saída";"1";"158.315,00";"627,50";"0,40";"125,50"
"13653245208";"18/08/2025 / 10:59:08";"WINV25";"C";"1";"157.525,00";"executada";"entrada";"1";"157.525,00";"-";"-";"-"
"13653245207";"18/08/2025 / 10:30:00";"WINV25";"C";"1";"157.850,00";"executada";"entrada";"1";"157.850,00";"-";"-";"-"
"13653245206";"15/08/2025 / 13:00:00";"WINV25";"V";"1";"156.940,00";"executada";"saída";"1";"156.940,00";"190,00";"0,12";"38,00"
"13653245205";"15/08/2025 / 10:30:00";"WINV25";"C";"1";"156.750,00";"executada";"entrada";"1";"156.750,00";"-";"-";"-"
"13653245204";"14/08/2025 / 13:00:00";"WINV25";"C";"1";"158.090,00";"executada";"saída";"1";"158.090,00";"57,50";"0,04";"11,50"
"13653245203";"14/08/2025 / 13:00:00";"WINV25";"C";"1";"158.090,00";"executada";"saída";"1";"158.090,00";"57,50";"0,04";"11,50"
"13653245202";"14/08/2025 / 11:51:00";"WINV25";"V";"1";"158.435,00";"executada";"entrada";"1";"158.435,00";"-";"-";"-"
"13653245201";"14/08/2025 / 11:36:00";"WINV25";"V";"1";"157.860,00";"executada";"entrada";"1";"157.860,00";"-";"-";"-"
"13653245200";"14/08/2025 / 10:54:03";"WINV25";"V";"1";"157.455,00";"executada";"saída";"1";"157.455,00";"795,00";"0,51";"159,00"
"13653245199";"14/08/2025 / 10:30:00";"WINV25";"C";"1";"156.660,00";"executada";"entrada";"1";"156.660,00";"-";"-";"-"
"13653245198";"13/08/2025 / 13:00:00";"WINV25";"V";"1";"157.835,00";"executada";"saída";"1";"157.835,00";"-235,00";"-0,15";"-47,00"
"13653245197";"13/08/2025 / 10:30:00";"WINV25";"C";"1";"158.070,00";"executada";"entrada";"1";"158.070,00";"-";"-";"-"
"13653245196";"12/08/2025 / 13:00:00";"WINQ25";"C";"1";"159.455,00";"executada";"saída";"1";"159.455,00";"-334,17";"-0,21";"-66,83"
"13653245195";"12/08/2025 / 13:00:00";"WINQ25";"C";"1";"159.455,00";"executada";"saída";"1";"159.455,00";"-334,17";"-0,21";"-66,83"
"13653245194";"12/08/2025 / 13:00:00";"WINQ25";"C";"1";"159.455,00";"executada";"saída";"1";"159.455,00";"-334,17";"-0,21";"-66,83"
"13653245193";"12/08/2025 / 12:46:08";"WINQ25";"V";"1";"159.450,00";"executada";"entrada";"1";"159.450,00";"-";"-";"-"
"13653245192";"12/08/2025 / 12:20:00";"WINQ25";"V";"1";"159.275,00";"executada";"entrada";"1";"159.275,00";"-";"-";"-"
"13653245191";"12/08/2025 / 12:09:01";"WINQ25";"C";"1";"159.115,00";"executada";"saída";"1";"159.115,00";"-477,50";"-0,30";"-95,50"
"13653245190";"12/08/2025 / 10:51:08";"WINQ25";"V";"1";"158.795,00";"executada";"entrada";"1";"158.795,00";"-";"-";"-"
"13653245189";"12/08/2025 / 10:30:00";"WINQ25";"V";"1";"158.480,00";"executada";"entrada";"1";"158.480,00";"-";"-";"-"
"13653245188";"11/08/2025 / 13:00:00";"WINQ25";"C";"1";"157.300,00";"executada";"saída";"1";"157.300,00";"-147,50";"-0,09";"-29,50"
"13653245187";"11/08/2025 / 13:00:00";"WINQ25";"C";"1";"157.300,00";"executada";"saída";"1";"157.300,00";"-147,50";"-0,09";"-29,50"
"13653245186";"11/08/2025 / 12:59:10";"WINQ25";"V";"1";"157.315,00";"executada";"entrada";"1";"157.315,00";"-";"-";"-"
"13653245185";"11/08/2025 / 10:30:00";"WINQ25";"V";"1";"156.990,00";"executada";"entrada";"1";"156.990,00";"-";"-";"-"
"13653245184";"08/08/2025 / 13:00:00";"WINQ25";"C";"1";"157.415,00";"executada";"saída";"1";"157.415,00";"-5,00";"-0,00";"-1,00"
"13653245183";"08/08/2025 / 13:00:00";"WINQ25";"V";"1";"157.410,00";"executada";"entrada";"1";"157.410,00";"-";"-";"-"
"13653245182";"08/08/2025 / 13:00:00";"WINQ25";"V";"1";"157.410,00";"executada";"saída";"1";"157.410,00";"172,50";"0,11";"34,50"
"13653245181";"08/08/2025 / 10:57:04";"WINQ25";"V";"1";"156.745,00";"executada";"saída";"1";"156.745,00";"-492,50";"-0,31";"-98,50"
"13653245180";"08/08/2025 / 10:47:08";"WINQ25";"C";"1";"157.075,00";"executada";"entrada";"1";"157.075,00";"-";"-";"-"
"13653245179";"08/08/2025 / 10:30:00";"WINQ25";"C";"1";"157.400,00";"executada";"entrada";"1";"157.400,00";"-";"-";"-"
"13653245178";"07/08/2025 / 13:00:00";"WINQ25";"V";"1";"157.675,00";"executada";"saída";"1";"157.675,00";"730,00";"0,47";"146,00"
"13653245177";"07/08/2025 / 10:30:00";"WINQ25";"C";"1";"156.945,00";"executada";"entrada";"1";"156.945,00";"-";"-";"-"
"13653245176";"06/08/2025 / 13:00:00";"WINQ25";"C";"1";"156.175,00";"executada";"saída";"1";"156.175,00";"25,00";"0,02";"5,00"
"13653245175";"06/08/2025 / 13:00:00";"WINQ25";"C";"1";"156.175,00";"executada";"saída";"1";"156.175,00";"25,00";"0,02";"5,00"
"13653245174";"06/08/2025 / 10:46:05";"WINQ25";"V";"1";"156.355,00";"executada";"entrada";"1";"156.355,00";"-";"-";"-"
"13653245173";"06/08/2025 / 10:30:00";"WINQ25";"V";"1";"156.045,00";"executada";"entrada";"1";"156.045,00";"-";"-";"-"
"13653245172";"05/08/2025 / 12:57:10";"WINQ25";"V";"1";"155.075,00";"executada";"saída";"1";"155.075,00";"780,00";"0,51";"156,00"
"13653245171";"05/08/2025 / 12:00:00";"WINQ25";"C";"1";"154.295,00";"executada";"entrada";"1";"154.295,00";"-";"-";"-"
"13653245170";"05/08/2025 / 11:39:03";"WINQ25";"C";"1";"154.240,00";"executada";"saída";"1";"154.240,00";"780,00";"0,50";"156,00"
"13653245169";"05/08/2025 / 11:06:00";"WINQ25";"V";"1";"155.020,00";"executada";"entrada";"1";"155.020,00";"-";"-";"-"
"13653245168";"05/08/2025 / 10:41:07";"WINQ25";"V";"1";"155.675,00";"executada";"saída";"1";"155.675,00";"800,00";"0,52";"160,00"
"13653245167";"05/08/2025 / 10:30:00";"WINQ25";"C";"1";"154.875,00";"executada";"entrada";"1";"154.875,00";"-";"-";"-"
"13653245166";"04/08/2025 / 13:00:00";"WINQ25";"C";"1";"154.290,00";"executada";"saída";"1";"154.290,00";"457,50";"0,30";"91,50"
"13653245165";"04/08/2025 / 13:00:00";"WINQ25";"C";"1";"154.290,00";"executada";"saída";"1";"154.290,00";"457,50";"0,30";"91,50"
"13653245164";"04/08/2025 / 11:21:10";"WINQ25";"V";"1";"154.900,00";"executada";"entrada";"1";"154.900,00";"-";"-";"-"
"13653245163";"04/08/2025 / 10:30:00";"WINQ25";"V";"1";"154.595,00";"executada";"entrada";"1";"154.595,00";"-";"-";"-"
"13653245162";"01/08/2025 / 12:37:10";"WINQ25";"V";"1";"154.300,00";"executada";"saída";"1";"154.300,00";"-664,58";"-0,43";"-132,92"
"13653245161";"01/08/2025 / 12:37:10";"WINQ25";"V";"1";"154.300,00";"executada";"saída";"1";"154.300,00";"-664,58";"-0,43";"-132,92"
"13653245160";"01/08/2025 / 12:37:10";"WINQ25";"V";"1";"154.300,00";"executada";"saída";"1";"154.300,00";"-664,58";"-0,43";"-132,92"
"13653245159";"01/08/2025 / 12:37:10";"WINQ25";"V";"1";"154.300,00";"executada";"saída";"1";"154.300,00";"-664,58";"-0,43";"-132,92"
"13653245158";"01/08/2025 / 12:28:10";"WINQ25";"C";"1";"154.435,00";"executada";"entrada";"1";"154.435,00";"-";"-";"-"
"13653245157";"01/08/2025 / 12:26:11";"WINQ25";"C";"1";"154.585,00";"executada";"entrada";"1";"154.585,00";"-";"-";"-"
"13653245156";"01/08/2025 / 11:07:59";"WINQ25";"V";"1";"154.740,00";"executada";"saída";"1";"154.740,00";"-679,17";"-0,44";"-135,83"
"13653245155";"01/08/2025 / 11:01:03";"WINQ25";"C";"1";"155.060,00";"executada";"entrada";"1";"155.060,00";"-";"-";"-"
"13653245154";"01/08/2025 / 10:50:02";"WINQ25";"C";"1";"155.245,00";"executada";"entrada";"1";"155.245,00";"-";"-";"-"
"13653245153";"01/08/2025 / 10:46:03";"WINQ25";"V";"1";"155.415,00";"executada";"saída";"1";"155.415,00";"-537,50";"-0,34";"-107,50"
"13653245152";"01/08/2025 / 10:45:05";"WINQ25";"C";"1";"155.795,00";"executada";"entrada";"1";"155.795,00";"-";"-";"-"
"13653245151";"01/08/2025 / 10:30:00";"WINQ25";"C";"1";"156.110,00";"executada";"entrada";"1";"156.110,00";"-";"-";"-"
"13653245150";"31/07/2025 / 13:00:00";"WINQ25";"C";"1";"154.880,00";"executada";"saída";"1";"154.880,00";"-277,50";"-0,18";"-55,50"
"13653245149";"31/07/2025 / 13:00:00";"WINQ25";"C";"1";"154.880,00";"executada";"saída";"1";"154.880,00";"-277,50";"-0,18";"-55,50"
"13653245148";"31/07/2025 / 12:43:20";"WINQ25";"V";"1";"154.930,00";"executada";"entrada";"1";"154.930,00";"-";"-";"-"
"13653245147";"31/07/2025 / 12:32:21";"WINQ25";"C";"1";"154.775,00";"executada";"saída";"1";"154.775,00";"-500,00";"-0,32";"-100,00"
"13653245146";"31/07/2025 / 11:45:00";"WINQ25";"V";"1";"154.460,00";"executada";"entrada";"1";"154.460,00";"-";"-";"-"
"13653245145";"31/07/2025 / 11:30:00";"WINQ25";"V";"1";"154.090,00";"executada";"entrada";"1";"154.090,00";"-";"-";"-"
"13653245144";"31/07/2025 / 11:13:00";"WINQ25";"V";"1";"154.475,00";"executada";"saída";"1";"154.475,00";"770,00";"0,50";"154,00"
"13653245143";"31/07/2025 / 10:30:00";"WINQ25";"C";"1";"153.705,00";"executada";"entrada";"1";"153.705,00";"-";"-";"-"
"13653245142";"30/07/2025 / 13:00:00";"WINQ25";"V";"1";"153.800,00";"executada";"saída";"1";"153.800,00";"-208,75";"-0,14";"-41,75"
"13653245141";"30/07/2025 / 13:00:00";"WINQ25";"V";"1";"153.800,00";"executada";"saída";"1";"153.800,00";"-208,75";"-0,14";"-41,75"
"13653245140";"30/07/2025 / 11:51:14";"WINQ25";"C";"1";"153.690,00";"executada";"entrada";"1";"153.690,00";"-";"-";"-"
"13653245139";"30/07/2025 / 11:40:06";"WINQ25";"V";"1";"153.855,00";"executada";"saída";"1";"153.855,00";"-472,50";"-0,31";"-94,50"
"13653245138";"30/07/2025 / 10:57:59";"WINQ25";"C";"1";"154.170,00";"executada";"entrada";"1";"154.170,00";"-";"-";"-"
"13653245137";"30/07/2025 / 10:30:00";"WINQ25";"C";"1";"154.485,00";"executada";"entrada";"1";"154.485,00";"-";"-";"-"
"13653245136";"29/07/2025 / 12:52:01";"WINQ25";"V";"1";"154.820,00";"executada";"saída";"1";"154.820,00";"775,00";"0,50";"155,00"
"13653245135";"29/07/2025 / 10:30:00";"WINQ25";"C";"1";"154.045,00";"executada";"entrada";"1";"154.045,00";"-";"-";"-"
"13653245134";"28/07/2025 / 13:00:00";"WINQ25";"V";"1";"154.150,00";"executada";"saída";"1";"154.150,00";"-75,00";"-0,05";"-15,00"
"13653245133";"28/07/2025 / 11:18:00";"WINQ25";"C";"1";"154.225,00";"executada";"entrada";"1";"154.225,00";"-";"-";"-"
"13653245132";"28/07/2025 / 10:58:04";"WINQ25";"C";"1";"154.185,00";"executada";"saída";"1";"154.185,00";"775,00";"0,50";"155,00"
"13653245131";"28/07/2025 / 10:30:00";"WINQ25";"V";"1";"154.960,00";"executada";"entrada";"1";"154.960,00";"-";"-";"-"
"13653245130";"25/07/2025 / 13:00:00";"WINQ25";"C";"1";"155.235,00";"executada";"saída";"1";"155.235,00";"635,00";"0,41";"127,00"
"13653245129";"25/07/2025 / 10:30:00";"WINQ25";"V";"1";"155.870,00";"executada";"entrada";"1";"155.870,00";"-";"-";"-"
"13653245128";"24/07/2025 / 13:00:00";"WINQ25";"C";"1";"155.850,00";"executada";"saída";"1";"155.850,00";"125,00";"0,08";"25,00"
"13653245127";"24/07/2025 / 10:30:00";"WINQ25";"V";"1";"155.975,00";"executada";"entrada";"1";"155.975,00";"-";"-";"-"
"13653245126";"23/07/2025 / 13:00:00";"WINQ25";"C";"1";"157.285,00";"executada";"saída";"1";"157.285,00";"-142,50";"-0,09";"-28,50"
"13653245125";"23/07/2025 / 13:00:00";"WINQ25";"C";"1";"157.285,00";"executada";"saída";"1";"157.285,00";"-142,50";"-0,09";"-28,50"
"13653245124";"23/07/2025 / 12:15:08";"WINQ25";"V";"1";"157.310,00";"executada";"entrada";"1";"157.310,00";"-";"-";"-"
"13653245123";"23/07/2025 / 12:00:00";"WINQ25";"V";"1";"156.975,00";"executada";"entrada";"1";"156.975,00";"-";"-";"-"
"13653245122";"23/07/2025 / 11:39:06";"WINQ25";"V";"1";"157.080,00";"executada";"saída";"1";"157.080,00";"800,00";"0,51";"160,00"
"13653245121";"23/07/2025 / 10:30:00";"WINQ25";"C";"1";"156.280,00";"executada";"entrada";"1";"156.280,00";"-";"-";"-"
"13653245120";"22/07/2025 / 13:00:00";"WINQ25";"V";"1";"157.105,00";"executada";"saída";"1";"157.105,00";"-15,00";"-0,01";"-3,00"
"13653245119";"22/07/2025 / 10:30:00";"WINQ25";"C";"1";"157.120,00";"executada";"entrada";"1";"157.120,00";"-";"-";"-"
"13653245118";"21/07/2025 / 13:00:00";"WINQ25";"C";"1";"156.955,00";"executada";"saída";"1";"156.955,00";"-353,33";"-0,23";"-70,67"
"13653245117";"21/07/2025 / 13:00:00";"WINQ25";"C";"1";"156.955,00";"executada";"saída";"1";"156.955,00";"-353,33";"-0,23";"-70,67"
"13653245116";"21/07/2025 / 13:00:00";"WINQ25";"C";"1";"156.955,00";"executada";"saída";"1";"156.955,00";"-353,33";"-0,23";"-70,67"
"13653245115";"21/07/2025 / 12:02:07";"WINQ25";"V";"1";"156.910,00";"executada";"entrada";"1";"156.910,00";"-";"-";"-"
"13653245114";"21/07/2025 / 11:42:06";"WINQ25";"V";"1";"156.765,00";"executada";"entrada";"1";"156.765,00";"-";"-";"-"
"13653245113";"21/07/2025 / 11:04:06";"WINQ25";"C";"1";"156.600,00";"executada";"saída";"1";"156.600,00";"-470,00";"-0,30";"-94,00"
"13653245112";"21/07/2025 / 10:45:01";"WINQ25";"V";"1";"156.285,00";"executada";"entrada";"1";"156.285,00";"-";"-";"-"
"13653245111";"21/07/2025 / 10:30:00";"WINQ25";"V";"1";"155.975,00";"executada";"entrada";"1";"155.975,00";"-";"-";"-"
"13653245110";"18/07/2025 / 13:00:00";"WINQ25";"V";"1";"156.170,00";"executada";"saída";"1";"156.170,00";"-326,67";"-0,21";"-65,33"
"13653245109";"18/07/2025 / 13:00:00";"WINQ25";"V";"1";"156.170,00";"executada";"saída";"1";"156.170,00";"-326,67";"-0,21";"-65,33"
"13653245108";"18/07/2025 / 13:00:00";"WINQ25";"V";"1";"156.170,00";"executada";"saída";"1";"156.170,00";"-326,67";"-0,21";"-65,33"
"13653245107";"18/07/2025 / 12:45:20";"WINQ25";"C";"1";"156.185,00";"executada";"entrada";"1";"156.185,00";"-";"-";"-"
"13653245106";"18/07/2025 / 12:38:02";"WINQ25";"C";"1";"156.330,00";"executada";"entrada";"1";"156.330,00";"-";"-";"-"
"13653245105";"18/07/2025 / 12:13:08";"WINQ25";"V";"1";"156.500,00";"executada";"saída";"1";"156.500,00";"-475,00";"-0,30";"-95,00"
"13653245104";"18/07/2025 / 10:49:06";"WINQ25";"C";"1";"156.820,00";"executada";"entrada";"1";"156.820,00";"-";"-";"-"
"13653245103";"18/07/2025 / 10:30:00";"WINQ25";"C";"1";"157.130,00";"executada";"entrada";"1";"157.130,00";"-";"-";"-"
"13653245102";"17/07/2025 / 13:00:00";"WINQ25";"V";"1";"157.755,00";"executada";"saída";"1";"157.755,00";"-5,00";"-0,00";"-1,00"
"13653245101";"17/07/2025 / 13:00:00";"WINQ25";"C";"1";"157.760,00";"executada";"entrada";"1";"157.760,00";"-";"-";"-"
"13653245100";"17/07/2025 / 13:00:00";"WINQ25";"C";"1";"157.760,00";"executada";"saída";"1";"157.760,00";"-185,00";"-0,12";"-37,00"
"13653245099";"17/07/2025 / 12:06:06";"WINQ25";"C";"1";"158.055,00";"executada";"saída";"1";"158.055,00";"-480,00";"-0,30";"-96,00"
"13653245098";"17/07/2025 / 10:45:00";"WINQ25";"V";"1";"157.735,00";"executada";"entrada";"1";"157.735,00";"-";"-";"-"
"13653245097";"17/07/2025 / 10:30:00";"WINQ25";"V";"1";"157.415,00";"executada";"entrada";"1";"157.415,00";"-";"-";"-"
"13653245096";"16/07/2025 / 13:00:00";"WINQ25";"C";"1";"156.925,00";"executada";"saída";"1";"156.925,00";"415,00";"0,26";"83,00"
"13653245095";"16/07/2025 / 10:30:00";"WINQ25";"V";"1";"157.340,00";"executada";"entrada";"1";"157.340,00";"-";"-";"-"
"13653245094";"15/07/2025 / 12:33:10";"WINQ25";"C";"1";"156.805,00";"executada";"saída";"1";"156.805,00";"790,00";"0,50";"158,00"
"13653245093";"15/07/2025 / 10:30:00";"WINQ25";"V";"1";"157.595,00";"executada";"entrada";"1";"157.595,00";"-";"-";"-"
"13653245092";"14/07/2025 / 13:00:00";"WINQ25";"V";"1";"157.700,00";"executada";"saída";"1";"157.700,00";"107,50";"0,07";"21,50"
"13653245091";"14/07/2025 / 13:00:00";"WINQ25";"V";"1";"157.700,00";"executada";"saída";"1";"157.700,00";"107,50";"0,07";"21,50"
"13653245090";"14/07/2025 / 11:24:08";"WINQ25";"C";"1";"157.435,00";"executada";"entrada";"1";"157.435,00";"-";"-";"-"
"13653245089";"14/07/2025 / 10:30:00";"WINQ25";"C";"1";"157.750,00";"executada";"entrada";"1";"157.750,00";"-";"-";"-"
"13653245088";"11/07/2025 / 13:00:00";"WINQ25";"C";"1";"158.295,00";"executada";"saída";"1";"158.295,00";"420,00";"0,26";"84,00"
"13653245087";"11/07/2025 / 12:27:05";"WINQ25";"C";"1";"158.080,00";"executada";"saída";"1";"158.080,00";"635,00";"0,40";"127,00"
"13653245086";"11/07/2025 / 11:12:01";"WINQ25";"V";"1";"158.880,00";"executada";"entrada";"1";"158.880,00";"-";"-";"-"
"13653245085";"11/07/2025 / 10:30:00";"WINQ25";"V";"1";"158.550,00";"executada";"entrada";"1";"158.550,00";"-";"-";"-"
"13653245084";"10/07/2025 / 13:00:00";"WINQ25";"V";"1";"159.230,00";"executada";"saída";"1";"159.230,00";"-5,00";"-0,00";"-1,00"
"13653245083";"10/07/2025 / 13:00:00";"WINQ25";"C";"1";"159.235,00";"executada";"entrada";"1";"159.235,00";"-";"-";"-"
"13653245082";"10/07/2025 / 13:00:00";"WINQ25";"C";"1";"159.235,00";"executada";"saída";"1";"159.235,00";"-315,00";"-0,20";"-63,00"
"13653245081";"10/07/2025 / 11:45:01";"WINQ25";"C";"1";"159.425,00";"executada";"saída";"1";"159.425,00";"-505,00";"-0,32";"-101,00"
"13653245080";"10/07/2025 / 10:45:04";"WINQ25";"V";"1";"159.095,00";"executada";"entrada";"1";"159.095,00";"-";"-";"-"
"13653245079";"10/07/2025 / 10:30:00";"WINQ25";"V";"1";"158.745,00";"executada";"entrada";"1";"158.745,00";"-";"-";"-"
"13653245078";"09/07/2025 / 13:00:00";"WINQ25";"C";"1";"160.835,00";"executada";"saída";"1";"160.835,00";"597,50";"0,37";"119,50"
"13653245077";"09/07/2025 / 11:57:14";"WINQ25";"C";"1";"160.790,00";"executada";"saída";"1";"160.790,00";"642,50";"0,40";"128,50"
"13653245076";"09/07/2025 / 10:53:05";"WINQ25";"V";"1";"161.605,00";"executada";"entrada";"1";"161.605,00";"-";"-";"-"
"13653245075";"09/07/2025 / 10:30:00";"WINQ25";"V";"1";"161.260,00";"executada";"entrada";"1";"161.260,00";"-";"-";"-"
"13653245074";"08/07/2025 / 13:00:00";"WINQ25";"C";"1";"161.990,00";"executada";"saída";"1";"161.990,00";"162,50";"0,10";"32,50"
"13653245073";"08/07/2025 / 13:00:00";"WINQ25";"C";"1";"161.990,00";"executada";"saída";"1";"161.990,00";"162,50";"0,10";"32,50"
"13653245072";"08/07/2025 / 11:03:08";"WINQ25";"V";"1";"162.315,00";"executada";"entrada";"1";"162.315,00";"-";"-";"-"
"13653245071";"08/07/2025 / 10:30:00";"WINQ25";"V";"1";"161.990,00";"executada";"entrada";"1";"161.990,00";"-";"-";"-"
"13653245070";"07/07/2025 / 13:00:00";"WINQ25";"V";"1";"162.785,00";"executada";"saída";"1";"162.785,00";"-160,00";"-0,10";"-32,00"
"13653245069";"07/07/2025 / 12:36:00";"WINQ25";"C";"1";"162.945,00";"executada";"entrada";"1";"162.945,00";"-";"-";"-"
"13653245068";"07/07/2025 / 12:19:14";"WINQ25";"C";"1";"162.890,00";"executada";"saída";"1";"162.890,00";"825,00";"0,50";"165,00"
"13653245067";"07/07/2025 / 10:30:00";"WINQ25";"V";"1";"163.715,00";"executada";"entrada";"1";"163.715,00";"-";"-";"-"
"13653245066";"04/07/2025 / 13:00:00";"WINQ25";"V";"1";"164.315,00";"executada";"saída";"1";"164.315,00";"595,00";"0,36";"119,00"
"13653245065";"04/07/2025 / 10:30:00";"WINQ25";"C";"1";"163.720,00";"executada";"entrada";"1";"163.720,00";"-";"-";"-"
"13653245064";"03/07/2025 / 13:00:00";"WINQ25";"C";"1";"163.975,00";"executada";"saída";"1";"163.975,00";"80,00";"0,05";"16,00"
"13653245063";"03/07/2025 / 10:54:00";"WINQ25";"V";"1";"164.055,00";"executada";"entrada";"1";"164.055,00";"-";"-";"-"
"13653245062";"03/07/2025 / 10:36:05";"WINQ25";"V";"1";"163.600,00";"executada";"saída";"1";"163.600,00";"815,00";"0,50";"163,00"
"13653245061";"03/07/2025 / 10:30:00";"WINQ25";"C";"1";"162.785,00";"executada";"entrada";"1";"162.785,00";"-";"-";"-"
"13653245060";"02/07/2025 / 13:00:00";"WINQ25";"V";"1";"162.095,00";"executada";"saída";"1";"162.095,00";"158,33";"0,10";"31,67"
"13653245059";"02/07/2025 / 13:00:00";"WINQ25";"V";"1";"162.095,00";"executada";"saída";"1";"162.095,00";"158,33";"0,10";"31,67"
"13653245058";"02/07/2025 / 13:00:00";"WINQ25";"V";"1";"162.095,00";"executada";"saída";"1";"162.095,00";"158,33";"0,10";"31,67"
"13653245057";"02/07/2025 / 11:02:10";"WINQ25";"C";"1";"161.600,00";"executada";"entrada";"1";"161.600,00";"-";"-";"-"
"13653245056";"02/07/2025 / 10:49:04";"WINQ25";"C";"1";"161.755,00";"executada";"entrada";"1";"161.755,00";"-";"-";"-"
"13653245055";"02/07/2025 / 10:47:04";"WINQ25";"V";"1";"161.920,00";"executada";"saída";"1";"161.920,00";"-535,00";"-0,33";"-107,00"
"13653245054";"02/07/2025 / 10:45:00";"WINQ25";"C";"1";"162.245,00";"executada";"entrada";"1";"162.245,00";"-";"-";"-"
"13653245053";"02/07/2025 / 10:30:00";"WINQ25";"C";"1";"162.665,00";"executada";"entrada";"1";"162.665,00";"-";"-";"-"
"13653245052";"01/07/2025 / 13:00:00";"WINQ25";"C";"1";"162.395,00";"executada";"saída";"1";"162.395,00";"120,00";"0,07";"24,00"
"13653245051";"01/07/2025 / 10:30:00";"WINQ25";"V";"1";"162.515,00";"executada";"entrada";"1";"162.515,00";"-";"-";"-"
"13653245050";"30/06/2025 / 13:00:00";"WINQ25";"C";"1";"161.355,00";"executada";"saída";"1";"161.355,00";"-382,50";"-0,24";"-76,50"
"13653245049";"30/06/2025 / 13:00:00";"WINQ25";"C";"1";"161.355,00";"executada";"saída";"1";"161.355,00";"-382,50";"-0,24";"-76,50"
"13653245048";"30/06/2025 / 13:00:00";"WINQ25";"C";"1";"161.355,00";"executada";"saída";"1";"161.355,00";"-382,50";"-0,24";"-76,50"
"13653245047";"30/06/2025 / 11:58:04";"WINQ25";"V";"1";"161.380,00";"executada";"entrada";"1";"161.380,00";"-";"-";"-"
"13653245046";"30/06/2025 / 10:50:05";"WINQ25";"V";"1";"161.225,00";"executada";"entrada";"1";"161.225,00";"-";"-";"-"
"13653245045";"30/06/2025 / 10:47:08";"WINQ25";"C";"1";"161.060,00";"executada";"saída";"1";"161.060,00";"-747,50";"-0,47";"-149,50"
"13653245044";"30/06/2025 / 10:45:00";"WINQ25";"V";"1";"160.735,00";"executada";"entrada";"1";"160.735,00";"-";"-";"-"
"13653245043";"30/06/2025 / 10:30:00";"WINQ25";"V";"1";"159.890,00";"executada";"entrada";"1";"159.890,00";"-";"-";"-"
"13653245042";"27/06/2025 / 13:00:00";"WINQ25";"V";"1";"160.345,00";"executada";"saída";"1";"160.345,00";"-5,00";"-0,00";"-1,00"
"13653245041";"27/06/2025 / 13:00:00";"WINQ25";"C";"1";"160.350,00";"executada";"entrada";"1";"160.350,00";"-";"-";"-"
"13653245040";"27/06/2025 / 13:00:00";"WINQ25";"C";"1";"160.350,00";"executada";"saída";"1";"160.350,00";"-440,00";"-0,28";"-88,00"
"13653245039";"27/06/2025 / 11:15:06";"WINQ25";"C";"1";"160.400,00";"executada";"saída";"1";"160.400,00";"-490,00";"-0,31";"-98,00"
"13653245038";"27/06/2025 / 10:50:04";"WINQ25";"V";"1";"160.075,00";"executada";"entrada";"1";"160.075,00";"-";"-";"-"
"13653245037";"27/06/2025 / 10:30:00";"WINQ25";"V";"1";"159.745,00";"executada";"entrada";"1";"159.745,00";"-";"-";"-"
"13653245036";"26/06/2025 / 13:00:00";"WINQ25";"V";"1";"160.515,00";"executada";"saída";"1";"160.515,00";"440,00";"0,27";"88,00"
"13653245035";"26/06/2025 / 10:30:00";"WINQ25";"C";"1";"160.075,00";"executada";"entrada";"1";"160.075,00";"-";"-";"-"
"13653245034";"25/06/2025 / 13:00:00";"WINQ25";"C";"1";"159.305,00";"executada";"saída";"1";"159.305,00";"390,00";"0,24";"78,00"
"13653245033";"25/06/2025 / 10:30:00";"WINQ25";"V";"1";"159.695,00";"executada";"entrada";"1";"159.695,00";"-";"-";"-"
"13653245032";"24/06/2025 / 13:00:00";"WINQ25";"C";"1";"161.605,00";"executada";"saída";"1";"161.605,00";"-70,00";"-0,04";"-14,00"
"13653245031";"24/06/2025 / 12:18:00";"WINQ25";"V";"1";"161.535,00";"executada";"entrada";"1";"161.535,00";"-";"-";"-"
"13653245030";"24/06/2025 / 11:39:01";"WINQ25";"V";"1";"161.180,00";"executada";"saída";"1";"161.180,00";"805,00";"0,50";"161,00"
"13653245029";"24/06/2025 / 10:30:00";"WINQ25";"C";"1";"160.375,00";"executada";"entrada";"1";"160.375,00";"-";"-";"-"
"13653245028";"23/06/2025 / 13:00:00";"WINQ25";"C";"1";"159.770,00";"executada";"saída";"1";"159.770,00";"400,00";"0,25";"80,00"
"13653245027";"23/06/2025 / 10:30:00";"WINQ25";"V";"1";"160.170,00";"executada";"entrada";"1";"160.170,00";"-";"-";"-"
"13653245026";"20/06/2025 / 13:00:00";"WINQ25";"V";"1";"160.805,00";"executada";"saída";"1";"160.805,00";"84,17";"0,05";"16,83"
"13653245025";"20/06/2025 / 13:00:00";"WINQ25";"V";"1";"160.805,00";"executada";"saída";"1";"160.805,00";"84,17";"0,05";"16,83"
"13653245024";"20/06/2025 / 13:00:00";"WINQ25";"V";"1";"160.805,00";"executada";"saída";"1";"160.805,00";"84,17";"0,05";"16,83"
"13653245023";"20/06/2025 / 12:17:08";"WINQ25";"C";"1";"160.400,00";"executada";"entrada";"1";"160.400,00";"-";"-";"-"
"13653245022";"20/06/2025 / 11:51:14";"WINQ25";"C";"1";"160.545,00";"executada";"entrada";"1";"160.545,00";"-";"-";"-"
"13653245021";"20/06/2025 / 11:36:10";"WINQ25";"V";"1";"160.720,00";"executada";"saída";"1";"160.720,00";"-497,50";"-0,31";"-99,50"
"13653245020";"20/06/2025 / 10:53:14";"WINQ25";"C";"1";"161.055,00";"executada";"entrada";"1";"161.055,00";"-";"-";"-"
"13653245019";"20/06/2025 / 10:30:00";"WINQ25";"C";"1";"161.380,00";"executada";"entrada";"1";"161.380,00";"-";"-";"-"
"13653245018";"18/06/2025 / 13:00:00";"WINQ25";"V";"1";"162.470,00";"executada";"saída";"1";"162.470,00";"-80,00";"-0,05";"-16,00"
"13653245017";"18/06/2025 / 13:00:00";"WINQ25";"V";"1";"162.470,00";"executada";"saída";"1";"162.470,00";"-80,00";"-0,05";"-16,00"
"13653245016";"18/06/2025 / 10:46:10";"WINQ25";"C";"1";"162.385,00";"executada";"entrada";"1";"162.385,00";"-";"-";"-"
"13653245015";"18/06/2025 / 10:30:00";"WINQ25";"C";"1";"162.715,00";"executada";"entrada";"1";"162.715,00";"-";"-";"-"
"13653245014";"17/06/2025 / 13:00:00";"WINM25";"V";"1";"162.245,00";"executada";"saída";"1";"162.245,00";"10,00";"0,01";"2,00"
"13653245013";"17/06/2025 / 12:36:00";"WINM25";"C";"1";"162.235,00";"executada";"entrada";"1";"162.235,00";"-";"-";"-"
"13653245012";"17/06/2025 / 12:20:08";"WINM25";"C";"1";"162.215,00";"executada";"saída";"1";"162.215,00";"825,00";"0,51";"165,00"
"13653245011";"17/06/2025 / 10:30:00";"WINM25";"V";"1";"163.040,00";"executada";"entrada";"1";"163.040,00";"-";"-";"-"
"13653245010";"16/06/2025 / 13:00:00";"WINM25";"C";"1";"163.685,00";"executada";"saída";"1";"163.685,00";"-235,00";"-0,14";"-47,00"
"13653245009";"16/06/2025 / 13:00:00";"WINM25";"C";"1";"163.685,00";"executada";"saída";"1";"163.685,00";"-235,00";"-0,14";"-47,00"
"13653245008";"16/06/2025 / 13:00:00";"WINM25";"C";"1";"163.685,00";"executada";"saída";"1";"163.685,00";"-235,00";"-0,14";"-47,00"
"13653245007";"16/06/2025 / 12:16:02";"WINM25";"V";"1";"163.845,00";"executada";"entrada";"1";"163.845,00";"-";"-";"-"
"13653245006";"16/06/2025 / 11:45:03";"WINM25";"V";"1";"163.675,00";"executada";"entrada";"1";"163.675,00";"-";"-";"-"
"13653245005";"16/06/2025 / 10:49:00";"WINM25";"C";"1";"163.510,00";"executada";"saída";"1";"163.510,00";"-680,00";"-0,42";"-136,00"
"13653245004";"16/06/2025 / 10:45:00";"WINM25";"V";"1";"163.170,00";"executada";"entrada";"1";"163.170,00";"-";"-";"-"
"13653245003";"16/06/2025 / 10:30:00";"WINM25";"V";"1";"162.490,00";"executada";"entrada";"1";"162.490,00";"-";"-";"-"
"13653245002";"13/06/2025 / 13:00:00";"WINM25";"V";"1";"161.105,00";"executada";"saída";"1";"161.105,00";"422,50";"0,26";"84,50"
"13653245001";"13/06/2025 / 13:00:00";"WINM25";"V";"1";"161.105,00";"executada";"saída";"1";"161.105,00";"422,50";"0,26";"84,50"
"13653245000";"13/06/2025 / 11:13:07";"WINM25";"C";"1";"160.350,00";"executada";"entrada";"1";"160.350,00";"-";"-";"-"
"13653244999";"13/06/2025 / 11:11:03";"WINM25";"V";"1";"160.525,00";"executada";"saída";"1";"160.525,00";"-490,00";"-0,30";"-98,00"
"13653244998";"13/06/2025 / 11:01:06";"WINM25";"C";"1";"160.855,00";"executada";"entrada";"1";"160.855,00";"-";"-";"-"
"13653244997";"13/06/2025 / 10:30:00";"WINM25";"C";"1";"161.175,00";"executada";"entrada";"1";"161.175,00";"-";"-";"-"
"13653244996";"12/06/2025 / 13:00:00";"WINM25";"C";"1";"161.255,00";"executada";"saída";"1";"161.255,00";"140,00";"0,09";"28,00"
"13653244995";"12/06/2025 / 11:42:00";"WINM25";"V";"1";"161.395,00";"executada";"entrada";"1";"161.395,00";"-";"-";"-"
"13653244994";"12/06/2025 / 11:14:03";"WINM25";"V";"1";"161.255,00";"executada";"saída";"1";"161.255,00";"815,00";"0,51";"163,00"
"13653244993";"12/06/2025 / 10:30:00";"WINM25";"C";"1";"160.440,00";"executada";"entrada";"1";"160.440,00";"-";"-";"-"
"13653244992";"11/06/2025 / 13:00:00";"WINM25";"C";"1";"160.735,00";"executada";"saída";"1";"160.735,00";"-150,00";"-0,09";"-30,00"
"13653244991";"11/06/2025 / 11:24:00";"WINM25";"V";"1";"160.585,00";"executada";"entrada";"1";"160.585,00";"-";"-";"-"
"13653244990";"11/06/2025 / 11:00:05";"WINM25";"V";"1";"160.665,00";"executada";"saída";"1";"160.665,00";"800,00";"0,50";"160,00"
"13653244989";"11/06/2025 / 10:30:00";"WINM25";"C";"1";"159.865,00";"executada";"entrada";"1";"159.865,00";"-";"-";"-"
"13653244988";"10/06/2025 / 13:00:00";"WINM25";"C";"1";"161.095,00";"executada";"saída";"1";"161.095,00";"55,00";"0,03";"11,00"
"13653244987";"10/06/2025 / 11:24:00";"WINM25";"V";"1";"161.150,00";"executada";"entrada";"1";"161.150,00";"-";"-";"-"
"13653244986";"10/06/2025 / 11:03:03";"WINM25";"V";"1";"161.245,00";"executada";"saída";"1";"161.245,00";"830,00";"0,52";"166,00"
"13653244985";"10/06/2025 / 10:30:00";"WINM25";"C";"1";"160.415,00";"executada";"entrada";"1";"160.415,00";"-";"-";"-"
"13653244984";"09/06/2025 / 13:00:00";"WINM25";"C";"1";"159.480,00";"executada";"saída";"1";"159.480,00";"-15,00";"-0,01";"-3,00"
"13653244983";"09/06/2025 / 12:42:00";"WINM25";"V";"1";"159.465,00";"executada";"entrada";"1";"159.465,00";"-";"-";"-"
"13653244982";"09/06/2025 / 12:18:00";"WINM25";"V";"1";"159.260,00";"executada";"saída";"1";"159.260,00";"795,00";"0,50";"159,00"
"13653244981";"09/06/2025 / 11:18:00";"WINM25";"C";"1";"158.465,00";"executada";"entrada";"1";"158.465,00";"-";"-";"-"
"13653244980";"09/06/2025 / 10:53:04";"WINM25";"C";"1";"158.505,00";"executada";"saída";"1";"158.505,00";"800,00";"0,50";"160,00"
"13653244979";"09/06/2025 / 10:30:00";"WINM25";"V";"1";"159.305,00";"executada";"entrada";"1";"159.305,00";"-";"-";"-"
"13653244978";"06/06/2025 / 13:00:00";"WINM25";"C";"1";"160.635,00";"executada";"saída";"1";"160.635,00";"-5,00";"-0,00";"-1,00"
"13653244977";"06/06/2025 / 13:00:00";"WINM25";"V";"1";"160.630,00";"executada";"entrada";"1";"160.630,00";"-";"-";"-"
"13653244976";"06/06/2025 / 13:00:00";"WINM25";"V";"1";"160.630,00";"executada";"saída";"1";"160.630,00";"0,00";"0,00";"0,00"
"13653244975";"06/06/2025 / 11:35:01";"WINM25";"V";"1";"160.140,00";"executada";"saída";"1";"160.140,00";"-490,00";"-0,31";"-98,00"
"13653244974";"06/06/2025 / 11:19:05";"WINM25";"C";"1";"160.470,00";"executada";"entrada";"1";"160.470,00";"-";"-";"-"
"13653244973";"06/06/2025 / 10:30:00";"WINM25";"C";"1";"160.790,00";"executada";"entrada";"1";"160.790,00";"-";"-";"-"
"13653244972";"05/06/2025 / 13:00:00";"WINM25";"C";"1";"161.580,00";"executada";"saída";"1";"161.580,00";"-5,00";"-0,00";"-1,00"
"13653244971";"05/06/2025 / 13:00:00";"WINM25";"V";"1";"161.575,00";"executada";"entrada";"1";"161.575,00";"-";"-";"-"
"13653244970";"05/06/2025 / 13:00:00";"WINM25";"V";"1";"161.575,00";"executada";"saída";"1";"161.575,00";"185,00";"0,11";"37,00"
"13653244969";"05/06/2025 / 11:10:07";"WINM25";"V";"1";"160.890,00";"executada";"saída";"1";"160.890,00";"-500,00";"-0,31";"-100,00"
"13653244968";"05/06/2025 / 11:02:07";"WINM25";"C";"1";"161.220,00";"executada";"entrada";"1";"161.220,00";"-";"-";"-"
"13653244967";"05/06/2025 / 10:30:00";"WINM25";"C";"1";"161.560,00";"executada";"entrada";"1";"161.560,00";"-";"-";"-"
"13653244966";"04/06/2025 / 13:00:00";"WINM25";"V";"1";"161.745,00";"executada";"saída";"1";"161.745,00";"-135,00";"-0,08";"-27,00"
"13653244965";"04/06/2025 / 12:42:00";"WINM25";"C";"1";"161.880,00";"executada";"entrada";"1";"161.880,00";"-";"-";"-"
"13653244964";"04/06/2025 / 12:17:05";"WINM25";"C";"1";"161.900,00";"executada";"saída";"1";"161.900,00";"987,50";"0,61";"197,50"
"13653244963";"04/06/2025 / 11:57:08";"WINM25";"C";"1";"162.225,00";"executada";"saída";"1";"162.225,00";"662,50";"0,41";"132,50"
"13653244962";"04/06/2025 / 11:12:02";"WINM25";"V";"1";"163.050,00";"executada";"entrada";"1";"163.050,00";"-";"-";"-"
"13653244961";"04/06/2025 / 10:30:00";"WINM25";"V";"1";"162.725,00";"executada";"entrada";"1";"162.725,00";"-";"-";"-"
"13653244960";"03/06/2025 / 13:00:00";"WINM25";"C";"1";"161.780,00";"executada";"saída";"1";"161.780,00";"-5,00";"-0,00";"-1,00"
"13653244959";"03/06/2025 / 13:00:00";"WINM25";"V";"1";"161.775,00";"executada";"entrada";"1";"161.775,00";"-";"-";"-"
"13653244958";"03/06/2025 / 12:03:06";"WINM25";"V";"1";"161.755,00";"executada";"saída";"1";"161.755,00";"665,00";"0,41";"133,00"
"13653244957";"03/06/2025 / 10:58:13";"WINM25";"V";"1";"160.605,00";"executada";"saída";"1";"160.605,00";"-485,00";"-0,30";"-97,00"
"13653244956";"03/06/2025 / 10:46:02";"WINM25";"C";"1";"160.930,00";"executada";"entrada";"1";"160.930,00";"-";"-";"-"
"13653244955";"03/06/2025 / 10:30:00";"WINM25";"C";"1";"161.250,00";"executada";"entrada";"1";"161.250,00";"-";"-";"-"
"13653244954";"02/06/2025 / 13:00:00";"WINM25";"V";"1";"161.340,00";"executada";"saída";"1";"161.340,00";"-330,00";"-0,20";"-66,00"
"13653244953";"02/06/2025 / 13:00:00";"WINM25";"V";"1";"161.340,00";"executada";"saída";"1";"161.340,00";"-330,00";"-0,20";"-66,00"
"13653244952";"02/06/2025 / 11:50:10";"WINM25";"C";"1";"161.505,00";"executada";"entrada";"1";"161.505,00";"-";"-";"-"
"13653244951";"02/06/2025 / 11:24:00";"WINM25";"C";"1";"161.835,00";"executada";"entrada";"1";"161.835,00";"-";"-";"-"
"13653244950";"02/06/2025 / 11:01:07";"WINM25";"C";"1";"161.515,00";"executada";"saída";"1";"161.515,00";"815,00";"0,50";"163,00"
"13653244949";"02/06/2025 / 10:30:00";"WINM25";"V";"1";"162.330,00";"executada";"entrada";"1";"162.330,00";"-";"-";"-"
