#;Data/Hora;Ativo;C/V;Quantidade;Preço limite;Status;Tipo;Quantidade executada;Preço médio;Resultado (Abs.);Resultado %;Resultado (R$)
"13653963690";"08/09/2026 / 12:19:22";"WINV26";"V";"6";"0,00";"executada";"saída";"6";"190.740,00";"-460,00";"-0,24";"-552,00"
"13653961545";"08/09/2026 / 12:06:23";"WINV26";"C";"6";"0,00";"executada";"entrada";"6";"191.200,00";"-";"-";"-"
"13653600551";"02/09/2026 / 12:34:30";"WINV26";"V";"6";"0,00";"executada";"saída";"6";"188.050,00";"155,00";"0,08";"186,00"
"13653599503";"02/09/2026 / 12:27:24";"WINV26";"C";"6";"0,00";"executada";"entrada";"6";"187.895,00";"-";"-";"-"
"13653591853";"02/09/2026 / 11:54:19";"WINV26";"C";"6";"0,00";"executada";"saída";"6";"187.645,00";"-25,00";"-0,01";"-30,00"
"13653587756";"02/09/2026 / 11:36:24";"WINV26";"V";"6";"0,00";"executada";"entrada";"6";"187.620,00";"-";"-";"-"
"13652925198";"26/08/2026 / 10:56:12";"WINV26";"V";"6";"0,00";"executada";"saída";"6";"178.840,00";"710,00";"0,40";"852,00"
"13652922052";"26/08/2026 / 10:44:29";"WINV26";"C";"6";"0,00";"executada";"entrada";"6";"178.130,00";"-";"-";"-"
"13652469870";"20/08/2026 / 11:06:31";"WINV26";"V";"6";"0,00";"executada";"saída";"6";"170.925,00";"150,00";"0,09";"180,00"
"13652467657";"20/08/2026 / 11:00:21";"WINV26";"C";"6";"0,00";"executada";"entrada";"6";"170.775,00";"-";"-";"-"
"13652379113";"19/08/2026 / 11:57:44";"WINV26";"V";"6";"0,00";"executada";"saída";"6";"172.615,00";"263,33";"0,15";"316,00"
"13652377094";"19/08/2026 / 11:53:36";"WINV26";"C";"6";"0,00";"executada";"entrada";"6";"172.351,67";"-";"-";"-"
"13652150669";"17/08/2026 / 10:49:47";"WINV26";"V";"6";"0,00";"executada";"saída";"6";"169.695,00";"-10,00";"-0,01";"-12,00"
"13652148765";"17/08/2026 / 10:42:20";"WINV26";"C";"6";"0,00";"executada";"entrada";"6";"169.705,00";"-";"-";"-"
"13651522594";"06/08/2026 / 10:44:56";"WINQ26";"V";"6";"0,00";"executada";"saída";"6";"176.985,00";"-195,00";"-0,11";"-234,00"
"13651521372";"06/08/2026 / 10:42:26";"WINQ26";"C";"6";"0,00";"executada";"entrada";"6";"177.180,00";"-";"-";"-"
"13651434825";"05/08/2026 / 11:34:50";"WINQ26";"V";"6";"0,00";"executada";"saída";"6";"179.185,00";"40,00";"0,02";"48,00"
"13651433749";"05/08/2026 / 11:31:22";"WINQ26";"C";"6";"0,00";"executada";"entrada";"6";"179.145,00";"-";"-";"-"
"13651327234";"04/08/2026 / 12:07:45";"WINQ26";"V";"6";"0,00";"executada";"saída";"6";"179.345,00";"170,00";"0,09";"204,00"
"13651314214";"04/08/2026 / 10:50:23";"WINQ26";"C";"6";"0,00";"executada";"entrada";"6";"179.175,00";"-";"-";"-"
"13650836055";"28/07/2026 / 10:26:03";"WINQ26";"V";"6";"0,00";"executada";"saída";"6";"178.300,00";"-395,00";"-0,22";"-474,00"
"13650834579";"28/07/2026 / 10:22:21";"WINQ26";"C";"6";"0,00";"executada";"entrada";"6";"178.695,00";"-";"-";"-"
"13650658309";"24/07/2026 / 10:49:34";"WINQ26";"V";"6";"0,00";"executada";"saída";"6";"176.110,00";"95,00";"0,05";"114,00"
"13650656281";"24/07/2026 / 10:42:32";"WINQ26";"C";"6";"0,00";"executada";"entrada";"6";"176.015,00";"-";"-";"-"
"13650491599";"22/07/2026 / 11:20:14";"WINQ26";"V";"6";"0,00";"executada";"saída";"6";"177.355,00";"150,00";"0,08";"180,00"
"13650489926";"22/07/2026 / 11:11:23";"WINQ26";"C";"6";"0,00";"executada";"entrada";"6";"177.205,00";"-";"-";"-"
"13650403090";"21/07/2026 / 10:51:19";"WINQ26";"V";"6";"0,00";"executada";"saída";"6";"174.280,00";"150,00";"0,09";"180,00"
"13650400529";"21/07/2026 / 10:45:29";"WINQ26";"C";"6";"0,00";"executada";"entrada";"6";"174.130,00";"-";"-";"-"
"13650226339";"17/07/2026 / 12:00:48";"WINQ26";"V";"6";"0,00";"executada";"saída";"6";"175.575,00";"235,00";"0,13";"282,00"
"13650219587";"17/07/2026 / 11:18:19";"WINQ26";"C";"6";"0,00";"executada";"entrada";"6";"175.340,00";"-";"-";"-"
"13649938027";"14/07/2026 / 10:35:03";"WINQ26";"V";"6";"0,00";"executada";"saída";"6";"178.400,00";"150,00";"0,08";"180,00"
"13649933277";"14/07/2026 / 10:23:27";"WINQ26";"C";"6";"0,00";"executada";"entrada";"6";"178.250,00";"-";"-";"-"
"13649840558";"13/07/2026 / 11:00:47";"WINQ26";"V";"6";"0,00";"executada";"saída";"6";"179.365,00";"140,00";"0,08";"168,00"
"13649838451";"13/07/2026 / 10:52:17";"WINQ26";"C";"6";"0,00";"executada";"entrada";"6";"179.225,00";"-";"-";"-"
"13649302405";"03/07/2026 / 11:05:03";"WINQ26";"C";"6";"0,00";"executada";"saída";"6";"176.385,00";"-450,00";"-0,26";"-540,00"
"13649298161";"03/07/2026 / 10:49:17";"WINQ26";"V";"6";"0,00";"executada";"entrada";"6";"175.935,00";"-";"-";"-"
"13649206414";"02/07/2026 / 11:20:21";"WINQ26";"V";"6";"0,00";"executada";"saída";"6";"175.820,00";"-159,17";"-0,09";"-191,00"
"13649203369";"02/07/2026 / 11:07:28";"WINQ26";"C";"6";"0,00";"executada";"entrada";"6";"175.979,17";"-";"-";"-"
"13649093509";"01/07/2026 / 11:51:05";"WINQ26";"C";"6";"0,00";"executada";"saída";"6";"173.905,00";"130,00";"0,07";"156,00"
"13649087085";"01/07/2026 / 11:24:34";"WINQ26";"V";"6";"0,00";"executada";"entrada";"6";"174.035,00";"-";"-";"-"
"13648969963";"30/06/2026 / 10:50:01";"WINQ26";"V";"6";"0,00";"executada";"saída";"6";"173.575,00";"460,00";"0,27";"552,00"
"13648967480";"30/06/2026 / 10:43:46";"WINQ26";"C";"6";"0,00";"executada";"entrada";"6";"173.115,00";"-";"-";"-"
"13648655572";"25/06/2026 / 12:05:19";"WINQ26";"C";"6";"0,00";"executada";"saída";"6";"175.690,00";"420,00";"0,24";"504,00"
"13648645364";"25/06/2026 / 11:34:25";"WINQ26";"V";"6";"0,00";"executada";"entrada";"6";"176.110,00";"-";"-";"-"
"13648466122";"24/06/2026 / 10:55:35";"WINQ26";"V";"6";"0,00";"executada";"saída";"6";"173.505,00";"-125,00";"-0,07";"-150,00"
"13648463080";"24/06/2026 / 10:50:33";"WINQ26";"C";"6";"0,00";"executada";"entrada";"6";"173.630,00";"-";"-";"-"
"13648345242";"23/06/2026 / 11:15:55";"WINQ26";"C";"6";"0,00";"executada";"saída";"6";"173.215,00";"64,17";"0,04";"77,00"
"13648342713";"23/06/2026 / 11:06:35";"WINQ26";"V";"6";"0,00";"executada";"entrada";"6";"173.279,17";"-";"-";"-"
"13645328489";"20/05/2026 / 11:15:50";"WINM26";"C";"6";"0,00";"executada";"saída";"6";"178.440,00";"-465,00";"-0,26";"-558,00"
"13645324828";"20/05/2026 / 11:11:39";"WINM26";"V";"6";"0,00";"executada";"entrada";"6";"177.975,00";"-";"-";"-"
"13645026563";"18/05/2026 / 10:14:50";"WINM26";"V";"6";"0,00";"executada";"saída";"6";"178.384,17";"-430,00";"-0,24";"-516,00"
"13645020133";"18/05/2026 / 10:03:16";"WINM26";"C";"6";"0,00";"executada";"entrada";"6";"178.814,17";"-";"-";"-"
"13644932127";"15/05/2026 / 12:05:31";"WINM26";"C";"6";"0,00";"executada";"saída";"6";"178.230,00";"10,00";"0,01";"12,00"
"13644929501";"15/05/2026 / 11:52:31";"WINM26";"V";"6";"0,00";"executada";"entrada";"6";"178.240,00";"-";"-";"-"
"13644778863";"14/05/2026 / 10:49:38";"WINM26";"C";"6";"0,00";"executada";"saída";"6";"180.155,00";"95,00";"0,05";"114,00"
"13644769184";"14/05/2026 / 10:35:26";"WINM26";"V";"6";"0,00";"executada";"entrada";"6";"180.250,00";"-";"-";"-"
"13644511362";"12/05/2026 / 10:43:06";"WINM26";"V";"6";"0,00";"executada";"saída";"6";"183.715,00";"-205,00";"-0,11";"-246,00"
"13644508700";"12/05/2026 / 10:37:41";"WINM26";"C";"6";"0,00";"executada";"entrada";"6";"183.920,00";"-";"-";"-"
"13643850289";"05/05/2026 / 10:41:15";"WINM26";"C";"6";"0,00";"executada";"saída";"6";"188.615,00";"-145,00";"-0,08";"-174,00"
"13643849025";"05/05/2026 / 10:39:43";"WINM26";"V";"6";"0,00";"executada";"entrada";"6";"188.470,00";"-";"-";"-"
"13643728108";"04/05/2026 / 10:50:12";"WINM26";"V";"6";"0,00";"executada";"saída";"6";"190.340,00";"-165,00";"-0,09";"-198,00"
"13643726010";"04/05/2026 / 10:45:20";"WINM26";"C";"6";"0,00";"executada";"entrada";"6";"190.505,00";"-";"-";"-"
"13643716830";"04/05/2026 / 10:29:17";"WINM26";"C";"6";"0,00";"executada";"saída";"6";"190.045,00";"-25,00";"-0,01";"-30,00"
"13643715398";"04/05/2026 / 10:24:59";"WINM26";"V";"6";"0,00";"executada";"entrada";"6";"190.020,00";"-";"-";"-"
"13643621396";"30/04/2026 / 11:08:16";"WINM26";"V";"6";"0,00";"executada";"saída";"6";"189.490,00";"-440,00";"-0,23";"-528,00"
"13643617014";"30/04/2026 / 10:58:24";"WINM26";"C";"6";"0,00";"executada";"entrada";"6";"189.930,00";"-";"-";"-"
"13643514766";"29/04/2026 / 11:04:37";"WINM26";"C";"6";"0,00";"executada";"saída";"6";"189.570,00";"5,00";"0,00";"6,00"
"13643513114";"29/04/2026 / 10:59:27";"WINM26";"V";"6";"0,00";"executada";"entrada";"6";"189.575,00";"-";"-";"-"
"13643438445";"28/04/2026 / 12:31:11";"WINM26";"V";"6";"0,00";"executada";"saída";"6";"191.550,00";"170,00";"0,09";"204,00"
"13643434494";"28/04/2026 / 12:12:28";"WINM26";"C";"6";"0,00";"executada";"entrada";"6";"191.380,00";"-";"-";"-"
"13643289435";"27/04/2026 / 11:13:00";"WINM26";"V";"6";"0,00";"executada";"saída";"6";"194.495,00";"10,00";"0,01";"12,00"
"13643286690";"27/04/2026 / 11:04:22";"WINM26";"C";"6";"0,00";"executada";"entrada";"6";"194.485,00";"-";"-";"-"
"13643204896";"24/04/2026 / 13:13:02";"WINM26";"V";"6";"0,00";"executada";"saída";"6";"193.675,00";"-455,00";"-0,23";"-546,00"
"13643201186";"24/04/2026 / 12:56:43";"WINM26";"C";"6";"0,00";"executada";"entrada";"6";"194.130,00";"-";"-";"-"
"13643158510";"24/04/2026 / 10:40:43";"WINM26";"C";"6";"0,00";"executada";"saída";"6";"193.925,00";"125,00";"0,06";"150,00"
"13643151364";"24/04/2026 / 10:28:22";"WINM26";"V";"6";"0,00";"executada";"entrada";"6";"194.050,00";"-";"-";"-"
"13643010451";"23/04/2026 / 10:37:17";"WINM26";"V";"6";"0,00";"executada";"saída";"6";"196.460,00";"-440,00";"-0,22";"-528,00"
"13643008573";"23/04/2026 / 10:32:46";"WINM26";"C";"6";"0,00";"executada";"entrada";"6";"196.900,00";"-";"-";"-"
"13642918042";"22/04/2026 / 11:26:04";"WINM26";"C";"6";"0,00";"executada";"saída";"6";"197.990,00";"165,00";"0,08";"198,00"
"13642913595";"22/04/2026 / 11:16:12";"WINM26";"V";"6";"0,00";"executada";"entrada";"6";"198.155,00";"-";"-";"-"
"13642766517";"20/04/2026 / 10:31:10";"WINM26";"V";"6";"0,00";"executada";"saída";"6";"200.490,00";"130,00";"0,06";"156,00"
"13642762875";"20/04/2026 / 10:25:26";"WINM26";"C";"6";"0,00";"executada";"entrada";"6";"200.360,00";"-";"-";"-"
"13642691762";"17/04/2026 / 12:36:19";"WINM26";"V";"6";"0,00";"executada";"saída";"6";"200.365,00";"20,00";"0,01";"24,00"
"13642689894";"17/04/2026 / 12:26:24";"WINM26";"C";"6";"0,00";"executada";"entrada";"6";"200.345,00";"-";"-";"-"
"13642563510";"16/04/2026 / 12:33:36";"WINM26";"V";"6";"0,00";"executada";"saída";"6";"201.105,00";"-125,00";"-0,06";"-150,00"
"13642561390";"16/04/2026 / 12:16:48";"WINM26";"C";"6";"0,00";"executada";"entrada";"6";"201.230,00";"-";"-";"-"
"13642533123";"16/04/2026 / 10:48:15";"WINM26";"C";"6";"0,00";"executada";"saída";"6";"201.805,00";"155,00";"0,08";"186,00"
"13642529058";"16/04/2026 / 10:41:26";"WINM26";"V";"6";"0,00";"executada";"entrada";"6";"201.960,00";"-";"-";"-"
"13642447770";"15/04/2026 / 12:35:35";"WINM26";"V";"6";"0,00";"executada";"saída";"6";"201.665,00";"-440,00";"-0,22";"-528,00"
"13642444723";"15/04/2026 / 12:21:21";"WINM26";"C";"6";"0,00";"executada";"entrada";"6";"202.105,00";"-";"-";"-"
"13642291110";"14/04/2026 / 10:01:37";"WINJ26";"V";"6";"0,00";"executada";"saída";"6";"198.426,67";"-158,33";"-0,08";"-190,00"
"13642286571";"14/04/2026 / 09:52:22";"WINJ26";"C";"6";"0,00";"executada";"entrada";"6";"198.585,00";"-";"-";"-"
"13642088976";"10/04/2026 / 11:03:07";"WINJ26";"V";"6";"0,00";"executada";"saída";"6";"197.790,00";"410,00";"0,21";"492,00"
"13642082919";"10/04/2026 / 10:49:29";"WINJ26";"C";"6";"0,00";"executada";"entrada";"6";"197.380,00";"-";"-";"-"
"13641956587";"09/04/2026 / 10:44:03";"WINJ26";"V";"6";"0,00";"executada";"saída";"6";"194.645,00";"165,00";"0,08";"198,00"
"13641952454";"09/04/2026 / 10:35:13";"WINJ26";"C";"6";"0,00";"executada";"entrada";"6";"194.480,00";"-";"-";"-"
"13641867423";"08/04/2026 / 12:29:40";"WINJ26";"V";"6";"0,00";"executada";"saída";"6";"192.400,00";"180,00";"0,09";"216,00"
"13641864302";"08/04/2026 / 12:10:08";"WINJ26";"C";"6";"0,00";"executada";"entrada";"6";"192.220,00";"-";"-";"-"
"13641699265";"07/04/2026 / 11:20:44";"WINJ26";"C";"6";"0,00";"executada";"saída";"6";"187.040,83";"-435,83";"-0,23";"-523,00"
"13641696928";"07/04/2026 / 11:12:42";"WINJ26";"V";"6";"0,00";"executada";"entrada";"6";"186.605,00";"-";"-";"-"
"13641568796";"06/04/2026 / 10:48:09";"WINJ26";"V";"6";"0,00";"executada";"saída";"6";"189.690,00";"-50,00";"-0,03";"-60,00"
"13641565265";"06/04/2026 / 10:40:26";"WINJ26";"C";"6";"0,00";"executada";"entrada";"6";"189.740,00";"-";"-";"-"
"13641317349";"01/04/2026 / 10:39:17";"WINJ26";"V";"6";"0,00";"executada";"saída";"6";"189.565,00";"156,67";"0,08";"188,00"
"13641316618";"01/04/2026 / 10:37:20";"WINJ26";"C";"6";"0,00";"executada";"entrada";"6";"189.408,33";"-";"-";"-"
"13641164584";"31/03/2026 / 10:39:06";"WINJ26";"C";"6";"0,00";"executada";"saída";"6";"186.265,00";"-220,00";"-0,12";"-264,00"
"13641163201";"31/03/2026 / 10:36:22";"WINJ26";"V";"6";"0,00";"executada";"entrada";"6";"186.045,00";"-";"-";"-"
"13641029536";"30/03/2026 / 10:48:19";"WINJ26";"V";"6";"0,00";"executada";"saída";"6";"184.460,00";"-170,00";"-0,09";"-204,00"
"13641027862";"30/03/2026 / 10:41:31";"WINJ26";"C";"6";"0,00";"executada";"entrada";"6";"184.630,00";"-";"-";"-"
"13640919968";"27/03/2026 / 12:00:43";"WINJ26";"V";"6";"0,00";"executada";"saída";"6";"183.850,00";"135,00";"0,07";"162,00"
"13640918089";"27/03/2026 / 11:56:26";"WINJ26";"C";"6";"0,00";"executada";"entrada";"6";"183.715,00";"-";"-";"-"
"13640880228";"27/03/2026 / 10:27:46";"WINJ26";"C";"6";"0,00";"executada";"saída";"6";"182.435,00";"70,00";"0,04";"84,00"
"13640874570";"27/03/2026 / 10:10:18";"WINJ26";"V";"6";"0,00";"executada";"entrada";"6";"182.505,00";"-";"-";"-"
"13640730975";"26/03/2026 / 10:16:35";"WINJ26";"V";"6";"0,00";"executada";"saída";"6";"184.995,00";"435,00";"0,24";"522,00"
"13640725339";"26/03/2026 / 10:03:20";"WINJ26";"C";"6";"0,00";"executada";"entrada";"6";"184.560,00";"-";"-";"-"
"13640605253";"25/03/2026 / 11:34:09";"WINJ26";"V";"6";"0,00";"executada";"saída";"6";"186.735,00";"150,00";"0,08";"180,00"
"13640602479";"25/03/2026 / 11:26:07";"WINJ26";"C";"6";"0,00";"executada";"entrada";"6";"186.585,00";"-";"-";"-"
"13640591215";"25/03/2026 / 11:00:56";"WINJ26";"C";"6";"0,00";"executada";"saída";"6";"186.085,00";"155,00";"0,08";"186,00"
"13640590187";"25/03/2026 / 10:59:28";"WINJ26";"V";"6";"0,00";"executada";"entrada";"6";"186.240,00";"-";"-";"-"
"13640421846";"24/03/2026 / 11:01:14";"WINJ26";"V";"6";"0,00";"executada";"saída";"6";"182.410,00";"440,00";"0,24";"528,00"
"13640418192";"24/03/2026 / 10:56:28";"WINJ26";"C";"6";"0,00";"executada";"entrada";"6";"181.970,00";"-";"-";"-"
"13640237037";"23/03/2026 / 10:54:16";"WINJ26";"V";"6";"0,00";"executada";"saída";"6";"181.931,67";"205,83";"0,11";"247,00"
"13640232236";"23/03/2026 / 10:45:23";"WINJ26";"C";"6";"0,00";"executada";"entrada";"6";"181.725,83";"-";"-";"-"
"13640079617";"20/03/2026 / 11:53:26";"WINJ26";"V";"6";"0,00";"executada";"saída";"6";"178.410,00";"172,50";"0,10";"207,00"
"13640075989";"20/03/2026 / 11:42:26";"WINJ26";"C";"6";"0,00";"executada";"entrada";"6";"178.237,50";"-";"-";"-"
"13639893341";"19/03/2026 / 11:04:04";"WINJ26";"V";"6";"0,00";"executada";"saída";"6";"180.148,33";"453,33";"0,25";"544,00"
"13639890007";"19/03/2026 / 10:59:29";"WINJ26";"C";"6";"0,00";"executada";"entrada";"6";"179.695,00";"-";"-";"-"
"13639743957";"18/03/2026 / 11:13:46";"WINJ26";"V";"6";"0,00";"executada";"saída";"6";"182.375,83";"-444,17";"-0,24";"-533,00"
"13639742844";"18/03/2026 / 11:09:20";"WINJ26";"C";"6";"0,00";"executada";"entrada";"6";"182.820,00";"-";"-";"-"
"13639625045";"17/03/2026 / 10:52:02";"WINJ26";"V";"6";"0,00";"executada";"saída";"6";"184.395,00";"185,00";"0,10";"222,00"
"13639622995";"17/03/2026 / 10:47:22";"WINJ26";"C";"6";"0,00";"executada";"entrada";"6";"184.210,00";"-";"-";"-"
"13639440396";"16/03/2026 / 09:37:36";"WINJ26";"V";"6";"0,00";"executada";"saída";"6";"183.150,83";"310,83";"0,17";"373,00"
"13639436616";"16/03/2026 / 09:30:04";"WINJ26";"C";"6";"0,00";"executada";"entrada";"6";"182.840,00";"-";"-";"-"
"13639286492";"13/03/2026 / 10:29:45";"WINJ26";"V";"6";"0,00";"executada";"saída";"6";"182.867,50";"282,50";"0,15";"339,00"
"13639281999";"13/03/2026 / 10:18:33";"WINJ26";"C";"6";"0,00";"executada";"entrada";"6";"182.585,00";"-";"-";"-"
"13639180254";"12/03/2026 / 12:40:02";"WINJ26";"V";"6";"0,00";"executada";"saída";"6";"181.579,17";"241,67";"0,13";"290,00"
"13639178630";"12/03/2026 / 12:35:23";"WINJ26";"C";"6";"0,00";"executada";"entrada";"6";"181.337,50";"-";"-";"-"
"13639169682";"12/03/2026 / 12:02:21";"WINJ26";"C";"6";"0,00";"executada";"saída";"6";"181.144,17";"145,83";"0,08";"175,00"
"13639168580";"12/03/2026 / 12:01:33";"WINJ26";"V";"6";"0,00";"executada";"entrada";"6";"181.290,00";"-";"-";"-"
"13638872155";"10/03/2026 / 12:00:30";"WINJ26";"V";"6";"0,00";"executada";"saída";"6";"186.375,00";"2.355,00";"1,28";"2.826,00"
"13638856895";"10/03/2026 / 11:26:53";"WINJ26";"C";"6";"0,00";"executada";"entrada";"6";"184.020,00";"-";"-";"-"
"13638654877";"09/03/2026 / 10:33:38";"WINJ26";"V";"6";"0,00";"executada";"saída";"6";"181.200,00";"-428,33";"-0,24";"-514,00"
"13638643598";"09/03/2026 / 10:11:15";"WINJ26";"C";"6";"0,00";"executada";"entrada";"6";"181.628,33";"-";"-";"-"
"13638587170";"06/03/2026 / 15:29:02";"WINJ26";"V";"6";"0,00";"executada";"saída";"6";"182.524,17";"34,17";"0,02";"41,00"
"13638586273";"06/03/2026 / 15:20:11";"WINJ26";"C";"6";"0,00";"executada";"entrada";"6";"182.490,00";"-";"-";"-"
"13638301335";"05/03/2026 / 12:11:08";"WINJ26";"V";"6";"0,00";"executada";"saída";"6";"184.915,00";"-455,00";"-0,25";"-546,00"
"13638298793";"05/03/2026 / 12:04:25";"WINJ26";"C";"6";"0,00";"executada";"entrada";"6";"185.370,00";"-";"-";"-"
"13638147768";"04/03/2026 / 12:25:16";"WINJ26";"V";"6";"0,00";"executada";"saída";"6";"187.025,00";"95,00";"0,05";"114,00"
"13638145997";"04/03/2026 / 12:19:39";"WINJ26";"C";"6";"0,00";"executada";"entrada";"6";"186.930,00";"-";"-";"-"
"13637799518";"02/03/2026 / 11:38:17";"WINJ26";"V";"6";"0,00";"executada";"saída";"6";"190.653,33";"183,33";"0,10";"220,00"
"13637797612";"02/03/2026 / 11:35:41";"WINJ26";"C";"6";"0,00";"executada";"entrada";"6";"190.470,00";"-";"-";"-"
"13637543307";"26/02/2026 / 13:04:00";"WINJ26";"V";"6";"0,00";"executada";"saída";"6";"193.330,00";"465,00";"0,24";"558,00"
"13637535260";"26/02/2026 / 12:47:29";"WINJ26";"C";"6";"0,00";"executada";"entrada";"6";"192.865,00";"-";"-";"-"
"13637370376";"25/02/2026 / 11:26:38";"WINJ26";"V";"6";"0,00";"executada";"saída";"6";"195.455,00";"142,50";"0,07";"171,00"
"13637368856";"25/02/2026 / 11:21:24";"WINJ26";"C";"6";"0,00";"executada";"entrada";"6";"195.312,50";"-";"-";"-"
"13637210081";"24/02/2026 / 10:43:07";"WINJ26";"V";"6";"0,00";"executada";"saída";"6";"193.535,00";"-440,00";"-0,23";"-528,00"
"13637207692";"24/02/2026 / 10:37:17";"WINJ26";"C";"6";"0,00";"executada";"entrada";"6";"193.975,00";"-";"-";"-"
"13636817136";"19/02/2026 / 12:15:28";"WINJ26";"V";"6";"0,00";"executada";"saída";"6";"191.300,00";"755,00";"0,40";"906,00"
"13636800097";"19/02/2026 / 12:00:16";"WINJ26";"C";"6";"0,00";"executada";"entrada";"6";"190.545,00";"-";"-";"-"
"13636204494";"11/02/2026 / 10:25:59";"WING26";"C";"6";"0,00";"executada";"saída";"6";"188.525,00";"-470,00";"-0,25";"-564,00"
"13636202030";"11/02/2026 / 10:19:20";"WING26";"V";"6";"0,00";"executada";"entrada";"6";"188.055,00";"-";"-";"-"
"13636087691";"10/02/2026 / 11:24:07";"WING26";"V";"6";"0,00";"executada";"saída";"6";"186.160,00";"-180,00";"-0,10";"-216,00"
"13636084831";"10/02/2026 / 11:16:20";"WING26";"C";"6";"0,00";"executada";"entrada";"6";"186.340,00";"-";"-";"-"
"13636076149";"10/02/2026 / 10:56:00";"WING26";"C";"6";"0,00";"executada";"saída";"6";"185.770,00";"-140,00";"-0,08";"-168,00"
"13636071774";"10/02/2026 / 10:40:20";"WING26";"V";"6";"0,00";"executada";"entrada";"6";"185.630,00";"-";"-";"-"
"13635930766";"09/02/2026 / 10:08:19";"WING26";"C";"6";"0,00";"executada";"saída";"6";"184.215,00";"-145,00";"-0,08";"-174,00"
"13635928283";"09/02/2026 / 10:03:56";"WING26";"V";"6";"0,00";"executada";"entrada";"6";"184.070,00";"-";"-";"-"
"13635793686";"06/02/2026 / 11:14:14";"WING26";"V";"6";"0,00";"executada";"saída";"6";"182.805,00";"-100,00";"-0,05";"-120,00"
"13635792621";"06/02/2026 / 11:11:31";"WING26";"C";"6";"0,00";"executada";"entrada";"6";"182.905,00";"-";"-";"-"
"13635554299";"05/02/2026 / 10:25:24";"WING26";"V";"6";"0,00";"executada";"saída";"6";"183.456,67";"467,50";"0,26";"561,00"
"13635548270";"05/02/2026 / 10:19:05";"WING26";"C";"6";"0,00";"executada";"entrada";"6";"182.989,17";"-";"-";"-"
"13635436648";"04/02/2026 / 12:26:31";"WING26";"V";"6";"0,00";"executada";"saída";"6";"184.210,00";"168,33";"0,09";"202,00"
"13635434600";"04/02/2026 / 12:24:24";"WING26";"C";"6";"0,00";"executada";"entrada";"6";"184.041,67";"-";"-";"-"
"13634906993";"30/01/2026 / 10:27:55";"WING26";"V";"6";"0,00";"executada";"saída";"6";"184.245,00";"145,00";"0,08";"174,00"
"13634902169";"30/01/2026 / 10:19:27";"WING26";"C";"6";"0,00";"executada";"entrada";"6";"184.100,00";"-";"-";"-"
"13634704394";"29/01/2026 / 10:46:39";"WING26";"V";"6";"0,00";"executada";"saída";"6";"187.095,00";"-460,00";"-0,25";"-552,00"
"13634701059";"29/01/2026 / 10:41:30";"WING26";"C";"6";"0,00";"executada";"entrada";"6";"187.555,00";"-";"-";"-"
"13634507727";"28/01/2026 / 10:31:18";"WING26";"V";"6";"0,00";"executada";"saída";"6";"185.540,00";"155,00";"0,08";"186,00"
"13634504939";"28/01/2026 / 10:28:16";"WING26";"C";"6";"0,00";"executada";"entrada";"6";"185.385,00";"-";"-";"-"
"13634365309";"27/01/2026 / 10:43:46";"WING26";"V";"6";"0,00";"executada";"saída";"6";"182.790,00";"-150,00";"-0,08";"-180,00"
"13634364006";"27/01/2026 / 10:41:18";"WING26";"C";"6";"0,00";"executada";"entrada";"6";"182.940,00";"-";"-";"-"
"13634362166";"27/01/2026 / 10:37:06";"WING26";"C";"6";"0,00";"executada";"saída";"6";"182.660,00";"-430,00";"-0,24";"-516,00"
"13634358524";"27/01/2026 / 10:26:18";"WING26";"V";"6";"0,00";"executada";"entrada";"6";"182.230,00";"-";"-";"-"
"13634226070";"26/01/2026 / 10:22:46";"WING26";"C";"6";"0,00";"executada";"saída";"6";"180.250,00";"75,00";"0,04";"90,00"
"13634225250";"26/01/2026 / 10:21:23";"WING26";"V";"6";"0,00";"executada";"entrada";"6";"180.325,00";"-";"-";"-"
"13633499989";"15/01/2026 / 11:17:18";"WING26";"V";"6";"0,00";"executada";"saída";"6";"166.790,00";"-300,00";"-0,18";"-360,00"
"13633494038";"15/01/2026 / 10:54:20";"WING26";"C";"6";"0,00";"executada";"entrada";"6";"167.090,00";"-";"-";"-"
"13633408310";"14/01/2026 / 11:34:03";"WING26";"V";"6";"0,00";"executada";"saída";"6";"164.900,00";"430,00";"0,26";"516,00"
"13633400120";"14/01/2026 / 11:15:25";"WING26";"C";"6";"0,00";"executada";"entrada";"6";"164.470,00";"-";"-";"-"
"13633301131";"13/01/2026 / 10:29:41";"WING26";"C";"6";"0,00";"executada";"saída";"6";"164.197,50";"-227,50";"-0,14";"-273,00"
"13633300484";"13/01/2026 / 10:29:24";"WING26";"V";"6";"0,00";"executada";"entrada";"6";"163.970,00";"-";"-";"-"
"13633239814";"12/01/2026 / 11:42:28";"WING26";"V";"6";"0,00";"executada";"saída";"6";"165.285,00";"450,00";"0,27";"540,00"
"13633233266";"12/01/2026 / 11:28:24";"WING26";"C";"6";"0,00";"executada";"entrada";"6";"164.835,00";"-";"-";"-"
"13633021433";"08/01/2026 / 11:45:05";"WING26";"V";"6";"0,00";"executada";"saída";"6";"164.760,00";"450,00";"0,27";"540,00"
"13633004667";"08/01/2026 / 11:00:21";"WING26";"C";"6";"0,00";"executada";"entrada";"6";"164.310,00";"-";"-";"-"
"13631787213";"18/12/2025 / 10:54:48";"WING26";"V";"6";"0,00";"executada";"saída";"6";"160.865,00";"155,00";"0,10";"186,00"
"13631782718";"18/12/2025 / 10:46:20";"WING26";"C";"6";"0,00";"executada";"entrada";"6";"160.710,00";"-";"-";"-"
"13631028643";"09/12/2025 / 13:22:35";"WINZ25";"V";"6";"0,00";"executada";"saída";"6";"158.305,00";"15,00";"0,01";"18,00"
"13631025439";"09/12/2025 / 13:01:22";"WINZ25";"C";"6";"0,00";"executada";"entrada";"6";"158.290,00";"-";"-";"-"
"13630597940";"03/12/2025 / 13:50:11";"WINZ25";"V";"6";"0,00";"executada";"saída";"6";"162.200,00";"-295,00";"-0,18";"-354,00"
"13630584086";"03/12/2025 / 12:04:26";"WINZ25";"C";"6";"0,00";"executada";"entrada";"6";"162.495,00";"-";"-";"-"
"13630471056";"02/12/2025 / 10:32:55";"WINZ25";"V";"6";"0,00";"executada";"saída";"6";"160.525,00";"435,00";"0,27";"522,00"
"13630467290";"02/12/2025 / 10:24:25";"WINZ25";"C";"6";"0,00";"executada";"entrada";"6";"160.090,00";"-";"-";"-"
"13630414827";"01/12/2025 / 12:21:07";"WINZ25";"V";"6";"0,00";"executada";"saída";"6";"159.960,00";"460,00";"0,29";"552,00"
"13630403803";"01/12/2025 / 11:34:27";"WINZ25";"C";"6";"0,00";"executada";"entrada";"6";"159.500,00";"-";"-";"-"
"13630326669";"28/11/2025 / 12:03:38";"WINZ25";"V";"6";"0,00";"executada";"saída";"6";"159.795,00";"160,00";"0,10";"192,00"
"13630323132";"28/11/2025 / 11:44:37";"WINZ25";"C";"6";"0,00";"executada";"entrada";"6";"159.635,00";"-";"-";"-"
"13630092521";"25/11/2025 / 11:21:38";"WINZ25";"V";"6";"0,00";"executada";"saída";"6";"156.205,00";"-450,00";"-0,29";"-540,00"
"13630088915";"25/11/2025 / 11:04:25";"WINZ25";"C";"6";"0,00";"executada";"entrada";"6";"156.655,00";"-";"-";"-"
"13629993348";"24/11/2025 / 10:41:18";"WINZ25";"V";"6";"0,00";"executada";"saída";"6";"156.510,00";"145,00";"0,09";"174,00"
"13629989981";"24/11/2025 / 10:32:24";"WINZ25";"C";"6";"0,00";"executada";"entrada";"6";"156.365,00";"-";"-";"-"
"13629878978";"21/11/2025 / 10:25:09";"WINZ25";"V";"6";"0,00";"executada";"saída";"6";"156.185,00";"-460,00";"-0,29";"-552,00"
"13629871019";"21/11/2025 / 09:52:23";"WINZ25";"C";"6";"0,00";"executada";"entrada";"6";"156.645,00";"-";"-";"-"
"13629699633";"18/11/2025 / 10:32:11";"WINZ25";"V";"6";"0,00";"executada";"saída";"6";"158.232,50";"447,50";"0,28";"537,00"
"13629692603";"18/11/2025 / 10:16:17";"WINZ25";"C";"6";"0,00";"executada";"entrada";"6";"157.785,00";"-";"-";"-"
"13629346405";"13/11/2025 / 10:31:42";"WINZ25";"V";"6";"0,00";"executada";"saída";"6";"159.788,33";"-144,17";"-0,09";"-173,00"
"13629344653";"13/11/2025 / 10:27:20";"WINZ25";"C";"6";"0,00";"executada";"entrada";"6";"159.932,50";"-";"-";"-"
"13629293796";"12/11/2025 / 13:48:10";"WINZ25";"V";"6";"0,00";"executada";"saída";"6";"158.760,00";"-301,67";"-0,19";"-362,00"
"13629281916";"12/11/2025 / 12:19:23";"WINZ25";"C";"6";"0,00";"executada";"entrada";"6";"159.061,67";"-";"-";"-"
"13629103931";"10/11/2025 / 11:34:02";"WINZ25";"V";"6";"0,00";"executada";"saída";"6";"157.259,17";"-447,50";"-0,28";"-537,00"
"13629098009";"10/11/2025 / 10:59:26";"WINZ25";"C";"6";"0,00";"executada";"entrada";"6";"157.706,67";"-";"-";"-"
"13628892795";"06/11/2025 / 11:08:40";"WINZ25";"V";"6";"0,00";"executada";"saída";"6";"156.169,17";"139,17";"0,09";"167,00"
"13628879065";"06/11/2025 / 10:07:15";"WINZ25";"C";"6";"0,00";"executada";"entrada";"6";"156.030,00";"-";"-";"-"
"13628799645";"05/11/2025 / 10:49:29";"WINZ25";"V";"6";"0,00";"executada";"saída";"6";"153.451,67";"741,67";"0,49";"890,00"
"13628788586";"05/11/2025 / 10:21:19";"WINZ25";"C";"6";"0,00";"executada";"entrada";"6";"152.710,00";"-";"-";"-"
"13628744463";"04/11/2025 / 14:19:09";"WINZ25";"V";"6";"0,00";"executada";"saída";"6";"152.660,83";"-449,17";"-0,29";"-539,00"
"13628728313";"04/11/2025 / 12:06:15";"WINZ25";"C";"6";"0,00";"executada";"entrada";"6";"153.110,00";"-";"-";"-"
"13628555533";"31/10/2025 / 12:01:02";"WINZ25";"V";"6";"0,00";"executada";"saída";"6";"151.649,17";"187,50";"0,12";"225,00"
"13628537689";"31/10/2025 / 10:41:17";"WINZ25";"C";"6";"0,00";"executada";"entrada";"6";"151.461,67";"-";"-";"-"
"13628349158";"29/10/2025 / 10:35:08";"WINZ25";"V";"6";"0,00";"executada";"saída";"6";"150.934,17";"152,50";"0,10";"183,00"
"13628339446";"29/10/2025 / 10:04:19";"WINZ25";"C";"6";"0,00";"executada";"entrada";"6";"150.781,67";"-";"-";"-"
"13628281176";"28/10/2025 / 11:52:34";"WINZ25";"V";"6";"0,00";"executada";"saída";"6";"150.020,00";"25,00";"0,02";"30,00"
"13628268866";"28/10/2025 / 10:48:19";"WINZ25";"C";"6";"0,00";"executada";"entrada";"6";"149.995,00";"-";"-";"-"
"13628119766";"24/10/2025 / 13:06:34";"WINZ25";"C";"6";"0,00";"executada";"saída";"6";"149.174,17";"-144,17";"-0,10";"-173,00"
"13628096040";"24/10/2025 / 11:11:23";"WINZ25";"V";"6";"0,00";"executada";"entrada";"6";"149.030,00";"-";"-";"-"
"13627758085";"21/10/2025 / 11:38:33";"WINZ25";"V";"6";"0,00";"executada";"saída";"6";"147.325,00";"116,67";"0,08";"140,00"
"13627747927";"21/10/2025 / 11:06:20";"WINZ25";"C";"6";"0,00";"executada";"entrada";"6";"147.208,33";"-";"-";"-"
"13627610519";"17/10/2025 / 10:42:04";"WINZ25";"V";"6";"0,00";"executada";"saída";"6";"145.255,00";"447,50";"0,31";"537,00"
"13627605207";"17/10/2025 / 10:34:20";"WINZ25";"C";"6";"0,00";"executada";"entrada";"6";"144.807,50";"-";"-";"-"
"13627466369";"16/10/2025 / 11:03:37";"WINZ25";"V";"6";"0,00";"executada";"saída";"6";"144.939,17";"-13,33";"-0,01";"-16,00"
"13627461959";"16/10/2025 / 10:51:18";"WINZ25";"C";"6";"0,00";"executada";"entrada";"6";"144.952,50";"-";"-";"-"
"13627210668";"14/10/2025 / 10:43:44";"WINV25";"V";"6";"0,00";"executada";"saída";"6";"141.575,83";"-149,17";"-0,11";"-179,00"
"13627208119";"14/10/2025 / 10:38:21";"WINV25";"C";"6";"0,00";"executada";"entrada";"6";"141.725,00";"-";"-";"-"
"13626795222";"08/10/2025 / 15:31:15";"WINV25";"C";"6";"0,00";"executada";"saída";"6";"142.334,17";"-19,17";"-0,01";"-23,00"
"13626781103";"08/10/2025 / 12:50:23";"WINV25";"V";"6";"0,00";"executada";"entrada";"6";"142.315,00";"-";"-";"-"
"13626781083";"08/10/2025 / 12:50:22";"WINV25";"V";"6";"0,00";"executada";"saída";"6";"142.315,00";"-314,17";"-0,22";"-377,00"
"13626770623";"08/10/2025 / 11:31:22";"WINV25";"C";"6";"0,00";"executada";"entrada";"6";"142.629,17";"-";"-";"-"
"13626690300";"07/10/2025 / 11:41:37";"WINV25";"C";"6";"0,00";"executada";"saída";"6";"141.937,50";"1.057,50";"0,74";"1.269,00"
"13626667735";"07/10/2025 / 10:15:13";"WINV25";"V";"6";"0,00";"executada";"entrada";"6";"142.995,00";"-";"-";"-"
"13626618984";"06/10/2025 / 13:26:39";"WINV25";"C";"6";"0,00";"executada";"saída";"6";"143.980,00";"155,00";"0,11";"186,00"
"13626596561";"06/10/2025 / 11:08:18";"WINV25";"V";"6";"0,00";"executada";"entrada";"6";"144.135,00";"-";"-";"-"
"13626473996";"03/10/2025 / 10:31:29";"WINV25";"V";"6";"0,00";"executada";"saída";"6";"144.660,00";"130,00";"0,09";"156,00"
"13626469745";"03/10/2025 / 10:22:12";"WINV25";"C";"6";"0,00";"executada";"entrada";"6";"144.530,00";"-";"-";"-"
"13626383257";"02/10/2025 / 12:10:26";"WINV25";"C";"6";"0,00";"executada";"saída";"6";"144.701,67";"763,33";"0,52";"916,00"
"13626366627";"02/10/2025 / 11:09:22";"WINV25";"V";"6";"0,00";"executada";"entrada";"6";"145.465,00";"-";"-";"-"
"13626362650";"02/10/2025 / 11:01:41";"WINV25";"V";"6";"0,00";"executada";"saída";"6";"145.764,17";"-460,83";"-0,32";"-553,00"
"13626359195";"02/10/2025 / 10:54:22";"WINV25";"C";"6";"0,00";"executada";"entrada";"6";"146.225,00";"-";"-";"-"
"13626268550";"01/10/2025 / 11:04:27";"WINV25";"C";"6";"0,00";"executada";"saída";"6";"147.145,00";"107,50";"0,07";"129,00"
"13626262142";"01/10/2025 / 10:44:36";"WINV25";"V";"6";"0,00";"executada";"entrada";"6";"147.252,50";"-";"-";"-"
"13626158057";"30/09/2025 / 10:27:49";"WINV25";"V";"6";"0,00";"executada";"saída";"6";"148.061,67";"-150,00";"-0,10";"-180,00"
"13626156060";"30/09/2025 / 10:19:19";"WINV25";"C";"6";"0,00";"executada";"entrada";"6";"148.211,67";"-";"-";"-"
"13625965446";"26/09/2025 / 10:16:09";"WINV25";"V";"6";"0,00";"executada";"saída";"6";"146.985,00";"110,00";"0,07";"132,00"
"13625962857";"26/09/2025 / 10:13:19";"WINV25";"C";"6";"0,00";"executada";"entrada";"6";"146.875,00";"-";"-";"-"
"13625899012";"25/09/2025 / 13:49:03";"WINV25";"V";"6";"0,00";"executada";"saída";"6";"147.205,00";"134,17";"0,09";"161,00"
"13625870573";"25/09/2025 / 11:25:13";"WINV25";"C";"6";"0,00";"executada";"entrada";"6";"147.070,83";"-";"-";"-"
"13625855313";"25/09/2025 / 10:49:25";"WINV25";"C";"6";"0,00";"executada";"saída";"6";"146.845,00";"170,00";"0,12";"204,00"
"13625841958";"25/09/2025 / 10:20:14";"WINV25";"V";"6";"0,00";"executada";"entrada";"6";"147.015,00";"-";"-";"-"
"13625755797";"24/09/2025 / 11:57:00";"WINV25";"V";"6";"0,00";"executada";"saída";"6";"147.427,50";"-138,33";"-0,09";"-166,00"
"13625738184";"24/09/2025 / 10:44:18";"WINV25";"C";"6";"0,00";"executada";"entrada";"6";"147.565,83";"-";"-";"-"
"13625027344";"17/09/2025 / 10:26:00";"WINV25";"V";"6";"0,00";"executada";"saída";"6";"145.764,17";"172,50";"0,12";"207,00"
"13625021966";"17/09/2025 / 10:17:29";"WINV25";"C";"6";"0,00";"executada";"entrada";"6";"145.591,67";"-";"-";"-"
"13624932009";"16/09/2025 / 10:38:06";"WINV25";"V";"6";"0,00";"executada";"saída";"6";"145.621,67";"-153,33";"-0,11";"-184,00"
"13624927631";"16/09/2025 / 10:20:14";"WINV25";"C";"6";"0,00";"executada";"entrada";"6";"145.775,00";"-";"-";"-"
"13624715400";"12/09/2025 / 11:00:22";"WINV25";"V";"6";"0,00";"executada";"saída";"6";"144.625,00";"459,17";"0,32";"551,00"
"13624706060";"12/09/2025 / 10:46:26";"WINV25";"C";"6";"0,00";"executada";"entrada";"6";"144.165,83";"-";"-";"-"
"13624585588";"11/09/2025 / 10:48:11";"WINV25";"V";"6";"0,00";"executada";"saída";"6";"144.740,00";"137,50";"0,10";"165,00"
"13624582428";"11/09/2025 / 10:43:19";"WINV25";"C";"6";"0,00";"executada";"entrada";"6";"144.602,50";"-";"-";"-"
"13624581629";"11/09/2025 / 10:42:03";"WINV25";"C";"6";"0,00";"executada";"saída";"6";"144.660,00";"-435,83";"-0,30";"-523,00"
"13624574128";"11/09/2025 / 10:26:19";"WINV25";"V";"6";"0,00";"executada";"entrada";"6";"144.224,17";"-";"-";"-"
"13624458936";"10/09/2025 / 10:51:17";"WINV25";"V";"6";"0,00";"executada";"saída";"6";"144.445,00";"439,17";"0,31";"527,00"
"13624451808";"10/09/2025 / 10:37:29";"WINV25";"C";"6";"0,00";"executada";"entrada";"6";"144.005,83";"-";"-";"-"
"13624374620";"09/09/2025 / 11:35:28";"WINV25";"V";"6";"0,00";"executada";"saída";"6";"143.880,00";"30,00";"0,02";"36,00"
"13624372823";"09/09/2025 / 11:29:24";"WINV25";"C";"6";"0,00";"executada";"entrada";"6";"143.850,00";"-";"-";"-"
"13624357715";"09/09/2025 / 10:37:58";"WINV25";"C";"6";"0,00";"executada";"saída";"6";"143.945,00";"1,67";"0,00";"2,00"
"13624349108";"09/09/2025 / 10:04:34";"WINV25";"V";"6";"0,00";"executada";"entrada";"6";"143.946,67";"-";"-";"-"
"13624279432";"08/09/2025 / 10:48:22";"WINV25";"C";"6";"0,00";"executada";"saída";"6";"143.995,00";"148,33";"0,10";"178,00"
"13624276558";"08/09/2025 / 10:43:25";"WINV25";"V";"6";"0,00";"executada";"entrada";"6";"144.143,33";"-";"-";"-"
"13624164970";"05/09/2025 / 10:37:21";"WINV25";"V";"6";"0,00";"executada";"saída";"6";"145.180,00";"455,00";"0,31";"546,00"
"13624158934";"05/09/2025 / 10:24:16";"WINV25";"C";"6";"0,00";"executada";"entrada";"6";"144.725,00";"-";"-";"-"
"13624107193";"04/09/2025 / 15:21:48";"WINV25";"V";"6";"0,00";"executada";"saída";"6";"143.305,00";"1.060,00";"0,75";"1.272,00"
"13624070044";"04/09/2025 / 10:59:24";"WINV25";"C";"6";"0,00";"executada";"entrada";"6";"142.245,00";"-";"-";"-"
"13624067243";"04/09/2025 / 10:48:18";"WINV25";"C";"6";"0,00";"executada";"saída";"6";"141.980,00";"45,00";"0,03";"54,00"
"13624065147";"04/09/2025 / 10:39:19";"WINV25";"V";"6";"0,00";"executada";"entrada";"6";"142.025,00";"-";"-";"-"
"13623971842";"03/09/2025 / 10:34:04";"WINV25";"C";"6";"0,00";"executada";"saída";"6";"142.080,00";"134,17";"0,09";"161,00"
"13623967725";"03/09/2025 / 10:26:24";"WINV25";"V";"6";"0,00";"executada";"entrada";"6";"142.214,17";"-";"-";"-"
"13623881955";"02/09/2025 / 11:00:27";"WINV25";"V";"6";"0,00";"executada";"saída";"6";"142.895,00";"186,67";"0,13";"224,00"
"13623880792";"02/09/2025 / 10:58:26";"WINV25";"C";"6";"0,00";"executada";"entrada";"6";"142.708,33";"-";"-";"-"
"13623489483";"27/08/2025 / 10:56:55";"WINV25";"V";"6";"0,00";"executada";"saída";"6";"139.990,00";"-380,00";"-0,27";"-456,00"
"13623486738";"27/08/2025 / 10:47:22";"WINV25";"C";"6";"0,00";"executada";"entrada";"6";"140.370,00";"-";"-";"-"
"13621822186";"04/08/2025 / 11:38:26";"WINQ25";"V";"6";"0,00";"executada";"saída";"6";"133.600,00";"-110,00";"-0,08";"-132,00"
"13621813331";"04/08/2025 / 11:06:00";"WINQ25";"C";"6";"0,00";"executada";"entrada";"6";"133.710,00";"-";"-";"-"
"13621513091";"31/07/2025 / 11:25:06";"WINQ25";"V";"6";"0,00";"executada";"saída";"6";"133.307,50";"138,33";"0,10";"166,00"
"13621500291";"31/07/2025 / 10:49:04";"WINQ25";"C";"6";"0,00";"executada";"entrada";"6";"133.169,17";"-";"-";"-"
"13621350054";"30/07/2025 / 10:43:04";"WINQ25";"V";"6";"0,00";"executada";"saída";"6";"133.778,33";"732,50";"0,55";"879,00"
"13621342256";"30/07/2025 / 10:26:21";"WINQ25";"C";"6";"0,00";"executada";"entrada";"6";"133.045,83";"-";"-";"-"
"13621342242";"30/07/2025 / 10:26:20";"WINQ25";"C";"6";"0,00";"executada";"saída";"6";"133.055,00";"-135,00";"-0,10";"-162,00"
"13621340076";"30/07/2025 / 10:20:50";"WINQ25";"V";"6";"0,00";"executada";"entrada";"6";"132.920,00";"-";"-";"-"
"13621264162";"29/07/2025 / 11:38:05";"WINQ25";"V";"6";"0,00";"executada";"saída";"6";"133.475,00";"319,17";"0,24";"383,00"
"13621241025";"29/07/2025 / 10:19:53";"WINQ25";"C";"6";"0,00";"executada";"entrada";"6";"133.155,83";"-";"-";"-"
"13621173613";"28/07/2025 / 11:22:43";"WINQ25";"C";"6";"0,00";"executada";"saída";"6";"133.369,17";"465,83";"0,35";"559,00"
"13621159171";"28/07/2025 / 10:31:44";"WINQ25";"V";"6";"0,00";"executada";"entrada";"6";"133.835,00";"-";"-";"-"
"13621058282";"25/07/2025 / 10:08:44";"WINQ25";"C";"6";"0,00";"executada";"saída";"6";"134.850,00";"169,17";"0,13";"203,00"
"13621049021";"25/07/2025 / 09:33:27";"WINQ25";"V";"6";"0,00";"executada";"entrada";"6";"135.019,17";"-";"-";"-"
"13621016152";"24/07/2025 / 13:55:37";"WINQ25";"V";"6";"0,00";"executada";"saída";"6";"134.740,00";"-228,33";"-0,17";"-274,00"
"13621011879";"24/07/2025 / 13:10:40";"WINQ25";"C";"6";"0,00";"executada";"entrada";"6";"134.968,33";"-";"-";"-"
"13621011857";"24/07/2025 / 13:10:39";"WINQ25";"C";"6";"0,00";"executada";"saída";"6";"134.965,00";"-221,67";"-0,16";"-266,00"
"13621006689";"24/07/2025 / 12:30:40";"WINQ25";"V";"6";"0,00";"executada";"entrada";"6";"134.743,33";"-";"-";"-"
"13621006674";"24/07/2025 / 12:30:39";"WINQ25";"V";"6";"0,00";"executada";"saída";"6";"134.737,50";"-235,83";"-0,17";"-283,00"
"13621004687";"24/07/2025 / 12:11:40";"WINQ25";"C";"6";"0,00";"executada";"entrada";"6";"134.973,33";"-";"-";"-"
"13621001498";"24/07/2025 / 11:49:34";"WINQ25";"C";"6";"0,00";"executada";"saída";"6";"135.155,00";"-310,00";"-0,23";"-372,00"
"13620995588";"24/07/2025 / 11:22:01";"WINQ25";"V";"6";"0,00";"executada";"entrada";"6";"134.845,00";"-";"-";"-"
"13620995560";"24/07/2025 / 11:21:59";"WINQ25";"V";"6";"0,00";"executada";"saída";"6";"134.859,17";"204,17";"0,15";"245,00"
"13620991100";"24/07/2025 / 10:55:40";"WINQ25";"C";"6";"0,00";"executada";"entrada";"6";"134.655,00";"-";"-";"-"
"13620990964";"24/07/2025 / 10:55:39";"WINQ25";"C";"6";"0,00";"executada";"saída";"6";"134.665,00";"-85,00";"-0,06";"-102,00"
"13620989445";"24/07/2025 / 10:45:40";"WINQ25";"V";"6";"0,00";"executada";"entrada";"6";"134.580,00";"-";"-";"-"
"13620570260";"17/07/2025 / 13:06:01";"WINQ25";"V";"6";"0,00";"executada";"saída";"6";"136.524,17";"-435,83";"-0,32";"-523,00"
"13620566884";"17/07/2025 / 12:39:01";"WINQ25";"C";"6";"0,00";"executada";"entrada";"6";"136.960,00";"-";"-";"-"
"13620566856";"17/07/2025 / 12:39:00";"WINQ25";"C";"6";"0,00";"executada";"saída";"6";"136.955,00";"-385,00";"-0,28";"-462,00"
"13620564224";"17/07/2025 / 12:21:40";"WINQ25";"V";"6";"0,00";"executada";"entrada";"6";"136.570,00";"-";"-";"-"
"13620563155";"17/07/2025 / 12:15:02";"WINQ25";"V";"6";"0,00";"executada";"saída";"6";"136.755,00";"-12,50";"-0,01";"-15,00"
"13620558927";"17/07/2025 / 11:51:01";"WINQ25";"C";"6";"0,00";"executada";"entrada";"6";"136.767,50";"-";"-";"-"
"13620535100";"17/07/2025 / 10:24:07";"WINQ25";"C";"6";"0,00";"executada";"saída";"6";"136.560,83";"-10,83";"-0,01";"-13,00"
"13620532642";"17/07/2025 / 10:14:00";"WINQ25";"V";"6";"0,00";"executada";"entrada";"6";"136.550,00";"-";"-";"-"
"13620151533";"11/07/2025 / 10:38:37";"WINQ25";"C";"6";"0,00";"executada";"saída";"6";"137.546,67";"37,50";"0,03";"45,00"
"13620146168";"11/07/2025 / 10:22:54";"WINQ25";"V";"6";"0,00";"executada";"entrada";"6";"137.584,17";"-";"-";"-"
"13620099983";"10/07/2025 / 14:39:53";"WINQ25";"V";"6";"0,00";"executada";"saída";"6";"138.180,00";"-445,00";"-0,32";"-534,00"
"13620088385";"10/07/2025 / 13:23:47";"WINQ25";"C";"6";"0,00";"executada";"entrada";"6";"138.625,00";"-";"-";"-"
"13620071987";"10/07/2025 / 11:45:21";"WINQ25";"C";"6";"0,00";"executada";"saída";"6";"138.377,50";"-441,67";"-0,32";"-530,00"
"13620068399";"10/07/2025 / 11:30:58";"WINQ25";"V";"6";"0,00";"executada";"entrada";"6";"137.935,83";"-";"-";"-"
"13620068381";"10/07/2025 / 11:30:57";"WINQ25";"V";"6";"0,00";"executada";"saída";"6";"137.940,00";"-216,67";"-0,16";"-260,00"
"13620065126";"10/07/2025 / 11:15:37";"WINQ25";"C";"6";"0,00";"executada";"entrada";"6";"138.156,67";"-";"-";"-"
"13619793962";"07/07/2025 / 14:28:57";"WINQ25";"C";"6";"0,00";"executada";"saída";"6";"141.344,17";"605,83";"0,43";"727,00"
"13619774676";"07/07/2025 / 12:16:45";"WINQ25";"V";"6";"0,00";"executada";"entrada";"6";"141.950,00";"-";"-";"-"
"13619774643";"07/07/2025 / 12:16:44";"WINQ25";"V";"6";"0,00";"executada";"saída";"6";"141.949,17";"-365,00";"-0,26";"-438,00"
"13619763373";"07/07/2025 / 11:25:35";"WINQ25";"C";"6";"0,00";"executada";"entrada";"6";"142.314,17";"-";"-";"-"
"13619749718";"07/07/2025 / 10:30:52";"WINQ25";"C";"6";"0,00";"executada";"saída";"6";"142.845,00";"150,00";"0,10";"180,00"
"13619744685";"07/07/2025 / 10:19:35";"WINQ25";"V";"6";"0,00";"executada";"entrada";"6";"142.995,00";"-";"-";"-"
"13619684227";"04/07/2025 / 11:19:44";"WINQ25";"V";"6";"0,00";"executada";"saída";"6";"143.095,00";"139,17";"0,10";"167,00"
"13619678942";"04/07/2025 / 10:52:46";"WINQ25";"C";"6";"0,00";"executada";"entrada";"6";"142.955,83";"-";"-";"-"
"13619619892";"03/07/2025 / 12:05:01";"WINQ25";"C";"6";"0,00";"executada";"saída";"6";"142.715,00";"160,83";"0,11";"193,00"
"13619611266";"03/07/2025 / 11:18:43";"WINQ25";"V";"6";"0,00";"executada";"entrada";"6";"142.875,83";"-";"-";"-"
"13619609868";"03/07/2025 / 11:11:29";"WINQ25";"V";"6";"0,00";"executada";"saída";"6";"142.934,17";"883,33";"0,62";"1.060,00"
"13619594538";"03/07/2025 / 10:32:04";"WINQ25";"C";"6";"0,00";"executada";"entrada";"6";"142.050,83";"-";"-";"-"
"13619543211";"02/07/2025 / 15:51:58";"WINQ25";"C";"6";"0,00";"executada";"saída";"6";"141.223,33";"-3,33";"-0,00";"-4,00"
"13619540792";"02/07/2025 / 15:30:40";"WINQ25";"V";"6";"0,00";"executada";"entrada";"6";"141.220,00";"-";"-";"-"
"13619506717";"02/07/2025 / 11:41:35";"WINQ25";"V";"6";"0,00";"executada";"saída";"6";"140.725,83";"-4,17";"-0,00";"-5,00"
"13619504318";"02/07/2025 / 11:35:01";"WINQ25";"C";"6";"0,00";"executada";"entrada";"6";"140.730,00";"-";"-";"-"
"13619486364";"02/07/2025 / 10:36:31";"WINQ25";"C";"6";"0,00";"executada";"saída";"6";"141.540,00";"-8,33";"-0,01";"-10,00"
"13619483022";"02/07/2025 / 10:31:00";"WINQ25";"V";"6";"0,00";"executada";"entrada";"6";"141.531,67";"-";"-";"-"
"13619426976";"01/07/2025 / 13:44:29";"WINQ25";"V";"6";"0,00";"executada";"saída";"6";"141.607,50";"137,50";"0,10";"165,00"
"13619417893";"01/07/2025 / 12:38:22";"WINQ25";"C";"6";"0,00";"executada";"entrada";"6";"141.470,00";"-";"-";"-"
"13619417867";"01/07/2025 / 12:38:21";"WINQ25";"C";"6";"0,00";"executada";"saída";"6";"141.465,83";"-185,83";"-0,13";"-223,00"
"13619413759";"01/07/2025 / 12:13:22";"WINQ25";"V";"6";"0,00";"executada";"entrada";"6";"141.280,00";"-";"-";"-"
"13619413741";"01/07/2025 / 12:13:21";"WINQ25";"V";"6";"0,00";"executada";"saída";"6";"141.285,00";"-100,00";"-0,07";"-120,00"
"13619402280";"01/07/2025 / 11:16:43";"WINQ25";"C";"6";"0,00";"executada";"entrada";"6";"141.385,00";"-";"-";"-"
"13619402257";"01/07/2025 / 11:16:41";"WINQ25";"C";"6";"0,00";"executada";"saída";"6";"141.404,17";"-73,33";"-0,05";"-88,00"
"13619399984";"01/07/2025 / 11:06:42";"WINQ25";"V";"6";"0,00";"executada";"entrada";"6";"141.330,83";"-";"-";"-"
"13619285363";"30/06/2025 / 10:25:12";"WINQ25";"V";"6";"0,00";"executada";"saída";"6";"139.225,00";"315,00";"0,23";"378,00"
"13619281868";"30/06/2025 / 10:19:48";"WINQ25";"C";"6";"0,00";"executada";"entrada";"6";"138.910,00";"-";"-";"-"
"13619099198";"26/06/2025 / 12:26:49";"WINQ25";"V";"6";"0,00";"executada";"saída";"6";"139.380,00";"4,17";"0,00";"5,00"
"13619091911";"26/06/2025 / 11:43:16";"WINQ25";"C";"6";"0,00";"executada";"entrada";"6";"139.375,83";"-";"-";"-"
"13619017425";"25/06/2025 / 14:02:28";"WINQ25";"V";"6";"0,00";"executada";"saída";"6";"138.430,00";"140,00";"0,10";"168,00"
"13619008707";"25/06/2025 / 12:50:19";"WINQ25";"C";"6";"0,00";"executada";"entrada";"6";"138.290,00";"-";"-";"-"
"13618999844";"25/06/2025 / 12:13:05";"WINQ25";"C";"6";"0,00";"executada";"saída";"6";"138.255,83";"154,17";"0,11";"185,00"
"13618977300";"25/06/2025 / 10:38:42";"WINQ25";"V";"6";"0,00";"executada";"entrada";"6";"138.410,00";"-";"-";"-"
"13618915336";"24/06/2025 / 13:56:59";"WINQ25";"V";"6";"0,00";"executada";"saída";"6";"140.430,00";"-5,00";"-0,00";"-6,00"
"13618912531";"24/06/2025 / 13:25:29";"WINQ25";"C";"6";"0,00";"executada";"entrada";"6";"140.435,00";"-";"-";"-"
"13618912516";"24/06/2025 / 13:25:28";"WINQ25";"C";"6";"0,00";"executada";"saída";"6";"140.435,00";"8,33";"0,01";"10,00"
"13618911420";"24/06/2025 / 13:10:38";"WINQ25";"V";"6";"0,00";"executada";"entrada";"6";"140.443,33";"-";"-";"-"
"13618875190";"24/06/2025 / 10:47:08";"WINQ25";"V";"6";"0,00";"executada";"saída";"6";"139.488,33";"170,00";"0,12";"204,00"
"13618868044";"24/06/2025 / 10:27:29";"WINQ25";"C";"6";"0,00";"executada";"entrada";"6";"139.318,33";"-";"-";"-"
"13618868031";"24/06/2025 / 10:27:28";"WINQ25";"C";"6";"0,00";"executada";"saída";"6";"139.320,83";"-315,83";"-0,23";"-379,00"
"13618866177";"24/06/2025 / 10:21:49";"WINQ25";"V";"6";"0,00";"executada";"entrada";"6";"139.005,00";"-";"-";"-"
"13618815921";"23/06/2025 / 14:50:51";"WINQ25";"V";"6";"0,00";"executada";"saída";"6";"138.775,00";"150,00";"0,11";"180,00"
"13618806052";"23/06/2025 / 13:49:44";"WINQ25";"C";"6";"0,00";"executada";"entrada";"6";"138.625,00";"-";"-";"-"
"13618806028";"23/06/2025 / 13:49:43";"WINQ25";"C";"6";"0,00";"executada";"saída";"6";"138.615,00";"-170,83";"-0,12";"-205,00"
"13618804349";"23/06/2025 / 13:40:44";"WINQ25";"V";"6";"0,00";"executada";"entrada";"6";"138.444,17";"-";"-";"-"
"13618797660";"23/06/2025 / 13:01:16";"WINQ25";"V";"6";"0,00";"executada";"saída";"6";"138.685,00";"-455,00";"-0,33";"-546,00"
"13618782302";"23/06/2025 / 11:22:43";"WINQ25";"C";"6";"0,00";"executada";"entrada";"6";"139.140,00";"-";"-";"-"
"13618777495";"23/06/2025 / 11:10:16";"WINQ25";"C";"6";"0,00";"executada";"saída";"6";"138.925,83";"169,17";"0,12";"203,00"
"13618766900";"23/06/2025 / 10:34:54";"WINQ25";"V";"6";"0,00";"executada";"entrada";"6";"139.095,00";"-";"-";"-"
"13618693464";"20/06/2025 / 12:03:34";"WINQ25";"C";"6";"0,00";"executada";"saída";"6";"139.540,00";"434,17";"0,31";"521,00"
"13618683914";"20/06/2025 / 11:26:00";"WINQ25";"V";"6";"0,00";"executada";"entrada";"6";"139.974,17";"-";"-";"-"
"13618585243";"18/06/2025 / 12:00:18";"WINQ25";"V";"6";"0,00";"executada";"saída";"6";"141.545,00";"130,00";"0,09";"156,00"
"13618576133";"18/06/2025 / 11:11:39";"WINQ25";"C";"6";"0,00";"executada";"entrada";"6";"141.415,00";"-";"-";"-"
"13618576114";"18/06/2025 / 11:11:38";"WINQ25";"C";"6";"0,00";"executada";"saída";"6";"141.395,00";"-154,17";"-0,11";"-185,00"
"13618569128";"18/06/2025 / 10:50:59";"WINQ25";"V";"6";"0,00";"executada";"entrada";"6";"141.240,83";"-";"-";"-"
"13618492361";"17/06/2025 / 13:48:42";"WINM25";"V";"6";"0,00";"executada";"saída";"6";"138.545,00";"20,00";"0,01";"24,00"
"13618484638";"17/06/2025 / 12:50:34";"WINM25";"C";"6";"0,00";"executada";"entrada";"6";"138.525,00";"-";"-";"-"
"13618457091";"17/06/2025 / 10:34:45";"WINM25";"C";"6";"0,00";"executada";"saída";"6";"139.420,83";"13,33";"0,01";"16,00"
"13618449849";"17/06/2025 / 10:13:54";"WINM25";"V";"6";"0,00";"executada";"entrada";"6";"139.434,17";"-";"-";"-"
"13618374780";"16/06/2025 / 10:50:31";"WINM25";"V";"6";"0,00";"executada";"saída";"6";"139.690,00";"302,50";"0,22";"363,00"
"13618371035";"16/06/2025 / 10:39:50";"WINM25";"C";"6";"0,00";"executada";"entrada";"6";"139.387,50";"-";"-";"-"
"13618327759";"13/06/2025 / 16:04:38";"WINM25";"V";"6";"0,00";"executada";"saída";"6";"137.590,00";"8,33";"0,01";"10,00"
"13618324753";"13/06/2025 / 15:52:38";"WINM25";"C";"6";"0,00";"executada";"entrada";"6";"137.581,67";"-";"-";"-"
"13618321220";"13/06/2025 / 15:34:36";"WINM25";"C";"6";"0,00";"executada";"saída";"6";"137.435,00";"162,50";"0,12";"195,00"
"13618312036";"13/06/2025 / 14:34:38";"WINM25";"V";"6";"0,00";"executada";"entrada";"6";"137.597,50";"-";"-";"-"
"13618293242";"13/06/2025 / 12:11:02";"WINM25";"V";"6";"0,00";"executada";"saída";"6";"137.260,00";"12,50";"0,01";"15,00"
"13618283304";"13/06/2025 / 11:25:58";"WINM25";"C";"6";"0,00";"executada";"entrada";"6";"137.247,50";"-";"-";"-"
"13618275190";"13/06/2025 / 11:06:26";"WINM25";"C";"6";"0,00";"executada";"saída";"6";"137.080,00";"310,83";"0,23";"373,00"
"13618270461";"13/06/2025 / 10:58:58";"WINM25";"V";"6";"0,00";"executada";"entrada";"6";"137.390,83";"-";"-";"-"
"13618166702";"12/06/2025 / 10:48:50";"WINM25";"V";"6";"0,00";"executada";"saída";"6";"136.950,83";"108,33";"0,08";"130,00"
"13618163241";"12/06/2025 / 10:39:09";"WINM25";"C";"6";"0,00";"executada";"entrada";"6";"136.842,50";"-";"-";"-"
"13618066390";"11/06/2025 / 11:11:54";"WINM25";"V";"6";"0,00";"executada";"saída";"6";"137.170,00";"584,17";"0,43";"701,00"
"13618056311";"11/06/2025 / 10:48:53";"WINM25";"C";"6";"0,00";"executada";"entrada";"6";"136.585,83";"-";"-";"-"
"13617953662";"10/06/2025 / 10:50:18";"WINM25";"V";"6";"0,00";"executada";"saída";"6";"137.185,00";"285,00";"0,21";"342,00"
"13617948828";"10/06/2025 / 10:36:42";"WINM25";"C";"6";"0,00";"executada";"entrada";"6";"136.900,00";"-";"-";"-"
"13617942348";"10/06/2025 / 10:22:06";"WINM25";"C";"6";"0,00";"executada";"saída";"6";"136.789,17";"310,83";"0,23";"373,00"
"13617938180";"10/06/2025 / 10:16:33";"WINM25";"V";"6";"0,00";"executada";"entrada";"6";"137.100,00";"-";"-";"-"
"13617751491";"06/06/2025 / 11:36:00";"WINM25";"C";"6";"0,00";"executada";"saída";"6";"136.625,00";"150,00";"0,11";"180,00"
"13617746691";"06/06/2025 / 11:21:46";"WINM25";"V";"6";"0,00";"executada";"entrada";"6";"136.775,00";"-";"-";"-"
"13617725188";"06/06/2025 / 10:18:57";"WINM25";"V";"6";"0,00";"executada";"saída";"6";"137.215,00";"20,00";"0,01";"24,00"
"13617722788";"06/06/2025 / 10:13:56";"WINM25";"C";"6";"0,00";"executada";"entrada";"6";"137.195,00";"-";"-";"-"
"13617641120";"05/06/2025 / 12:03:35";"WINM25";"C";"6";"0,00";"executada";"saída";"6";"137.755,00";"-460,00";"-0,34";"-552,00"
"13617629873";"05/06/2025 / 11:10:20";"WINM25";"V";"6";"0,00";"executada";"entrada";"6";"137.295,00";"-";"-";"-"
"13617627655";"05/06/2025 / 11:04:52";"WINM25";"V";"6";"0,00";"executada";"saída";"6";"137.468,33";"-426,67";"-0,31";"-512,00"
"13617621552";"05/06/2025 / 10:47:10";"WINM25";"C";"6";"0,00";"executada";"entrada";"6";"137.895,00";"-";"-";"-"
"13617535973";"04/06/2025 / 11:41:40";"WINM25";"C";"6";"0,00";"executada";"saída";"6";"139.055,00";"-12,50";"-0,01";"-15,00"
"13617535950";"04/06/2025 / 11:41:39";"WINM25";"V";"6";"0,00";"executada";"entrada";"6";"139.042,50";"-";"-";"-"
"13617534198";"04/06/2025 / 11:35:21";"WINM25";"V";"6";"0,00";"executada";"saída";"6";"138.990,00";"-469,17";"-0,34";"-563,00"
"13617530373";"04/06/2025 / 11:17:39";"WINM25";"C";"6";"0,00";"executada";"entrada";"6";"139.459,17";"-";"-";"-"
"13617529022";"04/06/2025 / 11:16:04";"WINM25";"C";"6";"0,00";"executada";"saída";"6";"139.440,00";"-450,00";"-0,32";"-540,00"
"13617524770";"04/06/2025 / 11:08:39";"WINM25";"V";"6";"0,00";"executada";"entrada";"6";"138.990,00";"-";"-";"-"
"13617364425";"02/06/2025 / 14:00:23";"WINM25";"C";"6";"0,00";"executada";"saída";"6";"137.525,00";"305,00";"0,22";"366,00"
"13617353988";"02/06/2025 / 12:34:41";"WINM25";"V";"6";"0,00";"executada";"entrada";"6";"137.830,00";"-";"-";"-"
"13617353964";"02/06/2025 / 12:34:40";"WINM25";"V";"6";"0,00";"executada";"saída";"6";"137.826,67";"-138,33";"-0,10";"-166,00"
"13617352535";"02/06/2025 / 12:22:30";"WINM25";"C";"6";"0,00";"executada";"entrada";"6";"137.965,00";"-";"-";"-"
"13617322820";"02/06/2025 / 10:30:10";"WINM25";"C";"6";"0,00";"executada";"saída";"6";"138.680,00";"310,00";"0,22";"372,00"
"13617319721";"02/06/2025 / 10:23:40";"WINM25";"V";"6";"0,00";"executada";"entrada";"6";"138.990,00";"-";"-";"-"
"13617286847";"30/05/2025 / 17:39:00";"WINM25";"C";"6";"0,00";"executada";"saída";"6";"138.145,00";"-145,00";"-0,11";"-174,00"
"13617282809";"30/05/2025 / 16:40:41";"WINM25";"V";"6";"0,00";"executada";"entrada";"6";"138.000,00";"-";"-";"-"
"13617282800";"30/05/2025 / 16:40:40";"WINM25";"V";"6";"0,00";"executada";"saída";"6";"138.000,00";"-323,33";"-0,23";"-388,00"
"13617280435";"30/05/2025 / 16:07:30";"WINM25";"C";"6";"0,00";"executada";"entrada";"6";"138.323,33";"-";"-";"-"
"13617280274";"30/05/2025 / 16:06:21";"WINM25";"C";"6";"0,00";"executada";"saída";"6";"138.317,50";"4,17";"0,00";"5,00"
"13617277318";"30/05/2025 / 15:36:30";"WINM25";"V";"6";"0,00";"executada";"entrada";"6";"138.321,67";"-";"-";"-"
"13617260972";"30/05/2025 / 13:27:25";"WINM25";"V";"6";"0,00";"executada";"saída";"6";"137.785,00";"-481,67";"-0,35";"-578,00"
"13617251647";"30/05/2025 / 12:14:31";"WINM25";"C";"6";"0,00";"executada";"entrada";"6";"138.266,67";"-";"-";"-"
"13617241189";"30/05/2025 / 11:36:14";"WINM25";"C";"6";"0,00";"executada";"saída";"6";"138.090,00";"1.055,00";"0,76";"1.266,00"
"13617214487";"30/05/2025 / 10:12:41";"WINM25";"V";"6";"0,00";"executada";"entrada";"6";"139.145,00";"-";"-";"-"
"13617153208";"29/05/2025 / 13:40:46";"WINM25";"V";"6";"0,00";"executada";"saída";"6";"139.295,00";"155,00";"0,11";"186,00"
"13617150755";"29/05/2025 / 13:12:35";"WINM25";"C";"6";"0,00";"executada";"entrada";"6";"139.140,00";"-";"-";"-"
"13617150591";"29/05/2025 / 13:11:33";"WINM25";"C";"6";"0,00";"executada";"saída";"6";"139.120,00";"440,00";"0,32";"528,00"
"13617141771";"29/05/2025 / 12:09:25";"WINM25";"V";"6";"0,00";"executada";"entrada";"6";"139.560,00";"-";"-";"-"
"13617133280";"29/05/2025 / 11:32:47";"WINM25";"V";"6";"0,00";"executada";"saída";"6";"139.793,33";"303,33";"0,22";"364,00"
"13617128169";"29/05/2025 / 11:16:35";"WINM25";"C";"6";"0,00";"executada";"entrada";"6";"139.490,00";"-";"-";"-"
"13617121345";"29/05/2025 / 10:48:56";"WINM25";"C";"6";"0,00";"executada";"saída";"6";"139.265,00";"135,00";"0,10";"162,00"
"13617116068";"29/05/2025 / 10:32:45";"WINM25";"V";"6";"0,00";"executada";"entrada";"6";"139.400,00";"-";"-";"-"
"13617061924";"28/05/2025 / 14:42:07";"WINM25";"V";"6";"0,00";"executada";"saída";"6";"140.020,00";"290,00";"0,21";"348,00"
"13617048842";"28/05/2025 / 12:51:37";"WINM25";"C";"6";"0,00";"executada";"entrada";"6";"139.730,00";"-";"-";"-"
"13617048820";"28/05/2025 / 12:51:35";"WINM25";"C";"6";"0,00";"executada";"saída";"6";"139.725,00";"80,83";"0,06";"97,00"
"13617043084";"28/05/2025 / 12:17:36";"WINM25";"V";"6";"0,00";"executada";"entrada";"6";"139.805,83";"-";"-";"-"
"13617024538";"28/05/2025 / 10:38:25";"WINM25";"V";"6";"0,00";"executada";"saída";"6";"140.173,33";"152,50";"0,11";"183,00"
"13617021639";"28/05/2025 / 10:31:36";"WINM25";"C";"6";"0,00";"executada";"entrada";"6";"140.020,83";"-";"-";"-"
"13617018907";"28/05/2025 / 10:20:30";"WINM25";"C";"6";"0,00";"executada";"saída";"6";"139.910,00";"130,00";"0,09";"156,00"
"13617015602";"28/05/2025 / 10:14:36";"WINM25";"V";"6";"0,00";"executada";"entrada";"6";"140.040,00";"-";"-";"-"
"13616974291";"27/05/2025 / 14:55:51";"WINM25";"V";"6";"0,00";"executada";"saída";"6";"140.864,17";"155,00";"0,11";"186,00"
"13616970275";"27/05/2025 / 14:18:34";"WINM25";"C";"6";"0,00";"executada";"entrada";"6";"140.709,17";"-";"-";"-"
"13616953378";"27/05/2025 / 13:04:01";"WINM25";"C";"6";"0,00";"executada";"saída";"6";"140.795,00";"153,33";"0,11";"184,00"
"13616945365";"27/05/2025 / 12:07:34";"WINM25";"V";"6";"0,00";"executada";"entrada";"6";"140.948,33";"-";"-";"-"
"13616935062";"27/05/2025 / 11:28:06";"WINM25";"V";"6";"0,00";"executada";"saída";"6";"141.345,00";"299,17";"0,21";"359,00"
"13616929446";"27/05/2025 / 11:06:55";"WINM25";"C";"6";"0,00";"executada";"entrada";"6";"141.045,83";"-";"-";"-"
"13616929426";"27/05/2025 / 11:06:54";"WINM25";"C";"6";"0,00";"executada";"saída";"6";"141.047,50";"-333,33";"-0,24";"-400,00"
"13616925422";"27/05/2025 / 10:55:34";"WINM25";"V";"6";"0,00";"executada";"entrada";"6";"140.714,17";"-";"-";"-"
"13616853774";"26/05/2025 / 13:59:38";"WINM25";"V";"6";"0,00";"executada";"saída";"6";"139.036,67";"10,00";"0,01";"12,00"
"13616847407";"26/05/2025 / 12:51:38";"WINM25";"C";"6";"0,00";"executada";"entrada";"6";"139.026,67";"-";"-";"-"
"13616847390";"26/05/2025 / 12:51:37";"WINM25";"C";"6";"0,00";"executada";"saída";"6";"139.028,33";"-113,33";"-0,08";"-136,00"
"13616845607";"26/05/2025 / 12:31:37";"WINM25";"V";"6";"0,00";"executada";"entrada";"6";"138.915,00";"-";"-";"-"
"13616844573";"26/05/2025 / 12:27:24";"WINM25";"V";"6";"0,00";"executada";"saída";"6";"138.965,00";"-441,67";"-0,32";"-530,00"
"13616833403";"26/05/2025 / 11:28:38";"WINM25";"C";"6";"0,00";"executada";"entrada";"6";"139.406,67";"-";"-";"-"
"13616831266";"26/05/2025 / 11:19:59";"WINM25";"C";"6";"0,00";"executada";"saída";"6";"139.276,67";"23,33";"0,02";"28,00"
"13616828263";"26/05/2025 / 11:08:38";"WINM25";"V";"6";"0,00";"executada";"entrada";"6";"139.300,00";"-";"-";"-"
"13616819793";"26/05/2025 / 10:41:08";"WINM25";"V";"6";"0,00";"executada";"saída";"6";"139.537,50";"437,50";"0,31";"525,00"
"13616816021";"26/05/2025 / 10:33:37";"WINM25";"C";"6";"0,00";"executada";"entrada";"6";"139.100,00";"-";"-";"-"
"13616771497";"23/05/2025 / 15:45:39";"WINM25";"V";"6";"0,00";"executada";"saída";"6";"138.725,00";"290,00";"0,21";"348,00"
"13616769299";"23/05/2025 / 15:32:38";"WINM25";"C";"6";"0,00";"executada";"entrada";"6";"138.435,00";"-";"-";"-"
"13616769285";"23/05/2025 / 15:32:36";"WINM25";"C";"6";"0,00";"executada";"saída";"6";"138.435,00";"-254,17";"-0,18";"-305,00"
"13616766326";"23/05/2025 / 15:08:27";"WINM25";"V";"6";"0,00";"executada";"entrada";"6";"138.180,83";"-";"-";"-"
"13616762711";"23/05/2025 / 14:34:07";"WINM25";"V";"6";"0,00";"executada";"saída";"6";"138.390,00";"5,00";"0,00";"6,00"
"13616760225";"23/05/2025 / 14:17:38";"WINM25";"C";"6";"0,00";"executada";"entrada";"6";"138.385,00";"-";"-";"-"
"13616760204";"23/05/2025 / 14:17:37";"WINM25";"C";"6";"0,00";"executada";"saída";"6";"138.381,67";"-281,67";"-0,20";"-338,00"
"13616758125";"23/05/2025 / 14:03:37";"WINM25";"V";"6";"0,00";"executada";"entrada";"6";"138.100,00";"-";"-";"-"
"13616708109";"23/05/2025 / 10:36:41";"WINM25";"V";"6";"0,00";"executada";"saída";"6";"136.850,83";"117,50";"0,09";"141,00"
"13616705530";"23/05/2025 / 10:33:38";"WINM25";"C";"6";"0,00";"executada";"entrada";"6";"136.733,33";"-";"-";"-"
"13616607014";"22/05/2025 / 14:28:20";"WINM25";"V";"6";"0,00";"executada";"saída";"6";"139.838,33";"602,50";"0,43";"723,00"
"13616590338";"22/05/2025 / 13:14:32";"WINM25";"C";"6";"0,00";"executada";"entrada";"6";"139.235,83";"-";"-";"-"
"13616557790";"22/05/2025 / 10:52:26";"WINM25";"C";"6";"0,00";"executada";"saída";"6";"138.832,50";"-2,50";"-0,00";"-3,00"
"13616553855";"22/05/2025 / 10:41:42";"WINM25";"V";"6";"0,00";"executada";"entrada";"6";"138.830,00";"-";"-";"-"
"13616507658";"21/05/2025 / 17:08:20";"WINM25";"V";"6";"0,00";"executada";"saída";"6";"138.990,00";"-266,67";"-0,19";"-320,00"
"13616486029";"21/05/2025 / 14:41:28";"WINM25";"C";"6";"0,00";"executada";"entrada";"6";"139.256,67";"-";"-";"-"
"13616483209";"21/05/2025 / 14:31:27";"WINM25";"C";"6";"0,00";"executada";"saída";"6";"139.000,00";"305,00";"0,22";"366,00"
"13616477035";"21/05/2025 / 14:20:37";"WINM25";"V";"6";"0,00";"executada";"entrada";"6";"139.305,00";"-";"-";"-"
"13616473228";"21/05/2025 / 14:10:03";"WINM25";"V";"6";"0,00";"executada";"saída";"6";"139.674,17";"19,17";"0,01";"23,00"
"13616468621";"21/05/2025 / 13:42:27";"WINM25";"C";"6";"0,00";"executada";"entrada";"6";"139.655,00";"-";"-";"-"
"13616446312";"21/05/2025 / 11:40:51";"WINM25";"C";"6";"0,00";"executada";"saída";"6";"139.828,33";"446,67";"0,32";"536,00"
"13616435928";"21/05/2025 / 11:12:27";"WINM25";"V";"6";"0,00";"executada";"entrada";"6";"140.275,00";"-";"-";"-"
"13616386990";"20/05/2025 / 17:10:37";"WINM25";"V";"6";"0,00";"executada";"saída";"6";"141.485,00";"585,00";"0,42";"702,00"
"13616367810";"20/05/2025 / 14:50:31";"WINM25";"C";"6";"0,00";"executada";"entrada";"6";"140.900,00";"-";"-";"-"
"13616367790";"20/05/2025 / 14:50:30";"WINM25";"C";"6";"0,00";"executada";"saída";"6";"140.901,67";"-112,50";"-0,08";"-135,00"
"13616366567";"20/05/2025 / 14:39:31";"WINM25";"V";"6";"0,00";"executada";"entrada";"6";"140.789,17";"-";"-";"-"
"13616363029";"20/05/2025 / 14:17:53";"WINM25";"V";"6";"0,00";"executada";"saída";"6";"140.957,50";"-2,50";"-0,00";"-3,00"
"13616356911";"20/05/2025 / 13:28:31";"WINM25";"C";"6";"0,00";"executada";"entrada";"6";"140.960,00";"-";"-";"-"
"13616253174";"19/05/2025 / 13:34:34";"WINM25";"V";"6";"0,00";"executada";"saída";"6";"141.340,00";"0,00";"0,00";"0,00"
"13616247714";"19/05/2025 / 12:49:37";"WINM25";"C";"6";"0,00";"executada";"entrada";"6";"141.340,00";"-";"-";"-"
"13616247704";"19/05/2025 / 12:49:36";"WINM25";"C";"6";"0,00";"executada";"saída";"6";"141.336,67";"-131,67";"-0,09";"-158,00"
"13616245239";"19/05/2025 / 12:29:36";"WINM25";"V";"6";"0,00";"executada";"entrada";"6";"141.205,00";"-";"-";"-"
"13616209833";"19/05/2025 / 10:39:32";"WINM25";"V";"6";"0,00";"executada";"saída";"6";"140.335,00";"-0,83";"-0,00";"-1,00"
"13616202567";"19/05/2025 / 10:27:37";"WINM25";"C";"6";"0,00";"executada";"entrada";"6";"140.335,83";"-";"-";"-"
"13616117960";"16/05/2025 / 11:33:23";"WINM25";"C";"6";"0,00";"executada";"saída";"6";"139.460,83";"148,33";"0,11";"178,00"
"13616114451";"16/05/2025 / 11:22:54";"WINM25";"V";"6";"0,00";"executada";"entrada";"6";"139.609,17";"-";"-";"-"
"13616114437";"16/05/2025 / 11:22:53";"WINM25";"V";"6";"0,00";"executada";"saída";"6";"139.605,00";"-300,00";"-0,21";"-360,00"
"13616105867";"16/05/2025 / 10:59:53";"WINM25";"C";"6";"0,00";"executada";"entrada";"6";"139.905,00";"-";"-";"-"
"13616103130";"16/05/2025 / 10:58:20";"WINM25";"C";"6";"0,00";"executada";"saída";"6";"139.770,00";"-465,00";"-0,33";"-558,00"
"13616098708";"16/05/2025 / 10:45:43";"WINM25";"V";"6";"0,00";"executada";"entrada";"6";"139.305,00";"-";"-";"-"
"13615978018";"15/05/2025 / 11:24:38";"WINM25";"V";"6";"0,00";"executada";"saída";"6";"140.640,00";"304,17";"0,22";"365,00"
"13615957123";"15/05/2025 / 10:19:33";"WINM25";"C";"6";"0,00";"executada";"entrada";"6";"140.335,83";"-";"-";"-"
"13615910243";"14/05/2025 / 15:29:22";"WINM25";"C";"6";"0,00";"executada";"saída";"6";"140.120,00";"300,83";"0,21";"361,00"
"13615900139";"14/05/2025 / 14:28:30";"WINM25";"V";"6";"0,00";"executada";"entrada";"6";"140.420,83";"-";"-";"-"
"13615879846";"14/05/2025 / 12:23:51";"WINM25";"V";"6";"0,00";"executada";"saída";"6";"140.430,00";"-10,83";"-0,01";"-13,00"
"13615873987";"14/05/2025 / 11:59:40";"WINM25";"C";"6";"0,00";"executada";"entrada";"6";"140.440,83";"-";"-";"-"
"13615871996";"14/05/2025 / 11:49:33";"WINM25";"C";"6";"0,00";"executada";"saída";"6";"140.265,00";"155,83";"0,11";"187,00"
"13615864969";"14/05/2025 / 11:25:40";"WINM25";"V";"6";"0,00";"executada";"entrada";"6";"140.420,83";"-";"-";"-"
"13615863939";"14/05/2025 / 11:24:07";"WINM25";"V";"6";"0,00";"executada";"saída";"6";"140.495,00";"-435,00";"-0,31";"-522,00"
"13615845159";"14/05/2025 / 10:26:40";"WINM25";"C";"6";"0,00";"executada";"entrada";"6";"140.930,00";"-";"-";"-"
"13615771756";"13/05/2025 / 12:31:47";"WINM25";"V";"6";"0,00";"executada";"saída";"6";"140.560,00";"755,00";"0,54";"906,00"
"13615756837";"13/05/2025 / 11:19:47";"WINM25";"C";"6";"0,00";"executada";"entrada";"6";"139.805,00";"-";"-";"-"
"13615756823";"13/05/2025 / 11:19:46";"WINM25";"C";"6";"0,00";"executada";"saída";"6";"139.809,17";"-368,33";"-0,26";"-442,00"
"13615752525";"13/05/2025 / 11:02:46";"WINM25";"V";"6";"0,00";"executada";"entrada";"6";"139.440,83";"-";"-";"-"
"13615740254";"13/05/2025 / 10:26:53";"WINM25";"V";"6";"0,00";"executada";"saída";"6";"139.315,00";"279,17";"0,20";"335,00"
"13615735344";"13/05/2025 / 10:18:46";"WINM25";"C";"6";"0,00";"executada";"entrada";"6";"139.035,83";"-";"-";"-"
"13615681976";"12/05/2025 / 14:35:54";"WINM25";"V";"6";"0,00";"executada";"saída";"6";"138.345,00";"58,33";"0,04";"70,00"
"13615670826";"12/05/2025 / 13:01:33";"WINM25";"C";"6";"0,00";"executada";"entrada";"6";"138.286,67";"-";"-";"-"
"13615670812";"12/05/2025 / 13:01:31";"WINM25";"C";"6";"0,00";"executada";"saída";"6";"138.281,67";"-100,83";"-0,07";"-121,00"
"13615669428";"12/05/2025 / 12:49:43";"WINM25";"V";"6";"0,00";"executada";"entrada";"6";"138.180,83";"-";"-";"-"
"13615669416";"12/05/2025 / 12:49:41";"WINM25";"V";"6";"0,00";"executada";"saída";"6";"138.180,00";"-105,83";"-0,08";"-127,00"
"13615667440";"12/05/2025 / 12:39:32";"WINM25";"C";"6";"0,00";"executada";"entrada";"6";"138.285,83";"-";"-";"-"
"13615633145";"12/05/2025 / 10:29:37";"WINM25";"C";"6";"0,00";"executada";"saída";"6";"138.860,00";"0,00";"0,00";"0,00"
"13615631304";"12/05/2025 / 10:22:32";"WINM25";"V";"6";"0,00";"executada";"entrada";"6";"138.860,00";"-";"-";"-"
"13615589762";"09/05/2025 / 15:49:55";"WINM25";"V";"6";"0,00";"executada";"saída";"6";"138.265,00";"10,00";"0,01";"12,00"
"13615583848";"09/05/2025 / 15:01:28";"WINM25";"C";"6";"0,00";"executada";"entrada";"6";"138.255,00";"-";"-";"-"
"13615552724";"09/05/2025 / 11:39:31";"WINM25";"C";"6";"0,00";"executada";"saída";"6";"138.565,00";"295,00";"0,21";"354,00"
"13615545079";"09/05/2025 / 11:14:48";"WINM25";"V";"6";"0,00";"executada";"entrada";"6";"138.860,00";"-";"-";"-"
"13615540821";"09/05/2025 / 10:55:52";"WINM25";"V";"6";"0,00";"executada";"saída";"6";"138.877,50";"36,67";"0,03";"44,00"
"13615538099";"09/05/2025 / 10:46:59";"WINM25";"C";"6";"0,00";"executada";"entrada";"6";"138.840,83";"-";"-";"-"
"13615538086";"09/05/2025 / 10:46:58";"WINM25";"C";"6";"0,00";"executada";"saída";"6";"138.840,83";"-235,83";"-0,17";"-283,00"
"13615533690";"09/05/2025 / 10:37:59";"WINM25";"V";"6";"0,00";"executada";"entrada";"6";"138.605,00";"-";"-";"-"
"13615533672";"09/05/2025 / 10:37:58";"WINM25";"V";"6";"0,00";"executada";"saída";"6";"138.610,00";"-100,00";"-0,07";"-120,00"
"13615528514";"09/05/2025 / 10:23:38";"WINM25";"C";"6";"0,00";"executada";"entrada";"6";"138.710,00";"-";"-";"-"
"13615189580";"06/05/2025 / 10:41:03";"WINM25";"C";"6";"0,00";"executada";"saída";"6";"135.875,00";"4,17";"0,00";"5,00"
"13615183749";"06/05/2025 / 10:29:37";"WINM25";"V";"6";"0,00";"executada";"entrada";"6";"135.879,17";"-";"-";"-"
"13615183724";"06/05/2025 / 10:29:36";"WINM25";"V";"6";"0,00";"executada";"saída";"6";"135.875,00";"-245,83";"-0,18";"-295,00"
"13615179051";"06/05/2025 / 10:14:16";"WINM25";"C";"6";"0,00";"executada";"entrada";"6";"136.120,83";"-";"-";"-"
"13614991763";"02/05/2025 / 11:30:11";"WINM25";"V";"6";"0,00";"executada";"saída";"6";"137.018,33";"153,33";"0,11";"184,00"
"13614989080";"02/05/2025 / 11:23:02";"WINM25";"C";"6";"0,00";"executada";"entrada";"6";"136.865,00";"-";"-";"-"
"13614642906";"28/04/2025 / 12:36:07";"WINM25";"V";"6";"0,00";"executada";"saída";"6";"137.345,00";"-8,33";"-0,01";"-10,00"
"13614640985";"28/04/2025 / 12:28:55";"WINM25";"C";"6";"0,00";"executada";"entrada";"6";"137.353,33";"-";"-";"-"
"13614231293";"23/04/2025 / 10:21:59";"WINM25";"C";"6";"0,00";"executada";"saída";"6";"134.828,33";"-448,33";"-0,33";"-538,00"
"13614225329";"23/04/2025 / 10:07:50";"WINM25";"V";"6";"0,00";"executada";"entrada";"6";"134.380,00";"-";"-";"-"
"13613983626";"17/04/2025 / 10:25:03";"WINM25";"V";"6";"0,00";"executada";"saída";"6";"130.344,17";"-445,00";"-0,34";"-534,00"
"13613974488";"17/04/2025 / 10:00:51";"WINM25";"C";"6";"0,00";"executada";"entrada";"6";"130.789,17";"-";"-";"-"
"13613874367";"16/04/2025 / 11:42:02";"WINM25";"C";"6";"0,00";"executada";"saída";"6";"130.948,33";"129,17";"0,10";"155,00"
"13613869339";"16/04/2025 / 11:23:52";"WINM25";"V";"6";"0,00";"executada";"entrada";"6";"131.077,50";"-";"-";"-"
"13613727566";"15/04/2025 / 10:33:54";"WINJ25";"V";"6";"0,00";"executada";"saída";"6";"129.680,00";"160,00";"0,12";"192,00"
"13613724020";"15/04/2025 / 10:25:41";"WINJ25";"C";"6";"0,00";"executada";"entrada";"6";"129.520,00";"-";"-";"-"
"13613660961";"14/04/2025 / 14:01:01";"WINJ25";"V";"6";"0,00";"executada";"saída";"6";"129.070,00";"164,17";"0,13";"197,00"
"13613657898";"14/04/2025 / 13:51:39";"WINJ25";"C";"6";"0,00";"executada";"entrada";"6";"128.905,83";"-";"-";"-"
"13613460202";"11/04/2025 / 11:15:46";"WINJ25";"C";"6";"0,00";"executada";"saída";"6";"127.050,00";"40,00";"0,03";"48,00"
"13613454329";"11/04/2025 / 11:04:55";"WINJ25";"V";"6";"0,00";"executada";"entrada";"6";"127.090,00";"-";"-";"-"
"13613264445";"10/04/2025 / 11:59:29";"WINJ25";"V";"6";"0,00";"executada";"saída";"6";"126.738,33";"-436,67";"-0,34";"-524,00"
"13613260551";"10/04/2025 / 11:49:40";"WINJ25";"C";"6";"0,00";"executada";"entrada";"6";"127.175,00";"-";"-";"-"
"13612914932";"09/04/2025 / 10:20:45";"WINJ25";"V";"6";"0,00";"executada";"saída";"6";"123.434,17";"3,33";"0,00";"4,00"
"13612909880";"09/04/2025 / 10:12:47";"WINJ25";"C";"6";"0,00";"executada";"entrada";"6";"123.430,83";"-";"-";"-"
"13612712130";"08/04/2025 / 10:40:49";"WINJ25";"C";"6";"0,00";"executada";"saída";"6";"127.310,00";"-2,50";"-0,00";"-3,00"
"13612711312";"08/04/2025 / 10:39:51";"WINJ25";"V";"6";"0,00";"executada";"entrada";"6";"127.307,50";"-";"-";"-"
"13612529361";"07/04/2025 / 11:06:36";"WINJ25";"V";"6";"0,00";"executada";"saída";"6";"125.625,00";"-5,00";"-0,00";"-6,00"
"13612528517";"07/04/2025 / 11:05:28";"WINJ25";"C";"6";"0,00";"executada";"entrada";"6";"125.630,00";"-";"-";"-"
"13612321041";"04/04/2025 / 10:28:14";"WINJ25";"C";"6";"0,00";"executada";"saída";"6";"128.230,00";"304,17";"0,24";"365,00"
"13612317480";"04/04/2025 / 10:17:48";"WINJ25";"V";"6";"0,00";"executada";"entrada";"6";"128.534,17";"-";"-";"-"
"13612143209";"03/04/2025 / 10:02:47";"WINJ25";"C";"6";"0,00";"executada";"saída";"6";"130.485,00";"439,17";"0,34";"527,00"
"13612134664";"03/04/2025 / 09:47:46";"WINJ25";"V";"6";"0,00";"executada";"entrada";"6";"130.924,17";"-";"-";"-"
"13611987801";"02/04/2025 / 10:09:11";"WINJ25";"V";"6";"0,00";"executada";"saída";"6";"131.650,83";"-4,17";"-0,00";"-5,00"
"13611984083";"02/04/2025 / 09:55:40";"WINJ25";"C";"6";"0,00";"executada";"entrada";"6";"131.655,00";"-";"-";"-"
"13611865623";"01/04/2025 / 10:23:04";"WINJ25";"C";"6";"0,00";"executada";"saída";"6";"130.830,00";"175,00";"0,13";"210,00"
"13611851070";"01/04/2025 / 09:44:03";"WINJ25";"V";"6";"0,00";"executada";"entrada";"6";"131.005,00";"-";"-";"-"
"13611851049";"01/04/2025 / 09:44:03";"WINJ25";"V";"6";"0,00";"executada";"saída";"6";"130.980,00";"-266,67";"-0,20";"-320,00"
"13611846188";"01/04/2025 / 09:31:33";"WINJ25";"C";"6";"0,00";"executada";"entrada";"6";"131.246,67";"-";"-";"-"
"13611787328";"31/03/2025 / 12:26:31";"WINJ25";"V";"6";"0,00";"executada";"saída";"6";"131.020,00";"-445,00";"-0,34";"-534,00"
"13611775484";"31/03/2025 / 11:36:43";"WINJ25";"C";"6";"0,00";"executada";"entrada";"6";"131.465,00";"-";"-";"-"
"13611589882";"28/03/2025 / 09:34:57";"WINJ25";"V";"6";"0,00";"executada";"saída";"6";"133.339,17";"163,33";"0,12";"196,00"
"13611587032";"28/03/2025 / 09:32:41";"WINJ25";"C";"6";"0,00";"executada";"entrada";"6";"133.175,83";"-";"-";"-"
"13611497783";"27/03/2025 / 11:02:11";"WINJ25";"V";"6";"0,00";"executada";"saída";"6";"133.570,00";"-440,83";"-0,33";"-529,00"
"13611486255";"27/03/2025 / 10:29:41";"WINJ25";"C";"6";"0,00";"executada";"entrada";"6";"134.010,83";"-";"-";"-"
"13611337125";"26/03/2025 / 10:03:25";"WINJ25";"V";"6";"0,00";"executada";"saída";"6";"133.462,50";"-12,50";"-0,01";"-15,00"
"13611328754";"26/03/2025 / 09:37:32";"WINJ25";"C";"6";"0,00";"executada";"entrada";"6";"133.475,00";"-";"-";"-"
"13611202407";"25/03/2025 / 10:04:51";"WINJ25";"V";"6";"0,00";"executada";"saída";"6";"132.710,83";"317,50";"0,24";"381,00"
"13611192918";"25/03/2025 / 09:38:38";"WINJ25";"C";"6";"0,00";"executada";"entrada";"6";"132.393,33";"-";"-";"-"
"13611088128";"24/03/2025 / 10:34:19";"WINJ25";"V";"6";"0,00";"executada";"saída";"6";"133.074,17";"140,83";"0,11";"169,00"
"13611071299";"24/03/2025 / 10:02:39";"WINJ25";"C";"6";"0,00";"executada";"entrada";"6";"132.933,33";"-";"-";"-"
"13610945516";"21/03/2025 / 10:34:41";"WINJ25";"C";"6";"0,00";"executada";"saída";"6";"133.320,00";"-455,00";"-0,34";"-546,00"
"13610930588";"21/03/2025 / 09:51:30";"WINJ25";"V";"6";"0,00";"executada";"entrada";"6";"132.865,00";"-";"-";"-"
"13610802652";"20/03/2025 / 10:03:56";"WINJ25";"V";"6";"0,00";"executada";"saída";"6";"133.420,83";"-5,83";"-0,00";"-7,00"
"13610796701";"20/03/2025 / 09:43:34";"WINJ25";"C";"6";"0,00";"executada";"entrada";"6";"133.426,67";"-";"-";"-"
"13610650577";"19/03/2025 / 10:03:41";"WINJ25";"V";"6";"0,00";"executada";"saída";"6";"132.990,00";"9,17";"0,01";"11,00"
"13610642450";"19/03/2025 / 09:42:35";"WINJ25";"C";"6";"0,00";"executada";"entrada";"6";"132.980,83";"-";"-";"-"
"13610518787";"18/03/2025 / 10:18:32";"WINJ25";"C";"6";"0,00";"executada";"saída";"6";"132.304,17";"10,83";"0,01";"13,00"
"13610517285";"18/03/2025 / 10:13:36";"WINJ25";"V";"6";"0,00";"executada";"entrada";"6";"132.315,00";"-";"-";"-"
"13610516983";"18/03/2025 / 10:12:22";"WINJ25";"V";"6";"0,00";"executada";"saída";"6";"132.295,00";"146,67";"0,11";"176,00"
"13610509143";"18/03/2025 / 09:55:36";"WINJ25";"C";"6";"0,00";"executada";"entrada";"6";"132.148,33";"-";"-";"-"
"13610410534";"17/03/2025 / 12:09:25";"WINJ25";"V";"6";"0,00";"executada";"saída";"6";"131.350,00";"575,00";"0,44";"690,00"
"13610401798";"17/03/2025 / 11:32:33";"WINJ25";"C";"6";"0,00";"executada";"entrada";"6";"130.775,00";"-";"-";"-"
"13610251315";"14/03/2025 / 10:27:58";"WINJ25";"C";"6";"0,00";"executada";"saída";"6";"127.730,00";"161,67";"0,13";"194,00"
"13610248978";"14/03/2025 / 10:22:42";"WINJ25";"V";"6";"0,00";"executada";"entrada";"6";"127.891,67";"-";"-";"-"
"13610111562";"13/03/2025 / 10:05:41";"WINJ25";"V";"6";"0,00";"executada";"saída";"6";"125.125,00";"-450,00";"-0,36";"-540,00"
"13610104263";"13/03/2025 / 09:51:42";"WINJ25";"C";"6";"0,00";"executada";"entrada";"6";"125.575,00";"-";"-";"-"
"13609974636";"12/03/2025 / 10:45:23";"WINJ25";"V";"6";"0,00";"executada";"saída";"6";"125.154,17";"174,17";"0,14";"209,00"
"13609970544";"12/03/2025 / 10:39:50";"WINJ25";"C";"6";"0,00";"executada";"entrada";"6";"124.980,00";"-";"-";"-"
"13609800583";"11/03/2025 / 10:40:40";"WINJ25";"V";"6";"0,00";"executada";"saída";"6";"125.261,67";"0,00";"0,00";"0,00"
"13609799669";"11/03/2025 / 10:39:10";"WINJ25";"C";"6";"0,00";"executada";"entrada";"6";"125.261,67";"-";"-";"-"
"13609633086";"10/03/2025 / 10:12:21";"WINJ25";"V";"6";"0,00";"executada";"saída";"6";"125.588,33";"149,17";"0,12";"179,00"
"13609618671";"10/03/2025 / 09:39:42";"WINJ25";"C";"6";"0,00";"executada";"entrada";"6";"125.439,17";"-";"-";"-"
"13609261994";"06/03/2025 / 10:00:19";"WINJ25";"V";"6";"0,00";"executada";"saída";"6";"125.040,00";"140,83";"0,11";"169,00"
"13609254926";"06/03/2025 / 09:44:37";"WINJ25";"C";"6";"0,00";"executada";"entrada";"6";"124.899,17";"-";"-";"-"
"13609020653";"28/02/2025 / 10:22:21";"WINJ25";"V";"6";"0,00";"executada";"saída";"6";"126.451,67";"446,67";"0,35";"536,00"
"13609008610";"28/02/2025 / 10:03:44";"WINJ25";"C";"6";"0,00";"executada";"entrada";"6";"126.005,00";"-";"-";"-"
"13608954667";"27/02/2025 / 15:10:28";"WINJ25";"V";"6";"0,00";"executada";"saída";"6";"126.645,00";"135,83";"0,11";"163,00"
"13608881747";"27/02/2025 / 10:41:40";"WINJ25";"C";"6";"0,00";"executada";"entrada";"6";"126.509,17";"-";"-";"-"
"13608881729";"27/02/2025 / 10:41:40";"WINJ25";"C";"6";"0,00";"executada";"saída";"6";"126.500,00";"-104,17";"-0,08";"-125,00"
"13608876840";"27/02/2025 / 10:25:50";"WINJ25";"V";"6";"0,00";"executada";"entrada";"6";"126.395,83";"-";"-";"-"
"13608876802";"27/02/2025 / 10:25:49";"WINJ25";"V";"6";"0,00";"executada";"saída";"6";"126.390,00";"129,17";"0,10";"155,00"
"13608863287";"27/02/2025 / 09:54:40";"WINJ25";"C";"6";"0,00";"executada";"entrada";"6";"126.260,83";"-";"-";"-"
"13608711339";"26/02/2025 / 10:03:14";"WINJ25";"V";"6";"0,00";"executada";"saída";"6";"128.908,33";"139,17";"0,11";"167,00"
"13608702202";"26/02/2025 / 09:41:35";"WINJ25";"C";"6";"0,00";"executada";"entrada";"6";"128.769,17";"-";"-";"-"
"13608668125";"25/02/2025 / 16:39:09";"WINJ25";"C";"6";"0,00";"executada";"saída";"6";"128.126,67";"21,67";"0,02";"26,00"
"13608656393";"25/02/2025 / 15:35:04";"WINJ25";"V";"6";"0,00";"executada";"entrada";"6";"128.148,33";"-";"-";"-"
"13608655328";"25/02/2025 / 15:30:01";"WINJ25";"V";"6";"0,00";"executada";"saída";"6";"128.025,00";"-5,00";"-0,00";"-6,00"
"13608640033";"25/02/2025 / 14:13:44";"WINJ25";"C";"6";"0,00";"executada";"entrada";"6";"128.030,00";"-";"-";"-"
"13608450250";"24/02/2025 / 10:59:27";"WINJ25";"C";"6";"0,00";"executada";"saída";"6";"129.016,67";"13,33";"0,01";"16,00"
"13608443818";"24/02/2025 / 10:37:37";"WINJ25";"V";"6";"0,00";"executada";"entrada";"6";"129.030,00";"-";"-";"-"
"13608314365";"21/02/2025 / 11:17:43";"WINJ25";"V";"6";"0,00";"executada";"saída";"6";"129.035,00";"-454,17";"-0,35";"-545,00"
"13608307707";"21/02/2025 / 10:58:34";"WINJ25";"C";"6";"0,00";"executada";"entrada";"6";"129.489,17";"-";"-";"-"
"13607854115";"18/02/2025 / 10:04:44";"WINJ25";"V";"6";"0,00";"executada";"saída";"6";"130.981,67";"-3,33";"-0,00";"-4,00"
"13607849034";"18/02/2025 / 09:49:40";"WINJ25";"C";"6";"0,00";"executada";"entrada";"6";"130.985,00";"-";"-";"-"
"13607733360";"17/02/2025 / 11:09:00";"WINJ25";"C";"6";"0,00";"executada";"saída";"6";"131.360,83";"-440,83";"-0,34";"-529,00"
"13607718681";"17/02/2025 / 10:12:45";"WINJ25";"V";"6";"0,00";"executada";"entrada";"6";"130.920,00";"-";"-";"-"
"13607636595";"14/02/2025 / 11:34:53";"WINJ25";"V";"6";"0,00";"executada";"saída";"6";"128.529,17";"154,17";"0,12";"185,00"
"13607623493";"14/02/2025 / 10:40:48";"WINJ25";"C";"6";"0,00";"executada";"entrada";"6";"128.375,00";"-";"-";"-"
"13607488822";"13/02/2025 / 11:34:15";"WINJ25";"C";"6";"0,00";"executada";"saída";"6";"126.200,00";"133,33";"0,11";"160,00"
"13607445665";"13/02/2025 / 09:53:33";"WINJ25";"V";"6";"0,00";"executada";"entrada";"6";"126.333,33";"-";"-";"-"
"13607200517";"11/02/2025 / 13:53:05";"WING25";"V";"6";"0,00";"executada";"saída";"6";"126.435,00";"-5,00";"-0,00";"-6,00"
"13607177330";"11/02/2025 / 11:52:34";"WING25";"C";"6";"0,00";"executada";"entrada";"6";"126.440,00";"-";"-";"-"
"13606806548";"07/02/2025 / 10:30:10";"WING25";"V";"6";"0,00";"executada";"saída";"6";"126.540,00";"28,33";"0,02";"34,00"
"13606797218";"07/02/2025 / 10:12:52";"WING25";"C";"6";"0,00";"executada";"entrada";"6";"126.511,67";"-";"-";"-"
"13606624519";"06/02/2025 / 09:55:38";"WING25";"C";"6";"0,00";"executada";"saída";"6";"125.610,00";"150,83";"0,12";"181,00"
"13606615437";"06/02/2025 / 09:38:47";"WING25";"V";"6";"0,00";"executada";"entrada";"6";"125.760,83";"-";"-";"-"
"13606500779";"05/02/2025 / 11:07:40";"WING25";"V";"6";"0,00";"executada";"saída";"6";"125.040,83";"-459,17";"-0,37";"-551,00"
"13606493192";"05/02/2025 / 10:52:47";"WING25";"C";"6";"0,00";"executada";"entrada";"6";"125.500,00";"-";"-";"-"
"13606334558";"04/02/2025 / 10:34:39";"WING25";"C";"6";"0,00";"executada";"saída";"6";"125.305,00";"-7,50";"-0,01";"-9,00"
"13606334519";"04/02/2025 / 10:34:36";"WING25";"V";"6";"0,00";"executada";"entrada";"6";"125.297,50";"-";"-";"-"
"13606197334";"03/02/2025 / 11:30:50";"WING25";"V";"6";"0,00";"executada";"saída";"6";"126.149,17";"-20,83";"-0,02";"-25,00"
"13606189374";"03/02/2025 / 11:06:35";"WING25";"C";"6";"0,00";"executada";"entrada";"6";"126.170,00";"-";"-";"-"
"13606189351";"03/02/2025 / 11:06:33";"WING25";"C";"6";"0,00";"executada";"saída";"6";"126.180,00";"-184,17";"-0,15";"-221,00"
"13606171940";"03/02/2025 / 10:24:33";"WING25";"V";"6";"0,00";"executada";"entrada";"6";"125.995,83";"-";"-";"-"
"13606030352";"31/01/2025 / 11:50:54";"WING25";"V";"6";"0,00";"executada";"saída";"6";"127.520,00";"-10,00";"-0,01";"-12,00"
"13606027586";"31/01/2025 / 11:44:37";"WING25";"C";"6";"0,00";"executada";"entrada";"6";"127.530,00";"-";"-";"-"
"13605812361";"30/01/2025 / 10:10:05";"WING25";"V";"6";"0,00";"executada";"saída";"6";"124.830,83";"130,83";"0,10";"157,00"
"13605791340";"30/01/2025 / 09:20:37";"WING25";"C";"6";"0,00";"executada";"entrada";"6";"124.700,00";"-";"-";"-"
"13605646600";"29/01/2025 / 10:03:30";"WING25";"V";"6";"0,00";"executada";"saída";"6";"125.365,00";"0,83";"0,00";"1,00"
"13605639746";"29/01/2025 / 09:46:03";"WING25";"C";"6";"0,00";"executada";"entrada";"6";"125.364,17";"-";"-";"-"
"13605536014";"28/01/2025 / 10:20:38";"WING25";"V";"6";"0,00";"executada";"saída";"6";"124.970,00";"-466,67";"-0,37";"-560,00"
"13605516713";"28/01/2025 / 09:31:42";"WING25";"C";"6";"0,00";"executada";"entrada";"6";"125.436,67";"-";"-";"-"
"13605392049";"27/01/2025 / 10:50:16";"WING25";"V";"6";"0,00";"executada";"saída";"6";"124.341,67";"1.416,67";"1,15";"1.700,00"
"13605348301";"27/01/2025 / 09:37:44";"WING25";"C";"6";"0,00";"executada";"entrada";"6";"122.925,00";"-";"-";"-"
"13604960253";"23/01/2025 / 10:09:53";"WING25";"V";"6";"0,00";"executada";"saída";"6";"124.130,00";"285,00";"0,23";"342,00"
"13604944702";"23/01/2025 / 09:49:44";"WING25";"C";"6";"0,00";"executada";"entrada";"6";"123.845,00";"-";"-";"-"
"13604790330";"22/01/2025 / 10:08:56";"WING25";"V";"6";"0,00";"executada";"saída";"6";"124.530,00";"146,67";"0,12";"176,00"
"13604770704";"22/01/2025 / 09:38:43";"WING25";"C";"6";"0,00";"executada";"entrada";"6";"124.383,33";"-";"-";"-"
"13604658672";"21/01/2025 / 10:47:44";"WING25";"V";"6";"0,00";"executada";"saída";"6";"123.375,00";"14,17";"0,01";"17,00"
"13604628327";"21/01/2025 / 09:34:42";"WING25";"C";"6";"0,00";"executada";"entrada";"6";"123.360,83";"-";"-";"-"
"13604467004";"20/01/2025 / 10:29:50";"WING25";"V";"6";"0,00";"executada";"saída";"6";"122.415,00";"-454,17";"-0,37";"-545,00"
"13604461343";"20/01/2025 / 10:14:56";"WING25";"C";"6";"0,00";"executada";"entrada";"6";"122.869,17";"-";"-";"-"
"13604461319";"20/01/2025 / 10:14:55";"WING25";"C";"6";"0,00";"executada";"saída";"6";"122.870,83";"-118,33";"-0,10";"-142,00"
"13604448211";"20/01/2025 / 09:42:45";"WING25";"V";"6";"0,00";"executada";"entrada";"6";"122.752,50";"-";"-";"-"
"13604309565";"17/01/2025 / 10:50:22";"WING25";"V";"6";"0,00";"executada";"saída";"6";"122.035,00";"155,00";"0,13";"186,00"
"13604302422";"17/01/2025 / 10:33:52";"WING25";"C";"6";"0,00";"executada";"entrada";"6";"121.880,00";"-";"-";"-"
"13604148079";"16/01/2025 / 10:17:45";"WING25";"V";"6";"0,00";"executada";"saída";"6";"122.824,17";"-447,50";"-0,36";"-537,00"
"13604120393";"16/01/2025 / 09:32:36";"WING25";"C";"6";"0,00";"executada";"entrada";"6";"123.271,67";"-";"-";"-"
"13603996178";"15/01/2025 / 10:36:39";"WING25";"V";"6";"0,00";"executada";"saída";"6";"121.620,00";"285,00";"0,23";"342,00"
"13603970464";"15/01/2025 / 10:11:48";"WING25";"C";"6";"0,00";"executada";"entrada";"6";"121.335,00";"-";"-";"-"
"13603792746";"14/01/2025 / 10:30:03";"WING25";"C";"6";"0,00";"executada";"saída";"6";"119.840,83";"279,17";"0,23";"335,00"
"13603773524";"14/01/2025 / 09:40:40";"WING25";"V";"6";"0,00";"executada";"entrada";"6";"120.120,00";"-";"-";"-"
"13603690586";"13/01/2025 / 11:59:08";"WING25";"V";"6";"0,00";"executada";"saída";"6";"120.269,17";"297,50";"0,25";"357,00"
"13603678297";"13/01/2025 / 11:29:52";"WING25";"C";"6";"0,00";"executada";"entrada";"6";"119.971,67";"-";"-";"-"
"13603652092";"13/01/2025 / 10:40:18";"WING25";"C";"6";"0,00";"executada";"saída";"6";"119.869,17";"-4,17";"-0,00";"-5,00"
"13603640948";"13/01/2025 / 10:18:02";"WING25";"V";"6";"0,00";"executada";"entrada";"6";"119.865,00";"-";"-";"-"
"13603640917";"13/01/2025 / 10:18:01";"WING25";"V";"6";"0,00";"executada";"saída";"6";"119.860,00";"-155,83";"-0,13";"-187,00"
"13603626817";"13/01/2025 / 09:46:41";"WING25";"C";"6";"0,00";"executada";"entrada";"6";"120.015,83";"-";"-";"-"
"13603473762";"10/01/2025 / 10:06:56";"WING25";"C";"6";"0,00";"executada";"saída";"6";"120.940,00";"0,00";"0,00";"0,00"
"13603469024";"10/01/2025 / 09:45:40";"WING25";"V";"6";"0,00";"executada";"entrada";"6";"120.940,00";"-";"-";"-"
"13603358582";"09/01/2025 / 10:17:42";"WING25";"V";"6";"0,00";"executada";"saída";"6";"120.670,00";"8,33";"0,01";"10,00"
"13603349462";"09/01/2025 / 09:52:47";"WING25";"C";"6";"0,00";"executada";"entrada";"6";"120.661,67";"-";"-";"-"
"13603349418";"09/01/2025 / 09:52:46";"WING25";"C";"6";"0,00";"executada";"saída";"6";"120.675,00";"-140,00";"-0,12";"-168,00"
"13603344377";"09/01/2025 / 09:33:47";"WING25";"V";"6";"0,00";"executada";"entrada";"6";"120.535,00";"-";"-";"-"
"13603237152";"08/01/2025 / 10:45:41";"WING25";"C";"6";"0,00";"executada";"saída";"6";"121.212,50";"452,50";"0,37";"543,00"
"13603207560";"08/01/2025 / 09:58:46";"WING25";"V";"6";"0,00";"executada";"entrada";"6";"121.665,00";"-";"-";"-"
"13603084974";"07/01/2025 / 10:18:03";"WING25";"V";"6";"0,00";"executada";"saída";"6";"122.015,00";"459,17";"0,38";"551,00"
"13603058640";"07/01/2025 / 09:26:49";"WING25";"C";"6";"0,00";"executada";"entrada";"6";"121.555,83";"-";"-";"-"
"13602906605";"06/01/2025 / 10:06:14";"WING25";"V";"6";"0,00";"executada";"saída";"6";"121.005,00";"435,00";"0,36";"522,00"
"13602882258";"06/01/2025 / 09:30:43";"WING25";"C";"6";"0,00";"executada";"entrada";"6";"120.570,00";"-";"-";"-"
"13602766065";"03/01/2025 / 10:05:37";"WING25";"C";"6";"0,00";"executada";"saída";"6";"121.240,83";"-453,33";"-0,38";"-544,00"
"13602757054";"03/01/2025 / 09:52:45";"WING25";"V";"6";"0,00";"executada";"entrada";"6";"120.787,50";"-";"-";"-"
"13602757036";"03/01/2025 / 09:52:44";"WING25";"V";"6";"0,00";"executada";"saída";"6";"120.786,67";"-74,17";"-0,06";"-89,00"
"13602754208";"03/01/2025 / 09:43:45";"WING25";"C";"6";"0,00";"executada";"entrada";"6";"120.860,83";"-";"-";"-"
"13602642759";"02/01/2025 / 10:34:37";"WING25";"V";"6";"0,00";"executada";"saída";"6";"120.730,00";"-525,00";"-0,43";"-630,00"
"13602631589";"02/01/2025 / 10:02:47";"WING25";"C";"6";"0,00";"executada";"entrada";"6";"121.255,00";"-";"-";"-"
"13602496255";"30/12/2024 / 10:43:06";"WING25";"V";"6";"0,00";"executada";"saída";"6";"122.145,00";"317,50";"0,26";"381,00"
"13602448453";"30/12/2024 / 09:27:48";"WING25";"C";"6";"0,00";"executada";"entrada";"6";"121.827,50";"-";"-";"-"
"13602390075";"27/12/2024 / 12:21:27";"WING25";"C";"6";"0,00";"executada";"saída";"6";"122.083,33";"168,33";"0,14";"202,00"
"13602384148";"27/12/2024 / 12:03:37";"WING25";"V";"6";"0,00";"executada";"entrada";"6";"122.251,67";"-";"-";"-"
"13602337219";"27/12/2024 / 09:54:20";"WING25";"V";"6";"0,00";"executada";"saída";"6";"122.885,00";"-2,50";"-0,00";"-3,00"
"13602331952";"27/12/2024 / 09:45:47";"WING25";"C";"6";"0,00";"executada";"entrada";"6";"122.887,50";"-";"-";"-"
"13602227356";"26/12/2024 / 10:41:39";"WING25";"C";"6";"0,00";"executada";"saída";"6";"122.070,00";"111,67";"0,09";"134,00"
"13602222745";"26/12/2024 / 10:24:54";"WING25";"V";"6";"0,00";"executada";"entrada";"6";"122.181,67";"-";"-";"-"
"13602222714";"26/12/2024 / 10:24:53";"WING25";"V";"6";"0,00";"executada";"saída";"6";"122.210,00";"-250,00";"-0,20";"-300,00"
"13602203165";"26/12/2024 / 09:50:43";"WING25";"C";"6";"0,00";"executada";"entrada";"6";"122.460,00";"-";"-";"-"
"13602052144";"23/12/2024 / 10:11:37";"WING25";"V";"6";"0,00";"executada";"saída";"6";"123.105,00";"305,00";"0,25";"366,00"
"13602038940";"23/12/2024 / 09:47:43";"WING25";"C";"6";"0,00";"executada";"entrada";"6";"122.800,00";"-";"-";"-"
"13601814636";"20/12/2024 / 09:55:11";"WING25";"V";"6";"0,00";"executada";"saída";"6";"122.695,00";"155,00";"0,13";"186,00"
"13601801192";"20/12/2024 / 09:40:40";"WING25";"C";"6";"0,00";"executada";"entrada";"6";"122.540,00";"-";"-";"-"
"13601563143";"19/12/2024 / 10:18:41";"WING25";"C";"6";"0,00";"executada";"saída";"6";"123.265,00";"140,00";"0,11";"168,00"
"13601538405";"19/12/2024 / 09:49:05";"WING25";"V";"6";"0,00";"executada";"entrada";"6";"123.405,00";"-";"-";"-"
"13601324511";"18/12/2024 / 10:41:06";"WING25";"V";"6";"0,00";"executada";"saída";"6";"125.885,00";"155,00";"0,12";"186,00"
"13601321485";"18/12/2024 / 10:35:57";"WING25";"C";"6";"0,00";"executada";"entrada";"6";"125.730,00";"-";"-";"-"
"13601113384";"17/12/2024 / 12:20:33";"WINZ24";"V";"6";"0,00";"executada";"saída";"6";"123.850,00";"-14,17";"-0,01";"-17,00"
"13601099962";"17/12/2024 / 12:03:37";"WINZ24";"C";"6";"0,00";"executada";"entrada";"6";"123.864,17";"-";"-";"-"
"13601056899";"17/12/2024 / 10:24:34";"WINZ24";"C";"6";"0,00";"executada";"saída";"6";"123.835,83";"-6,67";"-0,01";"-8,00"
"13601027951";"17/12/2024 / 09:46:38";"WINZ24";"V";"6";"0,00";"executada";"entrada";"6";"123.829,17";"-";"-";"-"
"13600860017";"16/12/2024 / 10:04:35";"WINZ24";"V";"6";"0,00";"executada";"saída";"6";"124.756,67";"-10,00";"-0,01";"-12,00"
"13600850968";"16/12/2024 / 09:51:59";"WINZ24";"C";"6";"0,00";"executada";"entrada";"6";"124.766,67";"-";"-";"-"
"13600709197";"13/12/2024 / 11:33:17";"WINZ24";"V";"6";"0,00";"executada";"saída";"6";"125.724,17";"-442,50";"-0,35";"-531,00"
"13600690857";"13/12/2024 / 10:27:50";"WINZ24";"C";"6";"0,00";"executada";"entrada";"6";"126.166,67";"-";"-";"-"
"13600499484";"12/12/2024 / 10:30:05";"WINZ24";"C";"6";"0,00";"executada";"saída";"6";"127.965,00";"145,00";"0,11";"174,00"
"13600496620";"12/12/2024 / 10:23:57";"WINZ24";"V";"6";"0,00";"executada";"entrada";"6";"128.110,00";"-";"-";"-"
"13600347816";"11/12/2024 / 11:35:18";"WINZ24";"V";"6";"0,00";"executada";"saída";"6";"128.175,00";"-447,50";"-0,35";"-537,00"
"13600326558";"11/12/2024 / 10:39:52";"WINZ24";"C";"6";"0,00";"executada";"entrada";"6";"128.622,50";"-";"-";"-"
"13600296236";"11/12/2024 / 09:59:20";"WINZ24";"C";"6";"0,00";"executada";"saída";"6";"128.557,50";"22,50";"0,02";"27,00"
"13600290052";"11/12/2024 / 09:40:42";"WINZ24";"V";"6";"0,00";"executada";"entrada";"6";"128.580,00";"-";"-";"-"
"13600164196";"10/12/2024 / 10:19:51";"WINZ24";"C";"6";"0,00";"executada";"saída";"6";"128.178,33";"-23,33";"-0,02";"-28,00"
"13600161474";"10/12/2024 / 10:13:52";"WINZ24";"V";"6";"0,00";"executada";"entrada";"6";"128.155,00";"-";"-";"-"
"13600158950";"10/12/2024 / 10:07:54";"WINZ24";"V";"6";"0,00";"executada";"saída";"6";"128.025,00";"-475,00";"-0,37";"-570,00"
"13600153790";"10/12/2024 / 10:02:02";"WINZ24";"C";"6";"0,00";"executada";"entrada";"6";"128.500,00";"-";"-";"-"
"13599871619";"06/12/2024 / 10:30:25";"WINZ24";"V";"6";"0,00";"executada";"saída";"6";"127.783,33";"22,50";"0,02";"27,00"
"13599862336";"06/12/2024 / 10:08:50";"WINZ24";"C";"6";"0,00";"executada";"entrada";"6";"127.760,83";"-";"-";"-"
"13599712348";"05/12/2024 / 09:46:28";"WINZ24";"V";"6";"0,00";"executada";"saída";"6";"126.910,00";"155,83";"0,12";"187,00"
"13599706105";"05/12/2024 / 09:32:45";"WINZ24";"C";"6";"0,00";"executada";"entrada";"6";"126.754,17";"-";"-";"-"
"13599580451";"04/12/2024 / 10:29:00";"WINZ24";"V";"6";"0,00";"executada";"saída";"6";"126.465,00";"7,50";"0,01";"9,00"
"13599578652";"04/12/2024 / 10:23:10";"WINZ24";"C";"6";"0,00";"executada";"entrada";"6";"126.457,50";"-";"-";"-"
"13599573557";"04/12/2024 / 10:16:54";"WINZ24";"C";"6";"0,00";"executada";"saída";"6";"126.630,00";"-420,00";"-0,33";"-504,00"
"13599560903";"04/12/2024 / 10:05:10";"WINZ24";"V";"6";"0,00";"executada";"entrada";"6";"126.210,00";"-";"-";"-"
"13599416621";"03/12/2024 / 10:23:57";"WINZ24";"V";"6";"0,00";"executada";"saída";"6";"126.660,00";"295,00";"0,23";"354,00"
"13599408269";"03/12/2024 / 10:12:49";"WINZ24";"C";"6";"0,00";"executada";"entrada";"6";"126.365,00";"-";"-";"-"
"13599397167";"03/12/2024 / 09:58:09";"WINZ24";"C";"6";"0,00";"executada";"saída";"6";"125.948,33";"-4,17";"-0,00";"-5,00"
"13599386079";"03/12/2024 / 09:36:49";"WINZ24";"V";"6";"0,00";"executada";"entrada";"6";"125.944,17";"-";"-";"-"
"13599258442";"02/12/2024 / 10:49:29";"WINZ24";"C";"6";"0,00";"executada";"saída";"6";"125.440,00";"360,83";"0,29";"433,00"
"13599234693";"02/12/2024 / 10:04:53";"WINZ24";"V";"6";"0,00";"executada";"entrada";"6";"125.800,83";"-";"-";"-"
"13599004160";"29/11/2024 / 10:09:00";"WINZ24";"C";"6";"0,00";"executada";"saída";"6";"125.095,00";"155,00";"0,12";"186,00"
"13598997962";"29/11/2024 / 10:04:59";"WINZ24";"V";"6";"0,00";"executada";"entrada";"6";"125.250,00";"-";"-";"-"
"13598855836";"28/11/2024 / 10:34:57";"WINZ24";"C";"6";"0,00";"executada";"saída";"6";"127.254,17";"450,00";"0,35";"540,00"
"13598828524";"28/11/2024 / 09:59:47";"WINZ24";"V";"6";"0,00";"executada";"entrada";"6";"127.704,17";"-";"-";"-"
"13598828495";"28/11/2024 / 09:59:46";"WINZ24";"V";"6";"0,00";"executada";"saída";"6";"127.703,33";"-24,17";"-0,02";"-29,00"
"13598810071";"28/11/2024 / 09:39:48";"WINZ24";"C";"6";"0,00";"executada";"entrada";"6";"127.727,50";"-";"-";"-"
"13598644208";"27/11/2024 / 11:09:45";"WINZ24";"V";"6";"0,00";"executada";"saída";"6";"130.409,17";"145,00";"0,11";"174,00"
"13598639897";"27/11/2024 / 11:00:53";"WINZ24";"C";"6";"0,00";"executada";"entrada";"6";"130.264,17";"-";"-";"-"
"13598629902";"27/11/2024 / 10:30:13";"WINZ24";"C";"6";"0,00";"executada";"saída";"6";"130.542,50";"-0,83";"-0,00";"-1,00"
"13598612793";"27/11/2024 / 09:53:53";"WINZ24";"V";"6";"0,00";"executada";"entrada";"6";"130.541,67";"-";"-";"-"
"13598495209";"26/11/2024 / 10:23:52";"WINZ24";"V";"6";"0,00";"executada";"saída";"6";"129.770,00";"-465,00";"-0,36";"-558,00"
"13598484448";"26/11/2024 / 10:03:41";"WINZ24";"C";"6";"0,00";"executada";"entrada";"6";"130.235,00";"-";"-";"-"
"13598406161";"25/11/2024 / 12:40:16";"WINZ24";"V";"6";"0,00";"executada";"saída";"6";"129.900,00";"5,00";"0,00";"6,00"
"13598398159";"25/11/2024 / 12:01:46";"WINZ24";"C";"6";"0,00";"executada";"entrada";"6";"129.895,00";"-";"-";"-"
"13598230063";"22/11/2024 / 10:39:34";"WINZ24";"V";"6";"0,00";"executada";"saída";"6";"128.270,00";"-445,00";"-0,35";"-534,00"
"13598211001";"22/11/2024 / 10:02:50";"WINZ24";"C";"6";"0,00";"executada";"entrada";"6";"128.715,00";"-";"-";"-"
"13598163149";"21/11/2024 / 14:52:19";"WINZ24";"V";"6";"0,00";"executada";"saída";"6";"128.116,67";"450,83";"0,35";"541,00"
"13598148913";"21/11/2024 / 13:38:30";"WINZ24";"C";"6";"0,00";"executada";"entrada";"6";"127.665,83";"-";"-";"-"
"13597983530";"19/11/2024 / 10:53:53";"WINZ24";"V";"6";"0,00";"executada";"saída";"6";"128.669,17";"469,17";"0,37";"563,00"
"13597974892";"19/11/2024 / 10:36:46";"WINZ24";"C";"6";"0,00";"executada";"entrada";"6";"128.200,00";"-";"-";"-"
"13597866757";"18/11/2024 / 11:39:07";"WINZ24";"V";"6";"0,00";"executada";"saída";"6";"129.094,17";"454,17";"0,35";"545,00"
"13597848324";"18/11/2024 / 11:00:40";"WINZ24";"C";"6";"0,00";"executada";"entrada";"6";"128.640,00";"-";"-";"-"
"13597704010";"14/11/2024 / 10:56:15";"WINZ24";"V";"6";"0,00";"executada";"saída";"6";"128.785,00";"165,00";"0,13";"198,00"
"13597695534";"14/11/2024 / 10:42:51";"WINZ24";"C";"6";"0,00";"executada";"entrada";"6";"128.620,00";"-";"-";"-"
"13597337835";"12/11/2024 / 10:20:02";"WINZ24";"V";"6";"0,00";"executada";"saída";"6";"128.980,00";"-6,67";"-0,01";"-8,00"
"13597329577";"12/11/2024 / 10:03:15";"WINZ24";"C";"6";"0,00";"executada";"entrada";"6";"128.986,67";"-";"-";"-"
"13597261519";"11/11/2024 / 13:32:28";"WINZ24";"V";"6";"0,00";"executada";"saída";"6";"128.755,00";"14,17";"0,01";"17,00"
"13597256182";"11/11/2024 / 12:58:57";"WINZ24";"C";"6";"0,00";"executada";"entrada";"6";"128.740,83";"-";"-";"-"
"13597063938";"08/11/2024 / 11:15:50";"WINZ24";"V";"6";"0,00";"executada";"saída";"6";"129.305,00";"165,00";"0,13";"198,00"
"13597053058";"08/11/2024 / 10:42:48";"WINZ24";"C";"6";"0,00";"executada";"entrada";"6";"129.140,00";"-";"-";"-"
"13596888675";"07/11/2024 / 12:36:47";"WINZ24";"V";"6";"0,00";"executada";"saída";"6";"131.869,17";"4,17";"0,00";"5,00"
"13596884441";"07/11/2024 / 12:21:45";"WINZ24";"C";"6";"0,00";"executada";"entrada";"6";"131.865,00";"-";"-";"-"
"13596620924";"06/11/2024 / 11:06:39";"WINZ24";"V";"6";"0,00";"executada";"saída";"6";"130.790,00";"150,00";"0,11";"180,00"
"13596602357";"06/11/2024 / 10:32:35";"WINZ24";"C";"6";"0,00";"executada";"entrada";"6";"130.640,00";"-";"-";"-"
"13596586053";"06/11/2024 / 10:11:51";"WINZ24";"C";"6";"0,00";"executada";"saída";"6";"130.302,50";"-458,33";"-0,35";"-550,00"
"13596575318";"06/11/2024 / 10:02:39";"WINZ24";"V";"6";"0,00";"executada";"entrada";"6";"129.844,17";"-";"-";"-"
"13596467842";"05/11/2024 / 12:54:02";"WINZ24";"V";"6";"0,00";"executada";"saída";"6";"131.355,00";"15,00";"0,01";"18,00"
"13596455251";"05/11/2024 / 12:03:52";"WINZ24";"C";"6";"0,00";"executada";"entrada";"6";"131.340,00";"-";"-";"-"
"13596274931";"04/11/2024 / 10:45:26";"WINZ24";"V";"6";"0,00";"executada";"saída";"6";"131.041,67";"175,83";"0,13";"211,00"
"13596262493";"04/11/2024 / 10:14:03";"WINZ24";"C";"6";"0,00";"executada";"entrada";"6";"130.865,83";"-";"-";"-"
"13596017919";"31/10/2024 / 10:46:11";"WINZ24";"V";"6";"0,00";"executada";"saída";"6";"132.030,00";"0,00";"0,00";"0,00"
"13596013208";"31/10/2024 / 10:39:50";"WINZ24";"C";"6";"0,00";"executada";"entrada";"6";"132.030,00";"-";"-";"-"
"13595993406";"31/10/2024 / 10:09:18";"WINZ24";"C";"6";"0,00";"executada";"saída";"6";"132.225,00";"-483,33";"-0,37";"-580,00"
"13595986246";"31/10/2024 / 10:02:56";"WINZ24";"V";"6";"0,00";"executada";"entrada";"6";"131.741,67";"-";"-";"-"
"13595917200";"30/10/2024 / 12:40:26";"WINZ24";"V";"6";"0,00";"executada";"saída";"6";"132.540,00";"146,67";"0,11";"176,00"
"13595906574";"30/10/2024 / 12:05:35";"WINZ24";"C";"6";"0,00";"executada";"entrada";"6";"132.393,33";"-";"-";"-"
"13595864830";"30/10/2024 / 10:21:43";"WINZ24";"C";"6";"0,00";"executada";"saída";"6";"132.495,00";"-63,33";"-0,05";"-76,00"
"13595863018";"30/10/2024 / 10:17:30";"WINZ24";"V";"6";"0,00";"executada";"entrada";"6";"132.431,67";"-";"-";"-"
"13595703128";"29/10/2024 / 10:50:53";"WINZ24";"C";"6";"0,00";"executada";"saída";"6";"133.090,00";"50,00";"0,04";"60,00"
"13595692494";"29/10/2024 / 10:29:06";"WINZ24";"V";"6";"0,00";"executada";"entrada";"6";"133.140,00";"-";"-";"-"
"13595688798";"29/10/2024 / 10:24:09";"WINZ24";"V";"6";"0,00";"executada";"saída";"6";"133.244,17";"85,00";"0,06";"102,00"
"13595685419";"29/10/2024 / 10:18:18";"WINZ24";"C";"6";"0,00";"executada";"entrada";"6";"133.159,17";"-";"-";"-"
"13595613349";"28/10/2024 / 12:37:53";"WINZ24";"V";"6";"0,00";"executada";"saída";"6";"132.884,17";"-90,00";"-0,07";"-108,00"
"13595608817";"28/10/2024 / 12:06:44";"WINZ24";"C";"6";"0,00";"executada";"entrada";"6";"132.974,17";"-";"-";"-"
"13595608386";"28/10/2024 / 12:05:02";"WINZ24";"C";"6";"0,00";"executada";"saída";"6";"132.875,00";"-347,50";"-0,26";"-417,00"
"13595585978";"28/10/2024 / 10:20:58";"WINZ24";"V";"6";"0,00";"executada";"entrada";"6";"132.527,50";"-";"-";"-"
"13595487006";"25/10/2024 / 11:18:38";"WINZ24";"V";"6";"0,00";"executada";"saída";"6";"132.173,33";"-131,67";"-0,10";"-158,00"
"13595485318";"25/10/2024 / 11:16:04";"WINZ24";"C";"6";"0,00";"executada";"entrada";"6";"132.305,00";"-";"-";"-"
"13595475415";"25/10/2024 / 10:57:37";"WINZ24";"V";"6";"0,00";"executada";"saída";"6";"131.854,17";"-188,33";"-0,14";"-226,00"
"13595472985";"25/10/2024 / 10:48:51";"WINZ24";"C";"6";"0,00";"executada";"entrada";"6";"132.042,50";"-";"-";"-"
"13595319757";"24/10/2024 / 10:11:51";"WINZ24";"C";"6";"0,00";"executada";"saída";"6";"130.870,00";"10,83";"0,01";"13,00"
"13595317698";"24/10/2024 / 10:05:57";"WINZ24";"V";"6";"0,00";"executada";"entrada";"6";"130.880,83";"-";"-";"-"
"13595216298";"23/10/2024 / 11:26:03";"WINZ24";"C";"6";"0,00";"executada";"saída";"6";"130.825,00";"5,00";"0,00";"6,00"
"13595211414";"23/10/2024 / 11:09:58";"WINZ24";"V";"6";"0,00";"executada";"entrada";"6";"130.830,00";"-";"-";"-"
"13595064173";"22/10/2024 / 10:17:55";"WINZ24";"C";"6";"0,00";"executada";"saída";"6";"131.791,67";"-484,17";"-0,37";"-581,00"
"13595057035";"22/10/2024 / 10:04:54";"WINZ24";"V";"6";"0,00";"executada";"entrada";"6";"131.307,50";"-";"-";"-"
"13594997029";"21/10/2024 / 12:57:00";"WINZ24";"V";"6";"0,00";"executada";"saída";"6";"132.410,00";"230,00";"0,17";"276,00"
"13594991658";"21/10/2024 / 12:26:49";"WINZ24";"C";"6";"0,00";"executada";"entrada";"6";"132.180,00";"-";"-";"-"
"13594795286";"18/10/2024 / 10:06:04";"WINZ24";"V";"6";"0,00";"executada";"saída";"6";"133.551,67";"-10,00";"-0,01";"-12,00"
"13594791842";"18/10/2024 / 10:01:52";"WINZ24";"C";"6";"0,00";"executada";"entrada";"6";"133.561,67";"-";"-";"-"
"13594698712";"17/10/2024 / 10:56:47";"WINZ24";"V";"6";"0,00";"executada";"saída";"6";"132.475,00";"150,00";"0,11";"180,00"
"13594690682";"17/10/2024 / 10:45:52";"WINZ24";"C";"6";"0,00";"executada";"entrada";"6";"132.325,00";"-";"-";"-"
"13594678219";"17/10/2024 / 10:29:56";"WINZ24";"C";"6";"0,00";"executada";"saída";"6";"132.125,00";"45,00";"0,03";"54,00"
"13594669811";"17/10/2024 / 10:09:32";"WINZ24";"V";"6";"0,00";"executada";"entrada";"6";"132.170,00";"-";"-";"-"
"13594551338";"16/10/2024 / 11:17:05";"WINZ24";"V";"6";"0,00";"executada";"saída";"6";"133.295,00";"-20,00";"-0,02";"-24,00"
"13594532128";"16/10/2024 / 10:40:49";"WINZ24";"C";"6";"0,00";"executada";"entrada";"6";"133.315,00";"-";"-";"-"
"13594512831";"16/10/2024 / 10:10:43";"WINZ24";"C";"6";"0,00";"executada";"saída";"6";"133.265,83";"-20,83";"-0,02";"-25,00"
"13594508484";"16/10/2024 / 10:03:14";"WINZ24";"V";"6";"0,00";"executada";"entrada";"6";"133.245,00";"-";"-";"-"
"13594421407";"15/10/2024 / 13:04:01";"WINV24";"C";"6";"0,00";"executada";"saída";"6";"130.644,17";"290,83";"0,22";"349,00"
"13594409417";"15/10/2024 / 12:02:50";"WINV24";"V";"6";"0,00";"executada";"entrada";"6";"130.935,00";"-";"-";"-"
"13594126654";"14/10/2024 / 10:14:59";"WINV24";"V";"6";"0,00";"executada";"saída";"6";"130.240,00";"160,00";"0,12";"192,00"
"13594117122";"14/10/2024 / 10:04:05";"WINV24";"C";"6";"0,00";"executada";"entrada";"6";"130.080,00";"-";"-";"-"
"13593769358";"10/10/2024 / 11:31:50";"WINV24";"V";"6";"0,00";"executada";"saída";"6";"130.375,00";"-20,00";"-0,02";"-24,00"
"13593747663";"10/10/2024 / 10:55:13";"WINV24";"C";"6";"0,00";"executada";"entrada";"6";"130.395,00";"-";"-";"-"
"13593542222";"09/10/2024 / 10:41:31";"WINV24";"C";"6";"0,00";"executada";"saída";"6";"130.553,33";"146,67";"0,11";"176,00"
"13593519373";"09/10/2024 / 10:03:30";"WINV24";"V";"6";"0,00";"executada";"entrada";"6";"130.700,00";"-";"-";"-"
"13593404933";"08/10/2024 / 12:07:49";"WINV24";"V";"6";"0,00";"executada";"saída";"6";"131.456,67";"304,17";"0,23";"365,00"
"13593397165";"08/10/2024 / 11:39:54";"WINV24";"C";"6";"0,00";"executada";"entrada";"6";"131.152,50";"-";"-";"-"
"13593187273";"07/10/2024 / 11:26:07";"WINV24";"V";"6";"0,00";"executada";"saída";"6";"133.090,00";"310,00";"0,23";"372,00"
"13593170448";"07/10/2024 / 10:48:02";"WINV24";"C";"6";"0,00";"executada";"entrada";"6";"132.780,00";"-";"-";"-"
"13592965185";"04/10/2024 / 10:10:56";"WINV24";"V";"6";"0,00";"executada";"saída";"6";"131.602,50";"157,50";"0,12";"189,00"
"13592956148";"04/10/2024 / 10:02:03";"WINV24";"C";"6";"0,00";"executada";"entrada";"6";"131.445,00";"-";"-";"-"
"13592854117";"03/10/2024 / 13:10:40";"WINV24";"C";"6";"0,00";"executada";"saída";"6";"131.760,00";"5,00";"0,00";"6,00"
"13592852056";"03/10/2024 / 13:00:41";"WINV24";"V";"6";"0,00";"executada";"entrada";"6";"131.765,00";"-";"-";"-"
"13592850252";"03/10/2024 / 12:47:02";"WINV24";"V";"6";"0,00";"executada";"saída";"6";"131.830,83";"10,00";"0,01";"12,00"
"13592846841";"03/10/2024 / 12:32:59";"WINV24";"C";"6";"0,00";"executada";"entrada";"6";"131.820,83";"-";"-";"-"
"13592650359";"02/10/2024 / 10:19:45";"WINV24";"C";"6";"0,00";"executada";"saída";"6";"135.195,00";"-430,00";"-0,32";"-516,00"
"13592647778";"02/10/2024 / 10:16:08";"WINV24";"V";"6";"0,00";"executada";"entrada";"6";"134.765,00";"-";"-";"-"
"13592483534";"01/10/2024 / 11:13:17";"WINV24";"C";"6";"0,00";"executada";"saída";"6";"133.140,00";"0,83";"0,00";"1,00"
"13592476765";"01/10/2024 / 11:03:26";"WINV24";"V";"6";"0,00";"executada";"entrada";"6";"133.140,83";"-";"-";"-"
"13592158657";"27/09/2024 / 10:41:29";"WINV24";"V";"6";"0,00";"executada";"saída";"6";"133.949,17";"409,17";"0,31";"491,00"
"13592145642";"27/09/2024 / 10:18:06";"WINV24";"C";"6";"0,00";"executada";"entrada";"6";"133.540,00";"-";"-";"-"
"13592049538";"26/09/2024 / 13:02:04";"WINV24";"V";"6";"0,00";"executada";"saída";"6";"133.089,17";"139,17";"0,10";"167,00"
"13592042441";"26/09/2024 / 12:28:48";"WINV24";"C";"6";"0,00";"executada";"entrada";"6";"132.950,00";"-";"-";"-"
"13591856225";"25/09/2024 / 11:54:35";"WINV24";"V";"6";"0,00";"executada";"saída";"6";"132.970,00";"5,00";"0,00";"6,00"
"13591851314";"25/09/2024 / 11:38:55";"WINV24";"C";"6";"0,00";"executada";"entrada";"6";"132.965,00";"-";"-";"-"
"13591657713";"24/09/2024 / 10:18:07";"WINV24";"C";"6";"0,00";"executada";"saída";"6";"132.975,00";"146,67";"0,11";"176,00"
"13591655442";"24/09/2024 / 10:13:52";"WINV24";"V";"6";"0,00";"executada";"entrada";"6";"133.121,67";"-";"-";"-"
"13591535338";"23/09/2024 / 11:19:14";"WINV24";"C";"6";"0,00";"executada";"saída";"6";"131.270,00";"223,33";"0,17";"268,00"
"13591512606";"23/09/2024 / 10:34:17";"WINV24";"V";"6";"0,00";"executada";"entrada";"6";"131.493,33";"-";"-";"-"
"13591354174";"20/09/2024 / 11:32:01";"WINV24";"V";"6";"0,00";"executada";"saída";"6";"132.798,33";"-441,67";"-0,33";"-530,00"
"13591343915";"20/09/2024 / 10:57:40";"WINV24";"C";"6";"0,00";"executada";"entrada";"6";"133.240,00";"-";"-";"-"
"13591311737";"20/09/2024 / 10:15:12";"WINV24";"C";"6";"0,00";"executada";"saída";"6";"133.890,00";"1,67";"0,00";"2,00"
"13591304743";"20/09/2024 / 10:08:59";"WINV24";"V";"6";"0,00";"executada";"entrada";"6";"133.891,67";"-";"-";"-"
"13591228798";"19/09/2024 / 14:56:00";"WINV24";"V";"6";"0,00";"executada";"saída";"6";"134.324,17";"-395,00";"-0,29";"-474,00"
"13591223825";"19/09/2024 / 14:34:27";"WINV24";"C";"6";"0,00";"executada";"entrada";"6";"134.719,17";"-";"-";"-"
"13591214914";"19/09/2024 / 13:34:50";"WINV24";"V";"6";"0,00";"executada";"saída";"6";"134.725,00";"-50,00";"-0,04";"-60,00"
"13591202239";"19/09/2024 / 12:37:44";"WINV24";"C";"6";"0,00";"executada";"entrada";"6";"134.775,00";"-";"-";"-"
"13590936974";"18/09/2024 / 12:00:37";"WINV24";"V";"6";"0,00";"executada";"saída";"6";"135.015,00";"-5,83";"-0,00";"-7,00"
"13590932974";"18/09/2024 / 11:41:53";"WINV24";"C";"6";"0,00";"executada";"entrada";"6";"135.020,83";"-";"-";"-"
"13590778458";"17/09/2024 / 11:31:03";"WINV24";"V";"6";"0,00";"executada";"saída";"6";"135.630,00";"115,00";"0,08";"138,00"
"13590767363";"17/09/2024 / 11:07:05";"WINV24";"C";"6";"0,00";"executada";"entrada";"6";"135.515,00";"-";"-";"-"
"13590748684";"17/09/2024 / 10:24:18";"WINV24";"C";"6";"0,00";"executada";"saída";"6";"135.385,00";"244,17";"0,18";"293,00"
"13590747253";"17/09/2024 / 10:22:25";"WINV24";"V";"6";"0,00";"executada";"entrada";"6";"135.629,17";"-";"-";"-"
"13590615684";"16/09/2024 / 10:37:31";"WINV24";"V";"6";"0,00";"executada";"saída";"6";"136.715,00";"125,00";"0,09";"150,00"
"13590610070";"16/09/2024 / 10:30:37";"WINV24";"C";"6";"0,00";"executada";"entrada";"6";"136.590,00";"-";"-";"-"
"13590440417";"13/09/2024 / 11:20:21";"WINV24";"C";"6";"0,00";"executada";"saída";"6";"136.708,33";"11,67";"0,01";"14,00"
"13590433713";"13/09/2024 / 11:06:30";"WINV24";"V";"6";"0,00";"executada";"entrada";"6";"136.720,00";"-";"-";"-"
"13590433472";"13/09/2024 / 11:06:00";"WINV24";"V";"6";"0,00";"executada";"saída";"6";"136.720,00";"10,00";"0,01";"12,00"
"13590417077";"13/09/2024 / 10:46:48";"WINV24";"C";"6";"0,00";"executada";"entrada";"6";"136.710,00";"-";"-";"-"
"13590188975";"12/09/2024 / 10:44:49";"WINV24";"V";"6";"0,00";"executada";"saída";"6";"135.400,00";"155,00";"0,11";"186,00"
"13590179479";"12/09/2024 / 10:29:47";"WINV24";"C";"6";"0,00";"executada";"entrada";"6";"135.245,00";"-";"-";"-"
"13590049720";"11/09/2024 / 12:19:54";"WINV24";"V";"6";"0,00";"executada";"saída";"6";"135.320,00";"0,00";"0,00";"0,00"
"13590046300";"11/09/2024 / 12:10:48";"WINV24";"C";"6";"0,00";"executada";"entrada";"6";"135.320,00";"-";"-";"-"
"13589967586";"11/09/2024 / 10:32:57";"WINV24";"C";"6";"0,00";"executada";"saída";"6";"135.795,00";"-10,83";"-0,01";"-13,00"
"13589959116";"11/09/2024 / 10:20:13";"WINV24";"V";"6";"0,00";"executada";"entrada";"6";"135.784,17";"-";"-";"-"
"13589783721";"10/09/2024 / 10:48:33";"WINV24";"V";"6";"0,00";"executada";"saída";"6";"135.615,00";"15,00";"0,01";"18,00"
"13589774945";"10/09/2024 / 10:25:04";"WINV24";"C";"6";"0,00";"executada";"entrada";"6";"135.600,00";"-";"-";"-"
"13589693702";"09/09/2024 / 14:29:16";"WINV24";"V";"6";"0,00";"executada";"saída";"6";"136.443,33";"4,17";"0,00";"5,00"
"13589651105";"09/09/2024 / 11:12:45";"WINV24";"C";"6";"0,00";"executada";"entrada";"6";"136.439,17";"-";"-";"-"
"13589492342";"06/09/2024 / 11:40:53";"WINV24";"C";"6";"0,00";"executada";"saída";"6";"136.960,00";"11,67";"0,01";"14,00"
"13589491196";"06/09/2024 / 11:38:27";"WINV24";"V";"6";"0,00";"executada";"entrada";"6";"136.971,67";"-";"-";"-"
"13589448613";"06/09/2024 / 10:21:19";"WINV24";"V";"6";"0,00";"executada";"saída";"6";"137.508,33";"18,33";"0,01";"22,00"
"13589447469";"06/09/2024 / 10:19:42";"WINV24";"C";"6";"0,00";"executada";"entrada";"6";"137.490,00";"-";"-";"-"
"13589347536";"05/09/2024 / 13:43:17";"WINV24";"V";"6";"0,00";"executada";"saída";"6";"137.815,00";"145,00";"0,11";"174,00"
"13589319656";"05/09/2024 / 12:16:45";"WINV24";"C";"6";"0,00";"executada";"entrada";"6";"137.670,00";"-";"-";"-"
"13589126790";"04/09/2024 / 11:00:14";"WINV24";"V";"6";"0,00";"executada";"saída";"6";"137.550,00";"1.060,00";"0,78";"1.272,00"
"13589093006";"04/09/2024 / 10:02:52";"WINV24";"C";"6";"0,00";"executada";"entrada";"6";"136.490,00";"-";"-";"-"
"13588983508";"03/09/2024 / 11:38:59";"WINV24";"V";"6";"0,00";"executada";"saída";"6";"136.295,00";"317,50";"0,23";"381,00"
"13588967872";"03/09/2024 / 11:09:28";"WINV24";"C";"6";"0,00";"executada";"entrada";"6";"135.977,50";"-";"-";"-"
"13588950162";"03/09/2024 / 10:49:36";"WINV24";"C";"6";"0,00";"executada";"saída";"6";"136.258,33";"-13,33";"-0,01";"-16,00"
"13588932518";"03/09/2024 / 10:22:47";"WINV24";"V";"6";"0,00";"executada";"entrada";"6";"136.245,00";"-";"-";"-"
"13588804911";"02/09/2024 / 11:59:57";"WINV24";"V";"6";"0,00";"executada";"saída";"6";"136.385,00";"5,00";"0,00";"6,00"
"13588795021";"02/09/2024 / 11:34:20";"WINV24";"C";"6";"0,00";"executada";"entrada";"6";"136.380,00";"-";"-";"-"
"13588444333";"30/08/2024 / 10:15:29";"WINV24";"C";"6";"0,00";"executada";"saída";"6";"136.741,67";"-12,50";"-0,01";"-15,00"
"13588434070";"30/08/2024 / 10:08:01";"WINV24";"V";"6";"0,00";"executada";"entrada";"6";"136.729,17";"-";"-";"-"
"13588254712";"29/08/2024 / 10:47:30";"WINV24";"C";"6";"0,00";"executada";"saída";"6";"138.277,50";"7,50";"0,01";"9,00"
"13588250559";"29/08/2024 / 10:42:51";"WINV24";"V";"6";"0,00";"executada";"entrada";"6";"138.285,00";"-";"-";"-"
"13588082830";"28/08/2024 / 10:43:33";"WINV24";"C";"6";"0,00";"executada";"saída";"6";"137.830,00";"159,17";"0,12";"191,00"
"13588073071";"28/08/2024 / 10:26:49";"WINV24";"V";"6";"0,00";"executada";"entrada";"6";"137.989,17";"-";"-";"-"
"13587966563";"27/08/2024 / 11:32:12";"WINV24";"V";"6";"0,00";"executada";"saída";"6";"138.870,00";"155,00";"0,11";"186,00"
"13587942966";"27/08/2024 / 10:38:00";"WINV24";"C";"6";"0,00";"executada";"entrada";"6";"138.715,00";"-";"-";"-"
"13587800003";"26/08/2024 / 11:05:24";"WINV24";"V";"6";"0,00";"executada";"saída";"6";"138.475,00";"285,00";"0,21";"342,00"
"13587780994";"26/08/2024 / 10:36:07";"WINV24";"C";"6";"0,00";"executada";"entrada";"6";"138.190,00";"-";"-";"-"
"13587570552";"23/08/2024 / 11:07:13";"WINV24";"V";"6";"0,00";"executada";"saída";"6";"137.900,00";"145,83";"0,11";"175,00"
"13587537668";"23/08/2024 / 10:30:10";"WINV24";"C";"6";"0,00";"executada";"entrada";"6";"137.754,17";"-";"-";"-"
"13587397762";"22/08/2024 / 12:31:55";"WINV24";"V";"6";"0,00";"executada";"saída";"6";"137.205,00";"-455,83";"-0,33";"-547,00"
"13587383248";"22/08/2024 / 12:00:58";"WINV24";"C";"6";"0,00";"executada";"entrada";"6";"137.660,83";"-";"-";"-"
"13587361431";"22/08/2024 / 11:00:58";"WINV24";"C";"6";"0,00";"executada";"saída";"6";"137.800,83";"-5,83";"-0,00";"-7,00"
"13587348306";"22/08/2024 / 10:40:55";"WINV24";"V";"6";"0,00";"executada";"entrada";"6";"137.795,00";"-";"-";"-"
"13587266911";"21/08/2024 / 15:58:34";"WINV24";"V";"6";"0,00";"executada";"saída";"6";"138.642,50";"-2,50";"-0,00";"-3,00"
"13587209923";"21/08/2024 / 12:32:41";"WINV24";"C";"6";"0,00";"executada";"entrada";"6";"138.645,00";"-";"-";"-"
"13587165278";"21/08/2024 / 10:51:12";"WINV24";"C";"6";"0,00";"executada";"saída";"6";"139.060,00";"-450,00";"-0,32";"-540,00"
"13587138223";"21/08/2024 / 10:02:48";"WINV24";"V";"6";"0,00";"executada";"entrada";"6";"138.610,00";"-";"-";"-"
"13587000755";"20/08/2024 / 10:40:19";"WINV24";"C";"6";"0,00";"executada";"saída";"6";"137.902,50";"157,50";"0,11";"189,00"
"13586987522";"20/08/2024 / 10:19:56";"WINV24";"V";"6";"0,00";"executada";"entrada";"6";"138.060,00";"-";"-";"-"
"13586919177";"19/08/2024 / 15:46:30";"WINV24";"V";"6";"0,00";"executada";"saída";"6";"138.040,00";"601,67";"0,44";"722,00"
"13586869103";"19/08/2024 / 11:51:29";"WINV24";"C";"6";"0,00";"executada";"entrada";"6";"137.438,33";"-";"-";"-"
"13586860842";"19/08/2024 / 11:30:33";"WINV24";"V";"6";"0,00";"executada";"saída";"6";"137.440,00";"611,67";"0,45";"734,00"
"13586828713";"19/08/2024 / 10:23:52";"WINV24";"C";"6";"0,00";"executada";"entrada";"6";"136.828,33";"-";"-";"-"
"13586778664";"16/08/2024 / 16:59:45";"WINV24";"C";"6";"0,00";"executada";"saída";"6";"136.203,33";"302,50";"0,22";"363,00"
"13586746620";"16/08/2024 / 13:32:28";"WINV24";"V";"6";"0,00";"executada";"entrada";"6";"136.505,83";"-";"-";"-"
"13586720166";"16/08/2024 / 11:47:34";"WINV24";"V";"6";"0,00";"executada";"saída";"6";"136.390,00";"-445,83";"-0,33";"-535,00"
"13586700973";"16/08/2024 / 11:06:57";"WINV24";"C";"6";"0,00";"executada";"entrada";"6";"136.835,83";"-";"-";"-"
"13586549380";"15/08/2024 / 10:28:55";"WINV24";"V";"6";"0,00";"executada";"saída";"6";"135.785,00";"-10,00";"-0,01";"-12,00"
"13586536504";"15/08/2024 / 10:07:51";"WINV24";"C";"6";"0,00";"executada";"entrada";"6";"135.795,00";"-";"-";"-"
"13586451995";"14/08/2024 / 14:28:43";"WINV24";"V";"6";"0,00";"executada";"saída";"6";"135.620,00";"315,00";"0,23";"378,00"
"13586414767";"14/08/2024 / 12:34:10";"WINV24";"C";"6";"0,00";"executada";"entrada";"6";"135.305,00";"-";"-";"-"
"13586377622";"14/08/2024 / 11:01:44";"WINV24";"V";"6";"0,00";"executada";"saída";"6";"134.859,17";"-290,83";"-0,22";"-349,00"
"13586350849";"14/08/2024 / 10:18:53";"WINV24";"C";"6";"0,00";"executada";"entrada";"6";"135.150,00";"-";"-";"-"
"13586243084";"13/08/2024 / 14:11:14";"WINQ24";"V";"6";"0,00";"executada";"saída";"6";"132.220,00";"0,00";"0,00";"0,00"
"13586195478";"13/08/2024 / 10:51:49";"WINQ24";"C";"6";"0,00";"executada";"entrada";"6";"132.220,00";"-";"-";"-"
"13586036568";"12/08/2024 / 11:30:28";"WINQ24";"C";"6";"0,00";"executada";"saída";"6";"131.552,50";"-222,50";"-0,17";"-267,00"
"13586029402";"12/08/2024 / 11:12:48";"WINQ24";"V";"6";"0,00";"executada";"entrada";"6";"131.330,00";"-";"-";"-"
"13586011269";"12/08/2024 / 10:38:36";"WINQ24";"V";"6";"0,00";"executada";"saída";"6";"131.564,17";"-70,83";"-0,05";"-85,00"
"13586003577";"12/08/2024 / 10:29:52";"WINQ24";"C";"6";"0,00";"executada";"entrada";"6";"131.635,00";"-";"-";"-"
"13585849286";"09/08/2024 / 10:44:42";"WINQ24";"V";"6";"0,00";"executada";"saída";"6";"129.215,00";"-445,00";"-0,34";"-534,00"
"13585830695";"09/08/2024 / 10:08:52";"WINQ24";"C";"6";"0,00";"executada";"entrada";"6";"129.660,00";"-";"-";"-"
"13585741685";"08/08/2024 / 13:12:43";"WINQ24";"V";"6";"0,00";"executada";"saída";"6";"128.724,17";"594,17";"0,46";"713,00"
"13585695480";"08/08/2024 / 10:45:48";"WINQ24";"C";"6";"0,00";"executada";"entrada";"6";"128.130,00";"-";"-";"-"
"13585559536";"07/08/2024 / 12:56:59";"WINQ24";"C";"6";"0,00";"executada";"saída";"6";"127.394,17";"-29,17";"-0,02";"-35,00"
"13585514987";"07/08/2024 / 10:48:06";"WINQ24";"V";"6";"0,00";"executada";"entrada";"6";"127.365,00";"-";"-";"-"
"13585406349";"06/08/2024 / 14:05:31";"WINQ24";"V";"6";"0,00";"executada";"saída";"6";"126.285,00";"450,00";"0,36";"540,00"
"13585383928";"06/08/2024 / 12:39:28";"WINQ24";"C";"6";"0,00";"executada";"entrada";"6";"125.835,00";"-";"-";"-"
"13585308964";"06/08/2024 / 10:27:26";"WINQ24";"C";"6";"0,00";"executada";"saída";"6";"125.695,00";"10,00";"0,01";"12,00"
"13585305853";"06/08/2024 / 10:22:42";"WINQ24";"V";"6";"0,00";"executada";"entrada";"6";"125.705,00";"-";"-";"-"
"13585077152";"05/08/2024 / 10:51:56";"WINQ24";"V";"6";"0,00";"executada";"saída";"6";"124.145,00";"30,00";"0,02";"36,00"
"13585060539";"05/08/2024 / 10:38:37";"WINQ24";"C";"6";"0,00";"executada";"entrada";"6";"124.115,00";"-";"-";"-"
"13585060205";"05/08/2024 / 10:38:34";"WINQ24";"C";"6";"0,00";"executada";"saída";"6";"124.114,17";"-474,17";"-0,38";"-569,00"
"13585052145";"05/08/2024 / 10:32:12";"WINQ24";"V";"6";"0,00";"executada";"entrada";"6";"123.640,00";"-";"-";"-"
"13585050570";"05/08/2024 / 10:31:05";"WINQ24";"C";"6";"0,00";"executada";"saída";"6";"123.560,00";"15,83";"0,01";"19,00"
"13585032152";"05/08/2024 / 10:13:33";"WINQ24";"V";"6";"0,00";"executada";"entrada";"6";"123.575,83";"-";"-";"-"
"13584780103";"02/08/2024 / 10:21:52";"WINQ24";"V";"6";"0,00";"executada";"saída";"6";"128.220,00";"300,00";"0,23";"360,00"
"13584765308";"02/08/2024 / 10:04:45";"WINQ24";"C";"6";"0,00";"executada";"entrada";"6";"127.920,00";"-";"-";"-"
"13584682182";"01/08/2024 / 15:38:09";"WINQ24";"V";"6";"0,00";"executada";"saída";"6";"127.685,00";"-446,67";"-0,35";"-536,00"
"13584658285";"01/08/2024 / 13:24:49";"WINQ24";"C";"6";"0,00";"executada";"entrada";"6";"128.131,67";"-";"-";"-"
"13584448400";"31/07/2024 / 10:21:51";"WINQ24";"V";"6";"0,00";"executada";"saída";"6";"127.360,00";"149,17";"0,12";"179,00"
"13584439615";"31/07/2024 / 10:03:02";"WINQ24";"C";"6";"0,00";"executada";"entrada";"6";"127.210,83";"-";"-";"-"
"13584349436";"30/07/2024 / 11:52:50";"WINQ24";"V";"6";"0,00";"executada";"saída";"6";"126.920,00";"13,33";"0,01";"16,00"
"13584341206";"30/07/2024 / 11:26:36";"WINQ24";"C";"6";"0,00";"executada";"entrada";"6";"126.906,67";"-";"-";"-"
"13584337902";"30/07/2024 / 11:17:25";"WINQ24";"C";"6";"0,00";"executada";"saída";"6";"126.850,00";"9,17";"0,01";"11,00"
"13584326362";"30/07/2024 / 10:36:46";"WINQ24";"V";"6";"0,00";"executada";"entrada";"6";"126.859,17";"-";"-";"-"
"13584251165";"29/07/2024 / 14:00:36";"WINQ24";"V";"6";"0,00";"executada";"saída";"6";"127.312,50";"7,50";"0,01";"9,00"
"13584238494";"29/07/2024 / 13:04:43";"WINQ24";"C";"6";"0,00";"executada";"entrada";"6";"127.305,00";"-";"-";"-"
"13584235359";"29/07/2024 / 12:53:58";"WINQ24";"C";"6";"0,00";"executada";"saída";"6";"127.219,17";"310,00";"0,24";"372,00"
"13584208129";"29/07/2024 / 11:07:58";"WINQ24";"V";"6";"0,00";"executada";"entrada";"6";"127.529,17";"-";"-";"-"
"13584064534";"26/07/2024 / 11:38:28";"WINQ24";"V";"6";"0,00";"executada";"saída";"6";"126.956,67";"112,50";"0,09";"135,00"
"13584044148";"26/07/2024 / 10:53:49";"WINQ24";"C";"6";"0,00";"executada";"entrada";"6";"126.844,17";"-";"-";"-"
"13583837538";"25/07/2024 / 10:30:07";"WINQ24";"V";"6";"0,00";"executada";"saída";"6";"126.305,83";"-448,33";"-0,35";"-538,00"
"13583828374";"25/07/2024 / 10:14:48";"WINQ24";"C";"6";"0,00";"executada";"entrada";"6";"126.754,17";"-";"-";"-"
"13583708996";"24/07/2024 / 11:52:58";"WINQ24";"V";"6";"0,00";"executada";"saída";"6";"127.295,00";"156,67";"0,12";"188,00"
"13583663381";"24/07/2024 / 10:07:58";"WINQ24";"C";"6";"0,00";"executada";"entrada";"6";"127.138,33";"-";"-";"-"
"13583529698";"23/07/2024 / 11:05:42";"WINQ24";"V";"6";"0,00";"executada";"saída";"6";"127.765,00";"-60,00";"-0,05";"-72,00"
"13583522519";"23/07/2024 / 10:47:11";"WINQ24";"C";"6";"0,00";"executada";"entrada";"6";"127.825,00";"-";"-";"-"
"13583519324";"23/07/2024 / 10:40:23";"WINQ24";"C";"6";"0,00";"executada";"saída";"6";"127.770,83";"342,50";"0,27";"411,00"
"13583499751";"23/07/2024 / 10:05:06";"WINQ24";"V";"6";"0,00";"executada";"entrada";"6";"128.113,33";"-";"-";"-"
"13583374971";"22/07/2024 / 11:46:07";"WINQ24";"V";"6";"0,00";"executada";"saída";"6";"128.675,00";"-105,00";"-0,08";"-126,00"
"13583370015";"22/07/2024 / 11:33:55";"WINQ24";"C";"6";"0,00";"executada";"entrada";"6";"128.780,00";"-";"-";"-"
"13583350245";"22/07/2024 / 10:50:47";"WINQ24";"V";"6";"0,00";"executada";"saída";"6";"128.310,00";"-205,00";"-0,16";"-246,00"
"13583335678";"22/07/2024 / 10:22:23";"WINQ24";"C";"6";"0,00";"executada";"entrada";"6";"128.515,00";"-";"-";"-"
"13583218632";"19/07/2024 / 12:13:46";"WINQ24";"V";"6";"0,00";"executada";"saída";"6";"128.600,00";"-459,17";"-0,36";"-551,00"
"13583188079";"19/07/2024 / 10:42:50";"WINQ24";"C";"6";"0,00";"executada";"entrada";"6";"129.059,17";"-";"-";"-"
"13583051583";"18/07/2024 / 10:40:55";"WINQ24";"C";"6";"0,00";"executada";"saída";"6";"129.786,67";"153,33";"0,12";"184,00"
"13583031055";"18/07/2024 / 10:02:45";"WINQ24";"V";"6";"0,00";"executada";"entrada";"6";"129.940,00";"-";"-";"-"
"13582977227";"17/07/2024 / 14:50:21";"WINQ24";"V";"6";"0,00";"executada";"saída";"6";"130.500,83";"5,83";"0,00";"7,00"
"13582944632";"17/07/2024 / 11:45:59";"WINQ24";"C";"6";"0,00";"executada";"entrada";"6";"130.495,00";"-";"-";"-"
"13582844832";"16/07/2024 / 13:45:50";"WINQ24";"C";"6";"0,00";"executada";"saída";"6";"129.904,17";"148,33";"0,11";"178,00"
"13582837141";"16/07/2024 / 13:10:51";"WINQ24";"V";"6";"0,00";"executada";"entrada";"6";"130.052,50";"-";"-";"-"
"13582831550";"16/07/2024 / 12:53:12";"WINQ24";"V";"6";"0,00";"executada";"saída";"6";"129.965,00";"-455,00";"-0,35";"-546,00"
"13582786429";"16/07/2024 / 10:17:12";"WINQ24";"C";"6";"0,00";"executada";"entrada";"6";"130.420,00";"-";"-";"-"
"13582711616";"15/07/2024 / 12:03:21";"WINQ24";"V";"6";"0,00";"executada";"saída";"6";"130.140,83";"157,50";"0,12";"189,00"
"13582696259";"15/07/2024 / 11:01:04";"WINQ24";"C";"6";"0,00";"executada";"entrada";"6";"129.983,33";"-";"-";"-"
"13582570992";"12/07/2024 / 10:40:43";"WINQ24";"V";"6";"0,00";"executada";"saída";"6";"129.459,17";"44,17";"0,03";"53,00"
"13582566851";"12/07/2024 / 10:32:50";"WINQ24";"C";"6";"0,00";"executada";"entrada";"6";"129.415,00";"-";"-";"-"
"13582562035";"12/07/2024 / 10:24:20";"WINQ24";"C";"6";"0,00";"executada";"saída";"6";"129.225,00";"280,00";"0,22";"336,00"
"13582554504";"12/07/2024 / 10:08:58";"WINQ24";"V";"6";"0,00";"executada";"entrada";"6";"129.505,00";"-";"-";"-"
"13582468649";"11/07/2024 / 11:40:32";"WINQ24";"V";"6";"0,00";"executada";"saída";"6";"129.025,00";"-5,00";"-0,00";"-6,00"
"13582464812";"11/07/2024 / 11:29:11";"WINQ24";"C";"6";"0,00";"executada";"entrada";"6";"129.030,00";"-";"-";"-"
"13582464535";"11/07/2024 / 11:27:44";"WINQ24";"C";"6";"0,00";"executada";"saída";"6";"128.958,33";"105,83";"0,08";"127,00"
"13582460672";"11/07/2024 / 11:15:02";"WINQ24";"V";"6";"0,00";"executada";"entrada";"6";"129.064,17";"-";"-";"-"
"13582337207";"10/07/2024 / 10:42:54";"WINQ24";"V";"6";"0,00";"executada";"saída";"6";"128.423,33";"-511,67";"-0,40";"-614,00"
"13582325998";"10/07/2024 / 10:21:03";"WINQ24";"C";"6";"0,00";"executada";"entrada";"6";"128.935,00";"-";"-";"-"
"13582269451";"09/07/2024 / 13:00:05";"WINQ24";"C";"6";"0,00";"executada";"saída";"6";"128.310,00";"-480,00";"-0,38";"-576,00"
"13582251058";"09/07/2024 / 11:14:46";"WINQ24";"V";"6";"0,00";"executada";"entrada";"6";"127.830,00";"-";"-";"-"
"13582229603";"09/07/2024 / 10:21:35";"WINQ24";"V";"6";"0,00";"executada";"saída";"6";"127.520,00";"20,00";"0,02";"24,00"
"13582223441";"09/07/2024 / 10:06:47";"WINQ24";"C";"6";"0,00";"executada";"entrada";"6";"127.500,00";"-";"-";"-"
"13582143955";"08/07/2024 / 11:39:16";"WINQ24";"C";"6";"0,00";"executada";"saída";"6";"127.065,00";"118,33";"0,09";"142,00"
"13582138191";"08/07/2024 / 11:22:42";"WINQ24";"V";"6";"0,00";"executada";"entrada";"6";"127.183,33";"-";"-";"-"
"13582120878";"08/07/2024 / 10:41:19";"WINQ24";"V";"6";"0,00";"executada";"saída";"6";"127.135,00";"41,67";"0,03";"50,00"
"13582117119";"08/07/2024 / 10:33:32";"WINQ24";"C";"6";"0,00";"executada";"entrada";"6";"127.093,33";"-";"-";"-"
"13582026044";"05/07/2024 / 10:58:18";"WINQ24";"C";"6";"0,00";"executada";"saída";"6";"127.014,17";"905,83";"0,71";"1.087,00"
"13582009295";"05/07/2024 / 10:19:44";"WINQ24";"V";"6";"0,00";"executada";"entrada";"6";"127.920,00";"-";"-";"-"
"13581906107";"04/07/2024 / 11:13:51";"WINQ24";"V";"6";"0,00";"executada";"saída";"6";"127.624,17";"27,50";"0,02";"33,00"
"13581903150";"04/07/2024 / 11:01:01";"WINQ24";"C";"6";"0,00";"executada";"entrada";"6";"127.596,67";"-";"-";"-"
"13581814746";"03/07/2024 / 12:13:02";"WINQ24";"C";"6";"0,00";"executada";"saída";"6";"127.560,00";"310,00";"0,24";"372,00"
"13581798387";"03/07/2024 / 11:25:16";"WINQ24";"V";"6";"0,00";"executada";"entrada";"6";"127.870,00";"-";"-";"-"
"13581712304";"02/07/2024 / 14:00:33";"WINQ24";"C";"6";"0,00";"executada";"saída";"6";"125.845,83";"197,50";"0,16";"237,00"
"13581700806";"02/07/2024 / 13:05:09";"WINQ24";"V";"6";"0,00";"executada";"entrada";"6";"126.043,33";"-";"-";"-"
"13581689014";"02/07/2024 / 12:07:05";"WINQ24";"C";"6";"0,00";"executada";"saída";"6";"126.486,67";"-64,17";"-0,05";"-77,00"
"13581682182";"02/07/2024 / 11:44:01";"WINQ24";"V";"6";"0,00";"executada";"entrada";"6";"126.422,50";"-";"-";"-"
"13581536789";"01/07/2024 / 10:58:09";"WINQ24";"V";"6";"0,00";"executada";"saída";"6";"126.105,00";"870,00";"0,69";"1.044,00"
"13581520737";"01/07/2024 / 10:16:58";"WINQ24";"C";"6";"0,00";"executada";"entrada";"6";"125.235,00";"-";"-";"-"
"13581519704";"01/07/2024 / 10:14:02";"WINQ24";"C";"6";"0,00";"executada";"saída";"6";"125.255,00";"166,67";"0,13";"200,00"
"13581515037";"01/07/2024 / 10:02:52";"WINQ24";"V";"6";"0,00";"executada";"entrada";"6";"125.421,67";"-";"-";"-"
"13581412891";"28/06/2024 / 11:23:14";"WINQ24";"C";"6";"0,00";"executada";"saída";"6";"125.135,00";"85,83";"0,07";"103,00"
"13581400066";"28/06/2024 / 10:46:29";"WINQ24";"V";"6";"0,00";"executada";"entrada";"6";"125.220,83";"-";"-";"-"
"13581385075";"28/06/2024 / 10:14:56";"WINQ24";"C";"6";"0,00";"executada";"saída";"6";"125.655,00";"60,00";"0,05";"72,00"
"13581377705";"28/06/2024 / 10:02:47";"WINQ24";"V";"6";"0,00";"executada";"entrada";"6";"125.715,00";"-";"-";"-"
"13581258643";"27/06/2024 / 10:34:29";"WINQ24";"V";"6";"0,00";"executada";"saída";"6";"124.930,00";"-215,83";"-0,17";"-259,00"
"13581254710";"27/06/2024 / 10:29:02";"WINQ24";"C";"6";"0,00";"executada";"entrada";"6";"125.145,83";"-";"-";"-"
"13581250377";"27/06/2024 / 10:15:51";"WINQ24";"C";"6";"0,00";"executada";"saída";"6";"124.644,17";"50,00";"0,04";"60,00"
"13581248567";"27/06/2024 / 10:10:54";"WINQ24";"V";"6";"0,00";"executada";"entrada";"6";"124.694,17";"-";"-";"-"
"13581156137";"26/06/2024 / 11:30:07";"WINQ24";"V";"6";"0,00";"executada";"saída";"6";"123.202,50";"27,50";"0,02";"33,00"
"13581144667";"26/06/2024 / 10:57:15";"WINQ24";"C";"6";"0,00";"executada";"entrada";"6";"123.175,00";"-";"-";"-"
"13581135355";"26/06/2024 / 10:34:08";"WINQ24";"C";"6";"0,00";"executada";"saída";"6";"123.239,17";"-77,50";"-0,06";"-93,00"
"13581124217";"26/06/2024 / 10:02:08";"WINQ24";"V";"6";"0,00";"executada";"entrada";"6";"123.161,67";"-";"-";"-"
"13581073184";"25/06/2024 / 14:37:08";"WINQ24";"C";"6";"0,00";"executada";"saída";"6";"123.945,00";"65,00";"0,05";"78,00"
"13581026033";"25/06/2024 / 10:43:48";"WINQ24";"V";"6";"0,00";"executada";"entrada";"6";"124.010,00";"-";"-";"-"
"13581012900";"25/06/2024 / 10:16:02";"WINQ24";"C";"6";"0,00";"executada";"saída";"6";"124.030,00";"-80,00";"-0,06";"-96,00"
"13581008828";"25/06/2024 / 10:02:44";"WINQ24";"V";"6";"0,00";"executada";"entrada";"6";"123.950,00";"-";"-";"-"
"13580958193";"24/06/2024 / 12:13:38";"WINQ24";"V";"6";"0,00";"executada";"saída";"6";"124.140,83";"-269,17";"-0,22";"-323,00"
"13580950012";"24/06/2024 / 11:14:40";"WINQ24";"C";"6";"0,00";"executada";"entrada";"6";"124.410,00";"-";"-";"-"
"13580946888";"24/06/2024 / 10:56:06";"WINQ24";"V";"6";"0,00";"executada";"saída";"6";"124.395,00";"1.135,00";"0,92";"1.362,00"
"13580929605";"24/06/2024 / 10:04:45";"WINQ24";"C";"6";"0,00";"executada";"entrada";"6";"123.260,00";"-";"-";"-"
"13580850557";"21/06/2024 / 10:45:20";"WINQ24";"V";"6";"0,00";"executada";"saída";"6";"122.359,17";"135,00";"0,11";"162,00"
"13580843072";"21/06/2024 / 10:27:39";"WINQ24";"C";"6";"0,00";"executada";"entrada";"6";"122.224,17";"-";"-";"-"
"13580840550";"21/06/2024 / 10:18:32";"WINQ24";"C";"6";"0,00";"executada";"saída";"6";"121.970,00";"-240,83";"-0,20";"-289,00"
"13580837705";"21/06/2024 / 10:07:46";"WINQ24";"V";"6";"0,00";"executada";"entrada";"6";"121.729,17";"-";"-";"-"
"13580741985";"20/06/2024 / 10:39:31";"WINQ24";"C";"6";"0,00";"executada";"saída";"6";"122.905,00";"-339,17";"-0,28";"-407,00"
"13580737973";"20/06/2024 / 10:31:09";"WINQ24";"V";"6";"0,00";"executada";"entrada";"6";"122.565,83";"-";"-";"-"
"13580733776";"20/06/2024 / 10:17:23";"WINQ24";"C";"6";"0,00";"executada";"saída";"6";"122.835,00";"123,33";"0,10";"148,00"
"13580732015";"20/06/2024 / 10:11:41";"WINQ24";"V";"6";"0,00";"executada";"entrada";"6";"122.958,33";"-";"-";"-"
"13580655763";"19/06/2024 / 12:49:01";"WINQ24";"C";"6";"0,00";"executada";"saída";"6";"121.162,50";"-345,00";"-0,29";"-414,00"
"13580632713";"19/06/2024 / 10:26:14";"WINQ24";"V";"6";"0,00";"executada";"entrada";"6";"120.817,50";"-";"-";"-"
"13580625870";"19/06/2024 / 10:03:48";"WINQ24";"C";"6";"0,00";"executada";"saída";"6";"121.100,00";"20,00";"0,02";"24,00"
"13580625538";"19/06/2024 / 10:02:41";"WINQ24";"V";"6";"0,00";"executada";"entrada";"6";"121.120,00";"-";"-";"-"
"13580538095";"18/06/2024 / 10:25:30";"WINQ24";"V";"6";"0,00";"executada";"saída";"6";"120.670,00";"-307,50";"-0,25";"-369,00"
"13580531822";"18/06/2024 / 10:09:47";"WINQ24";"C";"6";"0,00";"executada";"entrada";"6";"120.977,50";"-";"-";"-"
"13580531434";"18/06/2024 / 10:09:12";"WINQ24";"C";"6";"0,00";"executada";"saída";"6";"120.974,17";"-295,83";"-0,25";"-355,00"
"13580528038";"18/06/2024 / 10:03:43";"WINQ24";"V";"6";"0,00";"executada";"entrada";"6";"120.678,33";"-";"-";"-"
"13580444860";"17/06/2024 / 10:38:09";"WINQ24";"C";"6";"0,00";"executada";"saída";"6";"120.985,83";"-115,83";"-0,10";"-139,00"
"13580438115";"17/06/2024 / 10:16:02";"WINQ24";"V";"6";"0,00";"executada";"entrada";"6";"120.870,00";"-";"-";"-"
"13580433782";"17/06/2024 / 10:07:47";"WINQ24";"C";"6";"0,00";"executada";"saída";"6";"121.085,83";"-115,83";"-0,10";"-139,00"
"13580431609";"17/06/2024 / 10:00:47";"WINQ24";"V";"6";"0,00";"executada";"entrada";"6";"120.970,00";"-";"-";"-"
"13580350861";"14/06/2024 / 11:26:24";"WINQ24";"C";"6";"0,00";"executada";"saída";"6";"120.955,00";"-170,00";"-0,14";"-204,00"
"13580330220";"14/06/2024 / 10:26:02";"WINQ24";"V";"6";"0,00";"executada";"entrada";"6";"120.785,00";"-";"-";"-"
"13580325856";"14/06/2024 / 10:15:49";"WINQ24";"V";"6";"0,00";"executada";"saída";"6";"120.979,17";"-120,83";"-0,10";"-145,00"
"13580324983";"14/06/2024 / 10:14:39";"WINQ24";"C";"6";"0,00";"executada";"entrada";"6";"121.100,00";"-";"-";"-"
"13580223474";"13/06/2024 / 10:55:31";"WINQ24";"V";"6";"0,00";"executada";"saída";"6";"121.565,00";"-515,00";"-0,42";"-618,00"
"13580205756";"13/06/2024 / 10:15:19";"WINQ24";"C";"6";"0,00";"executada";"entrada";"6";"122.080,00";"-";"-";"-"
"13580202723";"13/06/2024 / 10:09:40";"WINQ24";"C";"6";"0,00";"executada";"saída";"6";"121.835,00";"-45,00";"-0,04";"-54,00"
"13580200808";"13/06/2024 / 10:02:39";"WINQ24";"V";"6";"0,00";"executada";"entrada";"6";"121.790,00";"-";"-";"-"
"13580057639";"12/06/2024 / 10:32:48";"WINQ24";"C";"6";"0,00";"executada";"saída";"6";"123.425,00";"415,00";"0,34";"498,00"
"13580049575";"12/06/2024 / 10:17:33";"WINQ24";"V";"6";"0,00";"executada";"entrada";"6";"123.840,00";"-";"-";"-"
"13580047251";"12/06/2024 / 10:13:21";"WINQ24";"C";"6";"0,00";"executada";"saída";"6";"124.137,50";"172,50";"0,14";"207,00"
"13580046168";"12/06/2024 / 10:10:24";"WINQ24";"V";"6";"0,00";"executada";"entrada";"6";"124.310,00";"-";"-";"-"
"13579918438";"11/06/2024 / 10:33:53";"WINM24";"V";"6";"0,00";"executada";"saída";"6";"121.095,00";"-445,83";"-0,37";"-535,00"
"13579911708";"11/06/2024 / 10:13:04";"WINM24";"C";"6";"0,00";"executada";"entrada";"6";"121.540,83";"-";"-";"-"
"13579911347";"11/06/2024 / 10:12:43";"WINM24";"C";"6";"0,00";"executada";"saída";"6";"121.510,00";"-300,00";"-0,25";"-360,00"
"13579908317";"11/06/2024 / 10:03:37";"WINM24";"V";"6";"0,00";"executada";"entrada";"6";"121.210,00";"-";"-";"-"
"13579854708";"10/06/2024 / 14:17:24";"WINM24";"V";"6";"0,00";"executada";"saída";"6";"120.948,33";"-36,67";"-0,03";"-44,00"
"13579814222";"10/06/2024 / 10:34:09";"WINM24";"C";"6";"0,00";"executada";"entrada";"6";"120.985,00";"-";"-";"-"
"13579803129";"10/06/2024 / 10:07:48";"WINM24";"C";"6";"0,00";"executada";"saída";"6";"120.636,67";"323,33";"0,27";"388,00"
"13579798714";"10/06/2024 / 10:01:38";"WINM24";"V";"6";"0,00";"executada";"entrada";"6";"120.960,00";"-";"-";"-"
"13579720550";"07/06/2024 / 10:32:18";"WINM24";"V";"6";"0,00";"executada";"saída";"6";"121.784,17";"-230,83";"-0,19";"-277,00"
"13579714563";"07/06/2024 / 10:16:35";"WINM24";"C";"6";"0,00";"executada";"entrada";"6";"122.015,00";"-";"-";"-"
"13579710700";"07/06/2024 / 10:04:41";"WINM24";"C";"6";"0,00";"executada";"saída";"6";"121.810,00";"-65,00";"-0,05";"-78,00"
"13579709826";"07/06/2024 / 10:01:40";"WINM24";"V";"6";"0,00";"executada";"entrada";"6";"121.745,00";"-";"-";"-"
"13579626751";"06/06/2024 / 13:03:18";"WINM24";"V";"6";"0,00";"executada";"saída";"6";"123.220,00";"1.255,00";"1,03";"1.506,00"
"13579586825";"06/06/2024 / 10:24:17";"WINM24";"C";"6";"0,00";"executada";"entrada";"6";"121.965,00";"-";"-";"-"
"13579581465";"06/06/2024 / 10:09:45";"WINM24";"V";"6";"0,00";"executada";"saída";"6";"121.659,17";"-6,67";"-0,01";"-8,00"
"13579579807";"06/06/2024 / 10:05:40";"WINM24";"C";"6";"0,00";"executada";"entrada";"6";"121.665,83";"-";"-";"-"
"13579439983";"05/06/2024 / 11:26:21";"WINM24";"C";"6";"0,00";"executada";"saída";"6";"121.835,00";"-300,00";"-0,25";"-360,00"
"13579435774";"05/06/2024 / 11:10:30";"WINM24";"V";"6";"0,00";"executada";"entrada";"6";"121.535,00";"-";"-";"-"
"13579418778";"05/06/2024 / 10:18:15";"WINM24";"C";"6";"0,00";"executada";"saída";"6";"121.863,33";"-17,50";"-0,01";"-21,00"
"13579415414";"05/06/2024 / 10:01:06";"WINM24";"V";"6";"0,00";"executada";"entrada";"6";"121.845,83";"-";"-";"-"
"13579335699";"04/06/2024 / 10:50:34";"WINM24";"C";"6";"0,00";"executada";"saída";"6";"121.620,00";"-10,00";"-0,01";"-12,00"
"13579325443";"04/06/2024 / 10:15:20";"WINM24";"V";"6";"0,00";"executada";"entrada";"6";"121.610,00";"-";"-";"-"
"13579322455";"04/06/2024 / 10:07:13";"WINM24";"C";"6";"0,00";"executada";"saída";"6";"121.873,33";"26,67";"0,02";"32,00"
"13579320078";"04/06/2024 / 10:01:56";"WINM24";"V";"6";"0,00";"executada";"entrada";"6";"121.900,00";"-";"-";"-"
"13579230751";"03/06/2024 / 11:19:24";"WINM24";"C";"6";"0,00";"executada";"saída";"6";"122.295,83";"-287,50";"-0,24";"-345,00"
"13579215763";"03/06/2024 / 10:47:28";"WINM24";"V";"6";"0,00";"executada";"entrada";"6";"122.008,33";"-";"-";"-"
"13579206963";"03/06/2024 / 10:21:26";"WINM24";"V";"6";"0,00";"executada";"saída";"6";"122.285,00";"-28,33";"-0,02";"-34,00"
"13579205006";"03/06/2024 / 10:14:16";"WINM24";"C";"6";"0,00";"executada";"entrada";"6";"122.313,33";"-";"-";"-"
"13579165256";"31/05/2024 / 15:08:48";"WINM24";"C";"6";"0,00";"executada";"saída";"6";"122.630,83";"-55,83";"-0,05";"-67,00"
"13579139304";"31/05/2024 / 11:24:57";"WINM24";"V";"6";"0,00";"executada";"entrada";"6";"122.575,00";"-";"-";"-"
"13579119817";"31/05/2024 / 10:05:22";"WINM24";"C";"6";"0,00";"executada";"saída";"6";"122.888,33";"60,83";"0,05";"73,00"
"13579118437";"31/05/2024 / 10:02:10";"WINM24";"V";"6";"0,00";"executada";"entrada";"6";"122.949,17";"-";"-";"-"
"13579090392";"29/05/2024 / 17:39:00";"WINM24";"C";"6";"0,00";"executada";"saída";"6";"123.160,83";"-105,83";"-0,09";"-127,00"
"13579035618";"29/05/2024 / 10:12:47";"WINM24";"V";"6";"0,00";"executada";"entrada";"6";"123.055,00";"-";"-";"-"
"13579032136";"29/05/2024 / 10:05:20";"WINM24";"C";"6";"0,00";"executada";"saída";"6";"123.365,00";"115,00";"0,09";"138,00"
"13579030069";"29/05/2024 / 10:02:14";"WINM24";"V";"6";"0,00";"executada";"entrada";"6";"123.480,00";"-";"-";"-"
"13578968048";"28/05/2024 / 11:49:01";"WINM24";"C";"6";"0,00";"executada";"saída";"6";"125.178,33";"416,67";"0,33";"500,00"
"13578942886";"28/05/2024 / 10:16:06";"WINM24";"V";"6";"0,00";"executada";"entrada";"6";"125.595,00";"-";"-";"-"
"13578939577";"28/05/2024 / 10:06:31";"WINM24";"C";"6";"0,00";"executada";"saída";"6";"125.930,00";"230,00";"0,18";"276,00"
"13578937922";"28/05/2024 / 10:01:10";"WINM24";"V";"6";"0,00";"executada";"entrada";"6";"126.160,00";"-";"-";"-"
"13578905858";"27/05/2024 / 14:02:31";"WINM24";"C";"6";"0,00";"executada";"saída";"6";"124.975,00";"-266,67";"-0,21";"-320,00"
"13578880347";"27/05/2024 / 10:33:05";"WINM24";"V";"6";"0,00";"executada";"entrada";"6";"124.708,33";"-";"-";"-"
"13578874594";"27/05/2024 / 10:10:54";"WINM24";"C";"6";"0,00";"executada";"saída";"6";"124.995,00";"-10,00";"-0,01";"-12,00"
"13578873471";"27/05/2024 / 10:07:08";"WINM24";"V";"6";"0,00";"executada";"entrada";"6";"124.985,00";"-";"-";"-"
"13578830275";"24/05/2024 / 11:39:45";"WINM24";"V";"6";"0,00";"executada";"saída";"6";"125.520,00";"-314,17";"-0,25";"-377,00"
"13578828444";"24/05/2024 / 11:32:03";"WINM24";"C";"6";"0,00";"executada";"entrada";"6";"125.834,17";"-";"-";"-"
"13578805405";"24/05/2024 / 10:10:51";"WINM24";"C";"6";"0,00";"executada";"saída";"6";"125.530,00";"-5,00";"-0,00";"-6,00"
"13578802617";"24/05/2024 / 10:04:29";"WINM24";"V";"6";"0,00";"executada";"entrada";"6";"125.525,00";"-";"-";"-"
"13578778912";"23/05/2024 / 16:50:03";"WINM24";"C";"6";"0,00";"executada";"saída";"6";"125.280,00";"600,00";"0,48";"720,00"
"13578727370";"23/05/2024 / 10:45:39";"WINM24";"V";"6";"0,00";"executada";"entrada";"6";"125.880,00";"-";"-";"-"
"13578712064";"23/05/2024 / 10:13:01";"WINM24";"C";"6";"0,00";"executada";"saída";"6";"126.225,00";"-315,00";"-0,25";"-378,00"
"13578706185";"23/05/2024 / 10:02:35";"WINM24";"V";"6";"0,00";"executada";"entrada";"6";"125.910,00";"-";"-";"-"
"13578629591";"22/05/2024 / 10:52:57";"WINM24";"C";"6";"0,00";"executada";"saída";"6";"127.335,00";"-300,00";"-0,24";"-360,00"
"13578627483";"22/05/2024 / 10:43:46";"WINM24";"V";"6";"0,00";"executada";"entrada";"6";"127.035,00";"-";"-";"-"
"13578617674";"22/05/2024 / 10:07:48";"WINM24";"V";"6";"0,00";"executada";"saída";"6";"127.320,83";"-9,17";"-0,01";"-11,00"
"13578616177";"22/05/2024 / 10:03:32";"WINM24";"C";"6";"0,00";"executada";"entrada";"6";"127.330,00";"-";"-";"-"
"13578546138";"21/05/2024 / 10:47:04";"WINM24";"C";"6";"0,00";"executada";"saída";"6";"128.610,00";"15,00";"0,01";"18,00"
"13578535992";"21/05/2024 / 10:21:49";"WINM24";"V";"6";"0,00";"executada";"entrada";"6";"128.625,00";"-";"-";"-"
"13578535182";"21/05/2024 / 10:20:15";"WINM24";"V";"6";"0,00";"executada";"saída";"6";"128.475,00";"98,33";"0,08";"118,00"
"13578523732";"21/05/2024 / 10:01:23";"WINM24";"C";"6";"0,00";"executada";"entrada";"6";"128.376,67";"-";"-";"-"
"13578449408";"20/05/2024 / 11:09:18";"WINM24";"C";"6";"0,00";"executada";"saída";"6";"128.600,00";"-360,00";"-0,28";"-432,00"
"13578442787";"20/05/2024 / 10:36:05";"WINM24";"V";"6";"0,00";"executada";"entrada";"6";"128.240,00";"-";"-";"-"
"13578438648";"20/05/2024 / 10:27:18";"WINM24";"C";"6";"0,00";"executada";"saída";"6";"128.525,00";"40,00";"0,03";"48,00"
"13578428390";"20/05/2024 / 09:51:11";"WINM24";"V";"6";"0,00";"executada";"entrada";"6";"128.565,00";"-";"-";"-"
"13578355890";"17/05/2024 / 10:37:05";"WINM24";"V";"6";"0,00";"executada";"saída";"6";"128.700,00";"-450,00";"-0,35";"-540,00"
"13578345628";"17/05/2024 / 10:15:46";"WINM24";"C";"6";"0,00";"executada";"entrada";"6";"129.150,00";"-";"-";"-"
"13578345368";"17/05/2024 / 10:15:37";"WINM24";"C";"6";"0,00";"executada";"saída";"6";"129.100,00";"-285,00";"-0,22";"-342,00"
"13578330780";"17/05/2024 / 09:30:22";"WINM24";"V";"6";"0,00";"executada";"entrada";"6";"128.815,00";"-";"-";"-"
"13578146994";"15/05/2024 / 11:06:03";"WINM24";"V";"6";"0,00";"executada";"saída";"6";"128.020,00";"2,08";"0,00";"2,50"
"13578137337";"15/05/2024 / 10:41:04";"WINM24";"C";"6";"0,00";"executada";"entrada";"6";"128.015,83";"-";"-";"-"
"13578091691";"15/05/2024 / 09:29:19";"WINM24";"C";"6";"0,00";"executada";"saída";"6";"128.160,00";"-242,92";"-0,19";"-291,50"
"13578088776";"15/05/2024 / 09:25:08";"WINM24";"V";"6";"0,00";"executada";"entrada";"6";"127.929,17";"-";"-";"-"
"13579294172";"14/05/2024 / 09:59:54";"WINM24";"V";"6";"129.010,00";"executada";"saída";"6";"129.010,00";"-300,00";"-0,23";"-360,00"
"13579294171";"14/05/2024 / 09:42:57";"WINM24";"C";"6";"129.310,00";"executada";"entrada";"6";"129.310,00";"-";"-";"-"
"13579294170";"14/05/2024 / 09:37:17";"WINM24";"C";"6";"129.005,00";"executada";"saída";"6";"129.005,00";"0,00";"0,00";"0,00"
"13579294169";"14/05/2024 / 09:21:57";"WINM24";"V";"6";"129.005,00";"executada";"entrada";"6";"129.005,00";"-";"-";"-"
"13579294168";"13/05/2024 / 11:32:17";"WINM24";"V";"6";"129.520,00";"executada";"saída";"6";"129.520,00";"375,00";"0,29";"450,00"
"13579294167";"13/05/2024 / 10:16:55";"WINM24";"C";"6";"129.145,00";"executada";"entrada";"6";"129.145,00";"-";"-";"-"
"13579294166";"13/05/2024 / 09:45:39";"WINM24";"C";"6";"128.920,00";"executada";"saída";"6";"128.920,00";"-75,00";"-0,06";"-90,00"
"13579294165";"13/05/2024 / 09:41:39";"WINM24";"V";"6";"128.845,00";"executada";"entrada";"6";"128.845,00";"-";"-";"-"
"13579294164";"10/05/2024 / 13:08:21";"WINM24";"C";"6";"128.795,00";"executada";"saída";"6";"128.795,00";"600,00";"0,46";"720,00"
"13579294163";"10/05/2024 / 11:21:54";"WINM24";"V";"6";"129.395,00";"executada";"entrada";"6";"129.395,00";"-";"-";"-"
"13579294162";"10/05/2024 / 09:59:12";"WINM24";"V";"6";"129.335,00";"executada";"saída";"6";"129.335,00";"-300,00";"-0,23";"-360,00"
"13579294161";"10/05/2024 / 09:43:26";"WINM24";"C";"6";"129.635,00";"executada";"entrada";"6";"129.635,00";"-";"-";"-"
"13579294160";"09/05/2024 / 12:54:38";"WINM24";"V";"6";"128.650,00";"executada";"saída";"6";"128.650,00";"-300,00";"-0,23";"-360,00"
"13579294159";"09/05/2024 / 12:13:47";"WINM24";"C";"6";"128.950,00";"executada";"entrada";"6";"128.950,00";"-";"-";"-"
"13579294158";"09/05/2024 / 11:18:55";"WINM24";"C";"6";"128.670,00";"executada";"saída";"6";"128.670,00";"600,00";"0,46";"720,00"
"13579294157";"09/05/2024 / 09:16:06";"WINM24";"V";"6";"129.270,00";"executada";"entrada";"6";"129.270,00";"-";"-";"-"
"13579294156";"08/05/2024 / 11:51:32";"WINM24";"V";"6";"130.125,00";"executada";"saída";"6";"130.125,00";"400,00";"0,31";"480,00"
"13579294155";"08/05/2024 / 10:34:44";"WINM24";"C";"6";"129.725,00";"executada";"entrada";"6";"129.725,00";"-";"-";"-"
"13579294154";"08/05/2024 / 10:32:06";"WINM24";"C";"6";"129.590,00";"executada";"saída";"6";"129.590,00";"10,00";"0,01";"12,00"
"13579294153";"08/05/2024 / 09:20:43";"WINM24";"V";"6";"129.600,00";"executada";"entrada";"6";"129.600,00";"-";"-";"-"
"13579294152";"07/05/2024 / 11:00:02";"WINM24";"V";"6";"130.330,00";"executada";"saída";"6";"130.330,00";"0,00";"0,00";"0,00"
"13579294151";"07/05/2024 / 10:36:05";"WINM24";"C";"6";"130.330,00";"executada";"entrada";"6";"130.330,00";"-";"-";"-"
"13579294150";"07/05/2024 / 09:53:09";"WINM24";"C";"6";"130.035,00";"executada";"saída";"6";"130.035,00";"-300,00";"-0,23";"-360,00"
"13579294149";"07/05/2024 / 09:18:03";"WINM24";"V";"6";"129.735,00";"executada";"entrada";"6";"129.735,00";"-";"-";"-"
"13579294148";"06/05/2024 / 12:24:35";"WINM24";"V";"6";"130.135,00";"executada";"saída";"6";"130.135,00";"240,00";"0,18";"288,00"
"13579294147";"06/05/2024 / 10:31:48";"WINM24";"C";"6";"129.895,00";"executada";"entrada";"6";"129.895,00";"-";"-";"-"
"13579294146";"06/05/2024 / 10:29:47";"WINM24";"C";"6";"129.785,00";"executada";"saída";"6";"129.785,00";"-190,00";"-0,15";"-228,00"
"13579294145";"06/05/2024 / 09:27:03";"WINM24";"V";"6";"129.595,00";"executada";"entrada";"6";"129.595,00";"-";"-";"-"
"13579294144";"03/05/2024 / 17:10:41";"WINM24";"C";"6";"130.045,00";"executada";"saída";"6";"130.045,00";"-300,00";"-0,23";"-360,00"
"13579294143";"03/05/2024 / 11:04:30";"WINM24";"V";"6";"129.745,00";"executada";"entrada";"6";"129.745,00";"-";"-";"-"
"13579294142";"03/05/2024 / 10:07:46";"WINM24";"V";"6";"129.880,00";"executada";"saída";"6";"129.880,00";"0,00";"0,00";"0,00"
"13579294141";"03/05/2024 / 09:49:58";"WINM24";"C";"6";"129.880,00";"executada";"entrada";"6";"129.880,00";"-";"-";"-"
"13579294140";"02/05/2024 / 11:48:01";"WINM24";"C";"6";"128.385,00";"executada";"saída";"6";"128.385,00";"40,00";"0,03";"48,00"
"13579294139";"02/05/2024 / 10:34:25";"WINM24";"V";"6";"128.425,00";"executada";"entrada";"6";"128.425,00";"-";"-";"-"
"13579294138";"02/05/2024 / 10:17:43";"WINM24";"C";"6";"128.725,00";"executada";"saída";"6";"128.725,00";"-40,00";"-0,03";"-48,00"
"13579294137";"02/05/2024 / 10:15:48";"WINM24";"V";"6";"128.685,00";"executada";"entrada";"6";"128.685,00";"-";"-";"-"
"13579294136";"30/04/2024 / 15:11:53";"WINM24";"C";"6";"127.415,00";"executada";"saída";"6";"127.415,00";"1.000,00";"0,78";"1.200,00"
"13579294135";"30/04/2024 / 09:29:10";"WINM24";"V";"6";"128.415,00";"executada";"entrada";"6";"128.415,00";"-";"-";"-"
"13579294134";"29/04/2024 / 14:10:23";"WINM24";"C";"6";"128.545,00";"executada";"saída";"6";"128.545,00";"-400,00";"-0,31";"-480,00"
"13579294133";"29/04/2024 / 12:03:30";"WINM24";"V";"6";"128.145,00";"executada";"entrada";"6";"128.145,00";"-";"-";"-"
"13579294132";"29/04/2024 / 09:57:58";"WINM24";"V";"6";"127.945,00";"executada";"saída";"6";"127.945,00";"100,00";"0,08";"120,00"
"13579294131";"29/04/2024 / 09:31:55";"WINM24";"C";"6";"127.845,00";"executada";"entrada";"6";"127.845,00";"-";"-";"-"
"13579294130";"26/04/2024 / 11:06:17";"WINM24";"V";"6";"127.625,00";"executada";"saída";"6";"127.625,00";"210,00";"0,16";"252,00"
"13579294129";"26/04/2024 / 10:31:00";"WINM24";"C";"6";"127.415,00";"executada";"entrada";"6";"127.415,00";"-";"-";"-"
"13579294128";"26/04/2024 / 10:07:52";"WINM24";"V";"6";"126.815,00";"executada";"saída";"6";"126.815,00";"400,00";"0,32";"480,00"
"13579294127";"26/04/2024 / 09:24:17";"WINM24";"C";"6";"126.415,00";"executada";"entrada";"6";"126.415,00";"-";"-";"-"
"13579294126";"25/04/2024 / 10:58:35";"WINM24";"C";"6";"125.260,00";"executada";"saída";"6";"125.260,00";"735,00";"0,58";"882,00"
"13579294125";"25/04/2024 / 09:51:19";"WINM24";"V";"6";"125.995,00";"executada";"entrada";"6";"125.995,00";"-";"-";"-"
"13579294124";"25/04/2024 / 09:48:11";"WINM24";"V";"6";"126.060,00";"executada";"saída";"6";"126.060,00";"-535,00";"-0,42";"-642,00"
"13579294123";"25/04/2024 / 09:35:46";"WINM24";"C";"6";"126.595,00";"executada";"entrada";"6";"126.595,00";"-";"-";"-"
"13579294122";"24/04/2024 / 13:49:04";"WINM24";"C";"6";"126.425,00";"executada";"saída";"6";"126.425,00";"75,00";"0,06";"90,00"
"13579294121";"24/04/2024 / 10:47:02";"WINM24";"V";"6";"126.500,00";"executada";"entrada";"6";"126.500,00";"-";"-";"-"
"13579294120";"24/04/2024 / 10:42:03";"WINM24";"V";"6";"126.725,00";"executada";"saída";"6";"126.725,00";"-375,00";"-0,30";"-450,00"
"13579294119";"24/04/2024 / 09:20:07";"WINM24";"C";"6";"127.100,00";"executada";"entrada";"6";"127.100,00";"-";"-";"-"
"13579294118";"23/04/2024 / 14:44:46";"WINM24";"V";"6";"127.115,00";"executada";"saída";"6";"127.115,00";"930,00";"0,74";"1.116,00"
"13579294117";"23/04/2024 / 10:46:07";"WINM24";"C";"6";"126.185,00";"executada";"entrada";"6";"126.185,00";"-";"-";"-"
"13579294116";"23/04/2024 / 10:42:14";"WINM24";"C";"6";"125.915,00";"executada";"saída";"6";"125.915,00";"420,00";"0,33";"504,00"
"13579294115";"23/04/2024 / 09:41:10";"WINM24";"V";"6";"126.335,00";"executada";"entrada";"6";"126.335,00";"-";"-";"-"
"13579294114";"22/04/2024 / 11:03:34";"WINM24";"C";"6";"126.405,00";"executada";"saída";"6";"126.405,00";"0,00";"0,00";"0,00"
"13579294113";"22/04/2024 / 10:31:40";"WINM24";"V";"6";"126.405,00";"executada";"entrada";"6";"126.405,00";"-";"-";"-"
"13579294112";"22/04/2024 / 10:10:52";"WINM24";"V";"6";"126.705,00";"executada";"saída";"6";"126.705,00";"-300,00";"-0,24";"-360,00"
"13579294111";"22/04/2024 / 09:34:22";"WINM24";"C";"6";"127.005,00";"executada";"entrada";"6";"127.005,00";"-";"-";"-"
"13579294110";"19/04/2024 / 12:22:44";"WINM24";"V";"6";"126.780,00";"executada";"saída";"6";"126.780,00";"340,00";"0,27";"408,00"
"13579294109";"19/04/2024 / 10:31:48";"WINM24";"C";"6";"126.440,00";"executada";"entrada";"6";"126.440,00";"-";"-";"-"
"13579294108";"19/04/2024 / 10:08:00";"WINM24";"V";"6";"125.825,00";"executada";"saída";"6";"125.825,00";"-265,00";"-0,21";"-318,00"
"13579294107";"19/04/2024 / 09:37:56";"WINM24";"C";"6";"126.090,00";"executada";"entrada";"6";"126.090,00";"-";"-";"-"
"13579294106";"18/04/2024 / 10:40:32";"WINM24";"V";"6";"126.010,00";"executada";"saída";"6";"126.010,00";"-135,00";"-0,11";"-162,00"
"13579294105";"18/04/2024 / 09:56:23";"WINM24";"C";"6";"126.145,00";"executada";"entrada";"6";"126.145,00";"-";"-";"-"
"13579294104";"18/04/2024 / 09:45:37";"WINM24";"C";"6";"125.765,00";"executada";"saída";"6";"125.765,00";"-220,00";"-0,18";"-264,00"
"13579294103";"18/04/2024 / 09:23:35";"WINM24";"V";"6";"125.545,00";"executada";"entrada";"6";"125.545,00";"-";"-";"-"
"13579294102";"17/04/2024 / 11:11:00";"WINM24";"C";"6";"126.155,00";"executada";"saída";"6";"126.155,00";"470,00";"0,37";"564,00"
"13579294101";"17/04/2024 / 10:20:10";"WINM24";"V";"6";"126.625,00";"executada";"entrada";"6";"126.625,00";"-";"-";"-"
"13579294100";"17/04/2024 / 10:11:30";"WINM24";"V";"6";"126.855,00";"executada";"saída";"6";"126.855,00";"295,00";"0,23";"354,00"
"13579294099";"17/04/2024 / 09:33:34";"WINM24";"C";"6";"126.560,00";"executada";"entrada";"6";"126.560,00";"-";"-";"-"
"13579294098";"16/04/2024 / 13:29:18";"WINJ24";"V";"6";"124.795,00";"executada";"saída";"6";"124.795,00";"660,00";"0,53";"792,00"
"13579294097";"16/04/2024 / 10:58:27";"WINJ24";"C";"6";"124.135,00";"executada";"entrada";"6";"124.135,00";"-";"-";"-"
"13579294096";"16/04/2024 / 10:37:16";"WINJ24";"C";"6";"124.195,00";"executada";"saída";"6";"124.195,00";"240,00";"0,19";"288,00"
"13579294095";"16/04/2024 / 09:36:48";"WINJ24";"V";"6";"124.435,00";"executada";"entrada";"6";"124.435,00";"-";"-";"-"
"13579294094";"15/04/2024 / 14:32:36";"WINJ24";"C";"6";"125.125,00";"executada";"saída";"6";"125.125,00";"560,00";"0,45";"672,00"
"13579294093";"15/04/2024 / 10:10:32";"WINJ24";"V";"6";"125.685,00";"executada";"entrada";"6";"125.685,00";"-";"-";"-"
"13579294092";"15/04/2024 / 09:45:34";"WINJ24";"V";"6";"126.135,00";"executada";"saída";"6";"126.135,00";"35,00";"0,03";"42,00"
"13579294091";"15/04/2024 / 09:30:01";"WINJ24";"C";"6";"126.100,00";"executada";"entrada";"6";"126.100,00";"-";"-";"-"
"13579294090";"12/04/2024 / 16:32:42";"WINJ24";"C";"6";"126.015,00";"executada";"saída";"6";"126.015,00";"1.030,00";"0,81";"1.236,00"
"13579294089";"12/04/2024 / 11:56:33";"WINJ24";"V";"6";"127.045,00";"executada";"entrada";"6";"127.045,00";"-";"-";"-"
"13579294088";"12/04/2024 / 11:45:41";"WINJ24";"V";"6";"127.080,00";"executada";"saída";"6";"127.080,00";"-450,00";"-0,35";"-540,00"
"13579294087";"12/04/2024 / 09:32:24";"WINJ24";"C";"6";"127.530,00";"executada";"entrada";"6";"127.530,00";"-";"-";"-"
"13579294086";"11/04/2024 / 11:45:23";"WINJ24";"C";"6";"127.505,00";"executada";"saída";"6";"127.505,00";"160,00";"0,13";"192,00"
"13579294085";"11/04/2024 / 11:05:16";"WINJ24";"V";"6";"127.665,00";"executada";"entrada";"6";"127.665,00";"-";"-";"-"
"13579294084";"11/04/2024 / 10:24:41";"WINJ24";"C";"6";"127.940,00";"executada";"saída";"6";"127.940,00";"-70,00";"-0,05";"-84,00"
"13579294083";"11/04/2024 / 09:36:32";"WINJ24";"V";"6";"127.870,00";"executada";"entrada";"6";"127.870,00";"-";"-";"-"
"13579294082";"10/04/2024 / 14:09:33";"WINJ24";"C";"6";"128.285,00";"executada";"saída";"6";"128.285,00";"710,00";"0,55";"852,00"
"13579294081";"10/04/2024 / 11:31:39";"WINJ24";"V";"6";"128.995,00";"executada";"entrada";"6";"128.995,00";"-";"-";"-"
"13579294080";"10/04/2024 / 10:34:47";"WINJ24";"C";"6";"129.360,00";"executada";"saída";"6";"129.360,00";"-190,00";"-0,15";"-228,00"
"13579294079";"10/04/2024 / 10:24:44";"WINJ24";"V";"6";"129.170,00";"executada";"entrada";"6";"129.170,00";"-";"-";"-"
"13579294078";"09/04/2024 / 14:34:24";"WINJ24";"C";"6";"129.760,00";"executada";"saída";"6";"129.760,00";"-85,00";"-0,07";"-102,00"
"13579294077";"09/04/2024 / 10:38:34";"WINJ24";"V";"6";"129.675,00";"executada";"entrada";"6";"129.675,00";"-";"-";"-"
"13579294076";"09/04/2024 / 10:08:26";"WINJ24";"V";"6";"129.765,00";"executada";"saída";"6";"129.765,00";"90,00";"0,07";"108,00"
"13579294075";"09/04/2024 / 09:18:33";"WINJ24";"C";"6";"129.675,00";"executada";"entrada";"6";"129.675,00";"-";"-";"-"
"13579294074";"08/04/2024 / 11:12:10";"WINJ24";"V";"6";"128.305,00";"executada";"saída";"6";"128.305,00";"235,00";"0,18";"282,00"
"13579294073";"08/04/2024 / 10:34:40";"WINJ24";"C";"6";"128.070,00";"executada";"entrada";"6";"128.070,00";"-";"-";"-"
"13579294072";"08/04/2024 / 10:14:02";"WINJ24";"V";"6";"127.415,00";"executada";"saída";"6";"127.415,00";"130,00";"0,10";"156,00"
"13579294071";"08/04/2024 / 09:26:00";"WINJ24";"C";"6";"127.285,00";"executada";"entrada";"6";"127.285,00";"-";"-";"-"
"13579294070";"05/04/2024 / 11:58:37";"WINJ24";"C";"6";"127.165,00";"executada";"saída";"6";"127.165,00";"235,00";"0,18";"282,00"
"13579294069";"05/04/2024 / 10:38:24";"WINJ24";"V";"6";"127.400,00";"executada";"entrada";"6";"127.400,00";"-";"-";"-"
"13579294068";"05/04/2024 / 09:41:06";"WINJ24";"C";"6";"127.910,00";"executada";"saída";"6";"127.910,00";"-60,00";"-0,05";"-72,00"
"13579294067";"05/04/2024 / 09:40:07";"WINJ24";"V";"6";"127.850,00";"executada";"entrada";"6";"127.850,00";"-";"-";"-"
"13579294066";"04/04/2024 / 12:12:34";"WINJ24";"C";"6";"129.360,00";"executada";"saída";"6";"129.360,00";"305,00";"0,24";"366,00"
"13579294065";"04/04/2024 / 11:03:10";"WINJ24";"V";"6";"129.665,00";"executada";"entrada";"6";"129.665,00";"-";"-";"-"
"13579294064";"04/04/2024 / 10:17:50";"WINJ24";"V";"6";"128.880,00";"executada";"saída";"6";"128.880,00";"890,00";"0,70";"1.068,00"
"13579294063";"04/04/2024 / 09:55:52";"WINJ24";"C";"6";"127.990,00";"executada";"entrada";"6";"127.990,00";"-";"-";"-"
"13579294062";"03/04/2024 / 11:44:10";"WINJ24";"C";"6";"126.840,00";"executada";"saída";"6";"126.840,00";"435,00";"0,34";"522,00"
"13579294061";"03/04/2024 / 10:43:44";"WINJ24";"V";"6";"127.275,00";"executada";"entrada";"6";"127.275,00";"-";"-";"-"
"13579294060";"03/04/2024 / 10:04:39";"WINJ24";"C";"6";"127.875,00";"executada";"saída";"6";"127.875,00";"-115,00";"-0,09";"-138,00"
"13579294059";"03/04/2024 / 09:20:39";"WINJ24";"V";"6";"127.760,00";"executada";"entrada";"6";"127.760,00";"-";"-";"-"
"13579294058";"02/04/2024 / 11:21:49";"WINJ24";"V";"6";"127.420,00";"executada";"saída";"6";"127.420,00";"-280,00";"-0,22";"-336,00"
"13579294057";"02/04/2024 / 10:39:36";"WINJ24";"C";"6";"127.700,00";"executada";"entrada";"6";"127.700,00";"-";"-";"-"
"13579294056";"02/04/2024 / 09:54:57";"WINJ24";"C";"6";"127.420,00";"executada";"saída";"6";"127.420,00";"-20,00";"-0,02";"-24,00"
"13579294055";"02/04/2024 / 09:22:52";"WINJ24";"V";"6";"127.400,00";"executada";"entrada";"6";"127.400,00";"-";"-";"-"
"13579294054";"01/04/2024 / 14:22:05";"WINJ24";"C";"6";"127.400,00";"executada";"saída";"6";"127.400,00";"1.520,00";"1,18";"1.824,00"
"13579294053";"01/04/2024 / 10:32:14";"WINJ24";"V";"6";"128.920,00";"executada";"entrada";"6";"128.920,00";"-";"-";"-"
"13579294052";"01/04/2024 / 10:11:40";"WINJ24";"V";"6";"128.900,00";"executada";"saída";"6";"128.900,00";"-10,00";"-0,01";"-12,00"
"13579294051";"01/04/2024 / 09:42:39";"WINJ24";"C";"6";"128.910,00";"executada";"entrada";"6";"128.910,00";"-";"-";"-"
"13579294050";"28/03/2024 / 13:35:18";"WINJ24";"V";"6";"128.675,00";"executada";"saída";"6";"128.675,00";"60,00";"0,05";"72,00"
"13579294049";"28/03/2024 / 11:00:00";"WINJ24";"C";"6";"128.615,00";"executada";"entrada";"6";"128.615,00";"-";"-";"-"
"13579294048";"28/03/2024 / 10:04:11";"WINJ24";"C";"6";"128.130,00";"executada";"saída";"6";"128.130,00";"-250,00";"-0,20";"-300,00"
"13579294047";"28/03/2024 / 09:32:08";"WINJ24";"V";"6";"127.880,00";"executada";"entrada";"6";"127.880,00";"-";"-";"-"
"13579294046";"27/03/2024 / 15:34:02";"WINJ24";"V";"6";"127.970,00";"executada";"saída";"6";"127.970,00";"325,00";"0,25";"390,00"
"13579294045";"27/03/2024 / 12:40:39";"WINJ24";"C";"6";"127.645,00";"executada";"entrada";"6";"127.645,00";"-";"-";"-"
"13579294044";"27/03/2024 / 10:35:21";"WINJ24";"C";"6";"127.370,00";"executada";"saída";"6";"127.370,00";"-25,00";"-0,02";"-30,00"
"13579294043";"27/03/2024 / 09:20:47";"WINJ24";"V";"6";"127.345,00";"executada";"entrada";"6";"127.345,00";"-";"-";"-"
"13579294042";"26/03/2024 / 17:18:34";"WINJ24";"C";"6";"127.645,00";"executada";"saída";"6";"127.645,00";"-105,00";"-0,08";"-126,00"
"13579294041";"26/03/2024 / 11:34:47";"WINJ24";"V";"6";"127.540,00";"executada";"entrada";"6";"127.540,00";"-";"-";"-"
"13579294040";"26/03/2024 / 10:23:03";"WINJ24";"C";"6";"127.390,00";"executada";"saída";"6";"127.390,00";"-120,00";"-0,09";"-144,00"
"13579294039";"26/03/2024 / 09:18:27";"WINJ24";"V";"6";"127.270,00";"executada";"entrada";"6";"127.270,00";"-";"-";"-"
"13579294038";"25/03/2024 / 17:40:37";"WINJ24";"C";"6";"127.615,00";"executada";"saída";"6";"127.615,00";"35,00";"0,03";"42,00"
"13579294037";"25/03/2024 / 14:26:09";"WINJ24";"V";"6";"127.650,00";"executada";"entrada";"6";"127.650,00";"-";"-";"-"
"13579294036";"25/03/2024 / 12:02:36";"WINJ24";"C";"6";"127.640,00";"executada";"saída";"6";"127.640,00";"-75,00";"-0,06";"-90,00"
"13579294035";"25/03/2024 / 11:53:20";"WINJ24";"V";"6";"127.565,00";"executada";"entrada";"6";"127.565,00";"-";"-";"-"
"13579294034";"25/03/2024 / 10:30:31";"WINJ24";"C";"6";"127.545,00";"executada";"saída";"6";"127.545,00";"115,00";"0,09";"138,00"
"13579294033";"25/03/2024 / 09:40:31";"WINJ24";"V";"6";"127.660,00";"executada";"entrada";"6";"127.660,00";"-";"-";"-"
"13579294032";"22/03/2024 / 17:57:55";"WINJ24";"C";"6";"127.790,00";"executada";"saída";"6";"127.790,00";"540,00";"0,42";"648,00"
"13579294031";"22/03/2024 / 11:10:55";"WINJ24";"V";"6";"128.330,00";"executada";"entrada";"6";"128.330,00";"-";"-";"-"
"13579294030";"22/03/2024 / 10:21:57";"WINJ24";"C";"6";"128.700,00";"executada";"saída";"6";"128.700,00";"-160,00";"-0,12";"-192,00"
"13579294029";"22/03/2024 / 09:35:55";"WINJ24";"V";"6";"128.540,00";"executada";"entrada";"6";"128.540,00";"-";"-";"-"
"13579294028";"21/03/2024 / 13:58:52";"WINJ24";"C";"6";"129.230,00";"executada";"saída";"6";"129.230,00";"400,00";"0,31";"480,00"
"13579294027";"21/03/2024 / 10:37:26";"WINJ24";"V";"6";"129.630,00";"executada";"entrada";"6";"129.630,00";"-";"-";"-"
"13579294026";"21/03/2024 / 09:53:34";"WINJ24";"V";"6";"130.055,00";"executada";"saída";"6";"130.055,00";"-175,00";"-0,13";"-210,00"
"13579294025";"21/03/2024 / 09:20:39";"WINJ24";"C";"6";"130.230,00";"executada";"entrada";"6";"130.230,00";"-";"-";"-"
"13579294024";"20/03/2024 / 10:19:46";"WINJ24";"V";"6";"128.590,00";"executada";"saída";"6";"128.590,00";"-170,00";"-0,13";"-204,00"
"13579294023";"20/03/2024 / 10:15:46";"WINJ24";"C";"6";"128.760,00";"executada";"entrada";"6";"128.760,00";"-";"-";"-"
"13579294022";"20/03/2024 / 09:29:26";"WINJ24";"C";"6";"128.590,00";"executada";"saída";"6";"128.590,00";"-255,00";"-0,20";"-306,00"
"13579294021";"20/03/2024 / 09:17:25";"WINJ24";"V";"6";"128.335,00";"executada";"entrada";"6";"128.335,00";"-";"-";"-"
"13579294020";"19/03/2024 / 14:37:52";"WINJ24";"V";"6";"128.910,00";"executada";"saída";"6";"128.910,00";"1.135,00";"0,89";"1.362,00"
"13579294019";"19/03/2024 / 09:27:14";"WINJ24";"C";"6";"127.775,00";"executada";"entrada";"6";"127.775,00";"-";"-";"-"
"13579294018";"18/03/2024 / 10:39:59";"WINJ24";"V";"6";"128.230,00";"executada";"saída";"6";"128.230,00";"0,00";"0,00";"0,00"
"13579294017";"18/03/2024 / 09:23:54";"WINJ24";"C";"6";"128.230,00";"executada";"entrada";"6";"128.230,00";"-";"-";"-"
"13579294016";"15/03/2024 / 13:23:32";"WINJ24";"C";"6";"127.680,00";"executada";"saída";"6";"127.680,00";"1.170,00";"0,91";"1.404,00"
"13579294015";"15/03/2024 / 10:21:10";"WINJ24";"V";"6";"128.850,00";"executada";"entrada";"6";"128.850,00";"-";"-";"-"
"13579294014";"15/03/2024 / 10:08:37";"WINJ24";"V";"6";"128.880,00";"executada";"saída";"6";"128.880,00";"40,00";"0,03";"48,00"
"13579294013";"15/03/2024 / 09:33:41";"WINJ24";"C";"6";"128.840,00";"executada";"entrada";"6";"128.840,00";"-";"-";"-"
"13579294012";"14/03/2024 / 16:51:22";"WINJ24";"C";"6";"128.760,00";"executada";"saída";"6";"128.760,00";"150,00";"0,12";"180,00"
"13579294011";"14/03/2024 / 15:49:57";"WINJ24";"V";"6";"128.910,00";"executada";"entrada";"6";"128.910,00";"-";"-";"-"
"13579294010";"14/03/2024 / 15:34:30";"WINJ24";"C";"6";"128.885,00";"executada";"saída";"6";"128.885,00";"-85,00";"-0,07";"-102,00"
"13579294009";"14/03/2024 / 13:17:01";"WINJ24";"V";"6";"128.800,00";"executada";"entrada";"6";"128.800,00";"-";"-";"-"
"13579294008";"14/03/2024 / 11:20:47";"WINJ24";"C";"6";"129.100,00";"executada";"saída";"6";"129.100,00";"-445,00";"-0,35";"-534,00"
"13579294007";"14/03/2024 / 10:48:29";"WINJ24";"V";"6";"128.655,00";"executada";"entrada";"6";"128.655,00";"-";"-";"-"
"13579294006";"14/03/2024 / 09:51:16";"WINJ24";"V";"6";"129.185,00";"executada";"saída";"6";"129.185,00";"-70,00";"-0,05";"-84,00"
"13579294005";"14/03/2024 / 09:37:48";"WINJ24";"C";"6";"129.255,00";"executada";"entrada";"6";"129.255,00";"-";"-";"-"
"13579294004";"13/03/2024 / 15:58:26";"WINJ24";"V";"6";"129.330,00";"executada";"saída";"6";"129.330,00";"135,00";"0,10";"162,00"
"13579294003";"13/03/2024 / 12:09:25";"WINJ24";"C";"6";"129.195,00";"executada";"entrada";"6";"129.195,00";"-";"-";"-"
