#;Data/Hora;Ativo;C/V;Quantidade;Preço limite;Status;Tipo;Quantidade executada;Preço médio;Resultado (Abs.);Resultado %;Resultado (R$)
"13655165330";"21/09/2026 / 12:43:09";"WINV26";"V";"1";"0,00";"executada";"saída";"1";"187.625,00";"105,00";"0,06";"21,00"
"13655165025";"21/09/2026 / 12:42:18";"WINV26";"C";"1";"0,00";"executada";"entrada";"1";"187.520,00";"-";"-";"-"
"13654989520";"18/09/2026 / 12:44:57";"WINV26";"C";"1";"0,00";"executada";"saída";"1";"186.320,00";"60,00";"0,03";"12,00"
"13654989406";"18/09/2026 / 12:44:31";"WINV26";"V";"1";"0,00";"executada";"entrada";"1";"186.380,00";"-";"-";"-"
"13654878763";"17/09/2026 / 12:45:18";"WINV26";"C";"1";"0,00";"executada";"saída";"1";"187.895,00";"100,00";"0,05";"20,00"
"13654877900";"17/09/2026 / 12:42:01";"WINV26";"V";"1";"0,00";"executada";"entrada";"1";"187.995,00";"-";"-";"-"
"13654732914";"16/09/2026 / 12:44:43";"WINV26";"C";"2";"0,00";"executada";"saída";"2";"188.375,00";"30,00";"0,02";"12,00"
"13654732629";"16/09/2026 / 12:43:10";"WINV26";"V";"1";"0,00";"executada";"entrada";"1";"188.500,00";"-";"-";"-"
"13654732019";"16/09/2026 / 12:42:01";"WINV26";"V";"1";"0,00";"executada";"entrada";"1";"188.310,00";"-";"-";"-"
"13654514114";"14/09/2026 / 12:46:04";"WINV26";"C";"2";"0,00";"executada";"saída";"2";"187.357,50";"82,50";"0,04";"33,00"
"13654513613";"14/09/2026 / 12:44:17";"WINV26";"V";"1";"0,00";"executada";"entrada";"1";"187.530,00";"-";"-";"-"
"13654513155";"14/09/2026 / 12:43:35";"WINV26";"V";"1";"0,00";"executada";"entrada";"1";"187.350,00";"-";"-";"-"
"13654371156";"11/09/2026 / 12:44:50";"WINV26";"C";"1";"0,00";"executada";"saída";"1";"189.425,00";"35,00";"0,02";"7,00"
"13654371072";"11/09/2026 / 12:44:08";"WINV26";"V";"1";"0,00";"executada";"entrada";"1";"189.460,00";"-";"-";"-"
"13654225198";"10/09/2026 / 12:50:04";"WINV26";"V";"4";"0,00";"executada";"saída";"4";"189.610,00";"-6,25";"-0,00";"-5,00"
"13654224462";"10/09/2026 / 12:47:42";"WINV26";"C";"2";"0,00";"executada";"entrada";"2";"189.480,00";"-";"-";"-"
"13654223574";"10/09/2026 / 12:45:22";"WINV26";"C";"1";"0,00";"executada";"entrada";"1";"189.650,00";"-";"-";"-"
"13654222834";"10/09/2026 / 12:42:00";"WINV26";"C";"1";"0,00";"executada";"entrada";"1";"189.855,00";"-";"-";"-"
"13654083323";"09/09/2026 / 12:43:00";"WINV26";"C";"1";"0,00";"executada";"saída";"1";"187.895,00";"35,00";"0,02";"7,00"
"13654083107";"09/09/2026 / 12:42:00";"WINV26";"V";"1";"0,00";"executada";"entrada";"1";"187.930,00";"-";"-";"-"
"13653975385";"08/09/2026 / 13:25:05";"WINV26";"V";"10";"0,00";"executada";"saída";"10";"189.770,00";"-490,50";"-0,26";"-981,00"
"13653970609";"08/09/2026 / 12:57:06";"WINV26";"C";"4";"0,00";"executada";"entrada";"4";"190.085,00";"-";"-";"-"
"13653969687";"08/09/2026 / 12:55:25";"WINV26";"C";"2";"0,00";"executada";"entrada";"2";"190.210,00";"-";"-";"-"
"13653969378";"08/09/2026 / 12:55:10";"WINV26";"C";"2";"0,00";"executada";"entrada";"2";"190.335,00";"-";"-";"-"
"13653968731";"08/09/2026 / 12:54:28";"WINV26";"C";"1";"0,00";"executada";"entrada";"1";"190.475,00";"-";"-";"-"
"13653966982";"08/09/2026 / 12:42:01";"WINV26";"C";"1";"0,00";"executada";"entrada";"1";"190.700,00";"-";"-";"-"
"13653851537";"04/09/2026 / 12:42:33";"WINV26";"C";"1";"0,00";"executada";"saída";"1";"188.350,00";"50,00";"0,03";"10,00"
"13653851425";"04/09/2026 / 12:42:02";"WINV26";"V";"1";"0,00";"executada";"entrada";"1";"188.400,00";"-";"-";"-"
"13653724581";"03/09/2026 / 12:45:59";"WINV26";"V";"1";"0,00";"executada";"saída";"1";"188.390,00";"60,00";"0,03";"12,00"
"13653724123";"03/09/2026 / 12:42:00";"WINV26";"C";"1";"0,00";"executada";"entrada";"1";"188.330,00";"-";"-";"-"
"13653054545";"27/08/2026 / 12:42:31";"WINV26";"C";"1";"0,00";"executada";"saída";"1";"177.575,00";"70,00";"0,04";"14,00"
"13653054401";"27/08/2026 / 12:42:00";"WINV26";"V";"1";"0,00";"executada";"entrada";"1";"177.645,00";"-";"-";"-"
"13652944626";"26/08/2026 / 12:42:52";"WINV26";"C";"1";"0,00";"executada";"saída";"1";"178.000,00";"50,00";"0,03";"10,00"
"13652944524";"26/08/2026 / 12:42:00";"WINV26";"V";"1";"0,00";"executada";"entrada";"1";"178.050,00";"-";"-";"-"
"13652837015";"25/08/2026 / 12:44:43";"WINV26";"C";"1";"0,00";"executada";"saída";"1";"175.620,00";"65,00";"0,04";"13,00"
"13652836401";"25/08/2026 / 12:42:00";"WINV26";"V";"1";"0,00";"executada";"entrada";"1";"175.685,00";"-";"-";"-"
"13652729694";"24/08/2026 / 12:42:22";"WINV26";"V";"1";"0,00";"executada";"saída";"1";"175.465,00";"75,00";"0,04";"15,00"
"13652729561";"24/08/2026 / 12:42:00";"WINV26";"C";"1";"0,00";"executada";"entrada";"1";"175.390,00";"-";"-";"-"
"13652613006";"21/08/2026 / 12:49:56";"WINV26";"C";"1";"0,00";"executada";"saída";"1";"174.785,00";"35,00";"0,02";"7,00"
"13652611811";"21/08/2026 / 12:42:00";"WINV26";"V";"1";"0,00";"executada";"entrada";"1";"174.820,00";"-";"-";"-"
"13652500729";"20/08/2026 / 12:47:52";"WINV26";"V";"2";"0,00";"executada";"saída";"2";"171.495,00";"47,50";"0,03";"19,00"
"13652500044";"20/08/2026 / 12:45:20";"WINV26";"C";"1";"0,00";"executada";"entrada";"1";"171.335,00";"-";"-";"-"
"13652499301";"20/08/2026 / 12:42:01";"WINV26";"C";"1";"0,00";"executada";"entrada";"1";"171.560,00";"-";"-";"-"
"13652273962";"18/08/2026 / 12:48:08";"WINV26";"V";"1";"0,00";"executada";"saída";"1";"169.860,00";"65,00";"0,04";"13,00"
"13652273446";"18/08/2026 / 12:42:01";"WINV26";"C";"1";"0,00";"executada";"entrada";"1";"169.795,00";"-";"-";"-"
"13652177149";"17/08/2026 / 12:47:10";"WINV26";"C";"1";"0,00";"executada";"saída";"1";"170.035,00";"50,00";"0,03";"10,00"
"13652177013";"17/08/2026 / 12:46:34";"WINV26";"V";"1";"0,00";"executada";"entrada";"1";"170.085,00";"-";"-";"-"
"13652080269";"14/08/2026 / 13:17:20";"WINV26";"V";"1";"0,00";"executada";"saída";"1";"168.685,00";"55,00";"0,03";"11,00"
"13652078591";"14/08/2026 / 13:00:26";"WINV26";"C";"1";"0,00";"executada";"entrada";"1";"168.630,00";"-";"-";"-"
"13651720812";"10/08/2026 / 13:19:28";"WINQ26";"V";"1";"0,00";"executada";"saída";"1";"172.455,00";"80,00";"0,05";"16,00"
"13651715203";"10/08/2026 / 12:42:01";"WINQ26";"C";"1";"0,00";"executada";"entrada";"1";"172.375,00";"-";"-";"-"
"13651551583";"06/08/2026 / 12:50:54";"WINQ26";"V";"1";"0,00";"executada";"saída";"1";"176.750,00";"55,00";"0,03";"11,00"
"13651550432";"06/08/2026 / 12:42:01";"WINQ26";"C";"1";"0,00";"executada";"entrada";"1";"176.695,00";"-";"-";"-"
"13651450473";"05/08/2026 / 12:54:13";"WINQ26";"V";"2";"0,00";"executada";"saída";"2";"178.975,00";"55,00";"0,03";"22,00"
"13651448697";"05/08/2026 / 12:45:13";"WINQ26";"C";"1";"0,00";"executada";"entrada";"1";"178.815,00";"-";"-";"-"
"13651447287";"05/08/2026 / 12:42:00";"WINQ26";"C";"1";"0,00";"executada";"entrada";"1";"179.025,00";"-";"-";"-"
"13651332934";"04/08/2026 / 12:47:24";"WINQ26";"V";"1";"0,00";"executada";"saída";"1";"178.995,00";"55,00";"0,03";"11,00"
"13651332696";"04/08/2026 / 12:45:39";"WINQ26";"C";"1";"0,00";"executada";"entrada";"1";"178.940,00";"-";"-";"-"
"13651248165";"03/08/2026 / 12:55:29";"WINQ26";"C";"1";"0,00";"executada";"saída";"1";"177.905,00";"65,00";"0,04";"13,00"
"13651247631";"03/08/2026 / 12:48:29";"WINQ26";"V";"1";"0,00";"executada";"entrada";"1";"177.970,00";"-";"-";"-"
"13651053539";"30/07/2026 / 13:47:50";"WINQ26";"C";"3";"0,00";"executada";"saída";"3";"176.570,00";"47,50";"0,03";"28,50"
"13651053438";"30/07/2026 / 13:47:48";"WINQ26";"C";"1";"0,00";"executada";"saída";"1";"176.555,00";"62,50";"0,04";"12,50"
"13651052173";"30/07/2026 / 13:35:22";"WINQ26";"V";"2";"0,00";"executada";"entrada";"2";"176.745,00";"-";"-";"-"
"13651050943";"30/07/2026 / 13:23:40";"WINQ26";"V";"1";"0,00";"executada";"entrada";"1";"176.595,00";"-";"-";"-"
"13651048546";"30/07/2026 / 12:42:00";"WINQ26";"V";"1";"0,00";"executada";"entrada";"1";"176.385,00";"-";"-";"-"
"13650874061";"28/07/2026 / 13:04:03";"WINQ26";"C";"4";"0,00";"executada";"saída";"4";"178.080,00";"52,50";"0,03";"42,00"
"13650872910";"28/07/2026 / 13:00:27";"WINQ26";"V";"2";"0,00";"executada";"entrada";"2";"178.265,00";"-";"-";"-"
"13650871482";"28/07/2026 / 12:53:31";"WINQ26";"V";"1";"0,00";"executada";"entrada";"1";"178.110,00";"-";"-";"-"
"13650870053";"28/07/2026 / 12:44:54";"WINQ26";"V";"1";"0,00";"executada";"entrada";"1";"177.890,00";"-";"-";"-"
"13650775173";"27/07/2026 / 12:46:34";"WINQ26";"V";"1";"0,00";"executada";"saída";"1";"175.830,00";"65,00";"0,04";"13,00"
"13650774719";"27/07/2026 / 12:42:00";"WINQ26";"C";"1";"0,00";"executada";"entrada";"1";"175.765,00";"-";"-";"-"
"13650686632";"24/07/2026 / 12:45:59";"WINQ26";"V";"1";"0,00";"executada";"saída";"1";"176.060,00";"50,00";"0,03";"10,00"
"13650686372";"24/07/2026 / 12:43:42";"WINQ26";"C";"1";"0,00";"executada";"entrada";"1";"176.010,00";"-";"-";"-"
"13650601784";"23/07/2026 / 12:50:54";"WINQ26";"V";"1";"0,00";"executada";"saída";"1";"177.780,00";"50,00";"0,03";"10,00"
"13650600673";"23/07/2026 / 12:42:38";"WINQ26";"C";"1";"0,00";"executada";"entrada";"1";"177.730,00";"-";"-";"-"
"13650422745";"21/07/2026 / 12:43:23";"WINQ26";"C";"1";"0,00";"executada";"saída";"1";"174.075,00";"50,00";"0,03";"10,00"
"13650422557";"21/07/2026 / 12:42:01";"WINQ26";"V";"1";"0,00";"executada";"entrada";"1";"174.125,00";"-";"-";"-"
"13650330923";"20/07/2026 / 12:46:56";"WINQ26";"C";"1";"0,00";"executada";"saída";"1";"175.365,00";"50,00";"0,03";"10,00"
"13650330020";"20/07/2026 / 12:42:05";"WINQ26";"V";"1";"0,00";"executada";"entrada";"1";"175.415,00";"-";"-";"-"
"13650232973";"17/07/2026 / 12:43:25";"WINQ26";"V";"1";"0,00";"executada";"saída";"1";"175.870,00";"45,00";"0,03";"9,00"
"13650232782";"17/07/2026 / 12:42:38";"WINQ26";"C";"1";"0,00";"executada";"entrada";"1";"175.825,00";"-";"-";"-"
"13650147032";"16/07/2026 / 12:43:25";"WINQ26";"C";"1";"0,00";"executada";"saída";"1";"176.705,00";"60,00";"0,03";"12,00"
"13650146834";"16/07/2026 / 12:42:01";"WINQ26";"V";"1";"0,00";"executada";"entrada";"1";"176.765,00";"-";"-";"-"
"13650056291";"15/07/2026 / 12:49:17";"WINQ26";"V";"1";"0,00";"executada";"saída";"1";"177.525,00";"60,00";"0,03";"12,00"
"13650055576";"15/07/2026 / 12:42:01";"WINQ26";"C";"1";"0,00";"executada";"entrada";"1";"177.465,00";"-";"-";"-"
"13649967300";"14/07/2026 / 12:44:20";"WINQ26";"V";"1";"0,00";"executada";"saída";"1";"178.070,00";"60,00";"0,03";"12,00"
"13649966740";"14/07/2026 / 12:42:00";"WINQ26";"C";"1";"0,00";"executada";"entrada";"1";"178.010,00";"-";"-";"-"
"13649775254";"10/07/2026 / 12:47:35";"WINQ26";"C";"1";"0,00";"executada";"saída";"1";"178.290,00";"45,00";"0,03";"9,00"
"13649774867";"10/07/2026 / 12:43:35";"WINQ26";"V";"1";"0,00";"executada";"entrada";"1";"178.335,00";"-";"-";"-"
"13649691199";"09/07/2026 / 13:27:52";"WINQ26";"C";"1";"0,00";"executada";"saída";"1";"174.490,00";"50,00";"0,03";"10,00"
"13649691045";"09/07/2026 / 13:27:51";"WINQ26";"C";"1";"0,00";"executada";"saída";"1";"174.490,00";"50,00";"0,03";"10,00"
"13649689008";"09/07/2026 / 13:09:44";"WINQ26";"V";"1";"0,00";"executada";"entrada";"1";"174.645,00";"-";"-";"-"
"13649686644";"09/07/2026 / 12:42:01";"WINQ26";"V";"1";"0,00";"executada";"entrada";"1";"174.435,00";"-";"-";"-"
"13649588961";"08/07/2026 / 12:46:35";"WINQ26";"C";"1";"0,00";"executada";"saída";"1";"172.460,00";"70,00";"0,04";"14,00"
"13649588391";"08/07/2026 / 12:42:01";"WINQ26";"V";"1";"0,00";"executada";"entrada";"1";"172.530,00";"-";"-";"-"
"13649489520";"07/07/2026 / 12:51:10";"WINQ26";"V";"1";"0,00";"executada";"saída";"1";"173.720,00";"50,00";"0,03";"10,00"
"13649489323";"07/07/2026 / 12:50:03";"WINQ26";"C";"1";"0,00";"executada";"entrada";"1";"173.670,00";"-";"-";"-"
"13649398057";"06/07/2026 / 13:39:47";"WINQ26";"V";"1";"0,00";"executada";"saída";"1";"174.295,00";"45,00";"0,03";"9,00"
"13649394014";"06/07/2026 / 12:49:54";"WINQ26";"C";"1";"0,00";"executada";"entrada";"1";"174.250,00";"-";"-";"-"
"13649112599";"01/07/2026 / 12:57:57";"WINQ26";"C";"4";"0,00";"executada";"saída";"4";"174.270,00";"116,25";"0,07";"93,00"
"13649111288";"01/07/2026 / 12:52:08";"WINQ26";"V";"2";"0,00";"executada";"entrada";"2";"174.530,00";"-";"-";"-"
"13649108215";"01/07/2026 / 12:43:39";"WINQ26";"V";"1";"0,00";"executada";"entrada";"1";"174.350,00";"-";"-";"-"
"13649107059";"01/07/2026 / 12:42:01";"WINQ26";"V";"1";"0,00";"executada";"entrada";"1";"174.135,00";"-";"-";"-"
"13649000637";"30/06/2026 / 12:42:24";"WINQ26";"C";"1";"0,00";"executada";"saída";"1";"174.480,00";"50,00";"0,03";"10,00"
"13649000456";"30/06/2026 / 12:42:01";"WINQ26";"V";"1";"0,00";"executada";"entrada";"1";"174.530,00";"-";"-";"-"
"13648666366";"25/06/2026 / 12:52:30";"WINQ26";"C";"1";"0,00";"executada";"saída";"1";"175.925,00";"35,00";"0,02";"7,00"
"13648664010";"25/06/2026 / 12:42:01";"WINQ26";"V";"1";"0,00";"executada";"entrada";"1";"175.960,00";"-";"-";"-"
"13648504393";"24/06/2026 / 12:45:36";"WINQ26";"C";"1";"0,00";"executada";"saída";"1";"173.165,00";"70,00";"0,04";"14,00"
"13648504026";"24/06/2026 / 12:44:07";"WINQ26";"V";"1";"0,00";"executada";"entrada";"1";"173.235,00";"-";"-";"-"
"13648048767";"18/06/2026 / 12:45:52";"WINQ26";"V";"1";"0,00";"executada";"saída";"1";"171.645,00";"20,00";"0,01";"4,00"
"13648048523";"18/06/2026 / 12:44:18";"WINQ26";"C";"1";"0,00";"executada";"entrada";"1";"171.625,00";"-";"-";"-"
"13647895497";"17/06/2026 / 12:46:56";"WINQ26";"C";"1";"0,00";"executada";"saída";"1";"174.540,00";"70,00";"0,04";"14,00"
"13647895289";"17/06/2026 / 12:44:22";"WINQ26";"V";"1";"0,00";"executada";"entrada";"1";"174.610,00";"-";"-";"-"
"13647798031";"16/06/2026 / 13:37:50";"WINM26";"C";"1";"0,00";"executada";"saída";"1";"169.975,00";"50,00";"0,03";"10,00"
"13647797926";"16/06/2026 / 13:37:50";"WINM26";"C";"5";"0,00";"executada";"saída";"5";"169.970,00";"55,00";"0,03";"55,00"
"13647795385";"16/06/2026 / 13:20:35";"WINM26";"V";"2";"0,00";"executada";"entrada";"2";"170.175,00";"-";"-";"-"
"13647794398";"16/06/2026 / 13:17:21";"WINM26";"V";"2";"0,00";"executada";"entrada";"2";"170.075,00";"-";"-";"-"
"13647791289";"16/06/2026 / 12:50:59";"WINM26";"V";"1";"0,00";"executada";"entrada";"1";"169.935,00";"-";"-";"-"
"13647788652";"16/06/2026 / 12:42:51";"WINM26";"V";"1";"0,00";"executada";"entrada";"1";"169.715,00";"-";"-";"-"
"13647671891";"15/06/2026 / 12:46:21";"WINM26";"V";"1";"0,00";"executada";"saída";"1";"172.610,00";"60,00";"0,03";"12,00"
"13647671406";"15/06/2026 / 12:44:34";"WINM26";"C";"1";"0,00";"executada";"entrada";"1";"172.550,00";"-";"-";"-"
"13647492365";"12/06/2026 / 12:46:13";"WINM26";"V";"1";"0,00";"executada";"saída";"1";"171.800,00";"50,00";"0,03";"10,00"
"13647491504";"12/06/2026 / 12:42:01";"WINM26";"C";"1";"0,00";"executada";"entrada";"1";"171.750,00";"-";"-";"-"
"13647342423";"11/06/2026 / 12:46:59";"WINM26";"V";"1";"0,00";"executada";"saída";"1";"168.935,00";"50,00";"0,03";"10,00"
"13647342197";"11/06/2026 / 12:45:32";"WINM26";"C";"1";"0,00";"executada";"entrada";"1";"168.885,00";"-";"-";"-"
"13647203026";"10/06/2026 / 12:42:31";"WINM26";"C";"1";"0,00";"executada";"saída";"1";"168.995,00";"60,00";"0,04";"12,00"
"13647202853";"10/06/2026 / 12:42:09";"WINM26";"V";"1";"0,00";"executada";"entrada";"1";"169.055,00";"-";"-";"-"
"13647067625";"09/06/2026 / 12:53:32";"WINM26";"C";"1";"0,00";"executada";"saída";"1";"169.765,00";"70,00";"0,04";"14,00"
"13647066924";"09/06/2026 / 12:51:51";"WINM26";"V";"1";"0,00";"executada";"entrada";"1";"169.835,00";"-";"-";"-"
"13646946422";"08/06/2026 / 12:42:51";"WINM26";"V";"1";"0,00";"executada";"saída";"1";"169.360,00";"70,00";"0,04";"14,00"
"13646946196";"08/06/2026 / 12:42:01";"WINM26";"C";"1";"0,00";"executada";"entrada";"1";"169.290,00";"-";"-";"-"
"13646824066";"05/06/2026 / 12:42:18";"WINM26";"V";"1";"0,00";"executada";"saída";"1";"170.025,00";"95,00";"0,06";"19,00"
"13646823880";"05/06/2026 / 12:42:00";"WINM26";"C";"1";"0,00";"executada";"entrada";"1";"169.930,00";"-";"-";"-"
"13646691607";"03/06/2026 / 12:42:15";"WINM26";"V";"1";"0,00";"executada";"saída";"1";"171.580,00";"50,00";"0,03";"10,00"
"13646691457";"03/06/2026 / 12:42:06";"WINM26";"C";"1";"0,00";"executada";"entrada";"1";"171.530,00";"-";"-";"-"
"13646578260";"02/06/2026 / 12:43:45";"WINM26";"V";"1";"0,00";"executada";"saída";"1";"175.605,00";"35,00";"0,02";"7,00"
"13646578099";"02/06/2026 / 12:42:21";"WINM26";"C";"1";"0,00";"executada";"entrada";"1";"175.570,00";"-";"-";"-"
"13646456528";"01/06/2026 / 13:00:29";"WINM26";"V";"1";"0,00";"executada";"saída";"1";"173.315,00";"-10,00";"-0,01";"-2,00"
"13646454539";"01/06/2026 / 12:50:10";"WINM26";"C";"1";"0,00";"executada";"entrada";"1";"173.325,00";"-";"-";"-"
"13645923346";"26/05/2026 / 13:07:11";"WINM26";"C";"1";"0,00";"executada";"saída";"1";"177.155,00";"60,00";"0,03";"12,00"
"13645918189";"26/05/2026 / 12:42:01";"WINM26";"V";"1";"0,00";"executada";"entrada";"1";"177.215,00";"-";"-";"-"
"13645649035";"22/05/2026 / 12:56:21";"WINM26";"C";"1";"0,00";"executada";"saída";"1";"177.020,00";"45,00";"0,03";"9,00"
"13645647108";"22/05/2026 / 12:42:00";"WINM26";"V";"1";"0,00";"executada";"entrada";"1";"177.065,00";"-";"-";"-"
"13645503512";"21/05/2026 / 12:54:44";"WINM26";"C";"1";"0,00";"executada";"saída";"1";"178.135,00";"50,00";"0,03";"10,00"
"13645502561";"21/05/2026 / 12:46:08";"WINM26";"V";"1";"0,00";"executada";"entrada";"1";"178.185,00";"-";"-";"-"
"13645368506";"20/05/2026 / 12:42:56";"WINM26";"C";"1";"0,00";"executada";"saída";"1";"179.160,00";"20,00";"0,01";"4,00"
"13645368336";"20/05/2026 / 12:42:24";"WINM26";"V";"1";"0,00";"executada";"entrada";"1";"179.180,00";"-";"-";"-"
"13645216090";"19/05/2026 / 12:43:45";"WINM26";"C";"1";"0,00";"executada";"saída";"1";"176.310,00";"65,00";"0,04";"13,00"
"13645215776";"19/05/2026 / 12:42:15";"WINM26";"V";"1";"0,00";"executada";"entrada";"1";"176.375,00";"-";"-";"-"
"13645082665";"18/05/2026 / 12:43:16";"WINM26";"C";"1";"0,00";"executada";"saída";"1";"178.715,00";"45,00";"0,03";"9,00"
"13645082323";"18/05/2026 / 12:42:01";"WINM26";"V";"1";"0,00";"executada";"entrada";"1";"178.760,00";"-";"-";"-"
"13644655048";"13/05/2026 / 12:43:10";"WINM26";"C";"1";"0,00";"executada";"saída";"1";"182.460,00";"55,00";"0,03";"11,00"
"13644654949";"13/05/2026 / 12:42:09";"WINM26";"V";"1";"0,00";"executada";"entrada";"1";"182.515,00";"-";"-";"-"
"13644427971";"11/05/2026 / 12:45:00";"WINM26";"V";"1";"0,00";"executada";"saída";"1";"184.665,00";"5,00";"0,00";"1,00"
"13644427781";"11/05/2026 / 12:44:50";"WINM26";"C";"1";"0,00";"executada";"entrada";"1";"184.660,00";"-";"-";"-"
"13644043100";"06/05/2026 / 12:44:54";"WINM26";"V";"1";"0,00";"executada";"saída";"1";"190.705,00";"100,00";"0,05";"20,00"
"13644042425";"06/05/2026 / 12:42:02";"WINM26";"C";"1";"0,00";"executada";"entrada";"1";"190.605,00";"-";"-";"-"
"13643888956";"05/05/2026 / 12:43:00";"WINM26";"C";"1";"0,00";"executada";"saída";"1";"190.045,00";"35,00";"0,02";"7,00"
"13643888707";"05/05/2026 / 12:42:01";"WINM26";"V";"1";"0,00";"executada";"entrada";"1";"190.080,00";"-";"-";"-"
"13643762852";"04/05/2026 / 12:44:14";"WINM26";"V";"1";"0,00";"executada";"saída";"1";"189.095,00";"45,00";"0,02";"9,00"
"13643762633";"04/05/2026 / 12:43:25";"WINM26";"C";"1";"0,00";"executada";"entrada";"1";"189.050,00";"-";"-";"-"
"13643647523";"30/04/2026 / 12:42:45";"WINM26";"V";"1";"0,00";"executada";"saída";"1";"190.115,00";"75,00";"0,04";"15,00"
"13643647277";"30/04/2026 / 12:42:01";"WINM26";"C";"1";"0,00";"executada";"entrada";"1";"190.040,00";"-";"-";"-"
"13643531199";"29/04/2026 / 12:44:52";"WINM26";"V";"1";"0,00";"executada";"saída";"1";"189.240,00";"50,00";"0,03";"10,00"
"13643530985";"29/04/2026 / 12:42:01";"WINM26";"C";"1";"0,00";"executada";"entrada";"1";"189.190,00";"-";"-";"-"
"13643441857";"28/04/2026 / 12:49:31";"WINM26";"C";"1";"0,00";"executada";"saída";"1";"191.620,00";"65,00";"0,03";"13,00"
"13643440501";"28/04/2026 / 12:42:01";"WINM26";"V";"1";"0,00";"executada";"entrada";"1";"191.685,00";"-";"-";"-"
"13643318045";"27/04/2026 / 12:48:18";"WINM26";"C";"1";"0,00";"executada";"saída";"1";"193.675,00";"55,00";"0,03";"11,00"
"13643316973";"27/04/2026 / 12:42:01";"WINM26";"V";"1";"0,00";"executada";"entrada";"1";"193.730,00";"-";"-";"-"
"13643199963";"24/04/2026 / 12:52:18";"WINM26";"C";"2";"0,00";"executada";"saída";"2";"193.970,00";"147,50";"0,08";"59,00"
"13643194287";"24/04/2026 / 12:45:08";"WINM26";"V";"1";"0,00";"executada";"entrada";"1";"194.180,00";"-";"-";"-"
"13643193681";"24/04/2026 / 12:44:48";"WINM26";"V";"1";"0,00";"executada";"entrada";"1";"194.055,00";"-";"-";"-"
"13642566725";"16/04/2026 / 12:46:04";"WINM26";"V";"1";"0,00";"executada";"saída";"1";"201.145,00";"80,00";"0,04";"16,00"
"13642566233";"16/04/2026 / 12:42:29";"WINM26";"C";"1";"0,00";"executada";"entrada";"1";"201.065,00";"-";"-";"-"
"13642448581";"15/04/2026 / 12:42:19";"WINM26";"V";"1";"0,00";"executada";"saída";"1";"201.805,00";"30,00";"0,01";"6,00"
"13642448363";"15/04/2026 / 12:42:00";"WINM26";"C";"1";"0,00";"executada";"entrada";"1";"201.775,00";"-";"-";"-"
"13642345425";"14/04/2026 / 13:01:00";"WINJ26";"V";"2";"0,00";"executada";"saída";"2";"198.715,00";"62,50";"0,03";"25,00"
"13642343440";"14/04/2026 / 12:47:01";"WINJ26";"C";"1";"0,00";"executada";"entrada";"1";"198.545,00";"-";"-";"-"
"13642342025";"14/04/2026 / 12:45:15";"WINJ26";"C";"1";"0,00";"executada";"entrada";"1";"198.760,00";"-";"-";"-"
"13642237169";"13/04/2026 / 13:55:42";"WINJ26";"C";"10";"0,00";"executada";"saída";"10";"197.126,50";"38,00";"0,02";"76,00"
"13642224447";"13/04/2026 / 13:20:07";"WINJ26";"V";"4";"0,00";"executada";"entrada";"4";"197.345,00";"-";"-";"-"
"13642220951";"13/04/2026 / 13:06:52";"WINJ26";"V";"2";"0,00";"executada";"entrada";"2";"197.265,00";"-";"-";"-"
"13642220131";"13/04/2026 / 13:06:36";"WINJ26";"V";"2";"0,00";"executada";"entrada";"2";"197.020,00";"-";"-";"-"
"13642219265";"13/04/2026 / 13:05:58";"WINJ26";"V";"1";"0,00";"executada";"entrada";"1";"196.950,00";"-";"-";"-"
"13642216053";"13/04/2026 / 12:42:01";"WINJ26";"V";"1";"0,00";"executada";"entrada";"1";"196.745,00";"-";"-";"-"
"13642112901";"10/04/2026 / 12:44:10";"WINJ26";"V";"1";"0,00";"executada";"saída";"1";"197.345,00";"55,00";"0,03";"11,00"
"13642112503";"10/04/2026 / 12:42:38";"WINJ26";"C";"1";"0,00";"executada";"entrada";"1";"197.290,00";"-";"-";"-"
"13641989388";"09/04/2026 / 12:42:07";"WINJ26";"C";"1";"0,00";"executada";"saída";"1";"195.630,00";"55,00";"0,03";"11,00"
"13641989262";"09/04/2026 / 12:42:00";"WINJ26";"V";"1";"0,00";"executada";"entrada";"1";"195.685,00";"-";"-";"-"
"13641869944";"08/04/2026 / 12:48:08";"WINJ26";"C";"1";"0,00";"executada";"saída";"1";"192.540,00";"60,00";"0,03";"12,00"
"13641869719";"08/04/2026 / 12:47:33";"WINJ26";"V";"1";"0,00";"executada";"entrada";"1";"192.600,00";"-";"-";"-"
"13641720971";"07/04/2026 / 12:43:09";"WINJ26";"V";"1";"0,00";"executada";"saída";"1";"187.350,00";"70,00";"0,04";"14,00"
"13641720770";"07/04/2026 / 12:42:01";"WINJ26";"C";"1";"0,00";"executada";"entrada";"1";"187.280,00";"-";"-";"-"
"13641601353";"06/04/2026 / 12:54:21";"WINJ26";"C";"2";"0,00";"executada";"saída";"2";"189.095,00";"-17,50";"-0,01";"-7,00"
"13641599989";"06/04/2026 / 12:51:46";"WINJ26";"V";"1";"0,00";"executada";"entrada";"1";"189.190,00";"-";"-";"-"
"13641597732";"06/04/2026 / 12:42:09";"WINJ26";"V";"1";"0,00";"executada";"entrada";"1";"188.965,00";"-";"-";"-"
"13641487977";"02/04/2026 / 12:43:17";"WINJ26";"V";"1";"0,00";"executada";"saída";"1";"189.365,00";"35,00";"0,02";"7,00"
"13641487747";"02/04/2026 / 12:42:01";"WINJ26";"C";"1";"0,00";"executada";"entrada";"1";"189.330,00";"-";"-";"-"
"13641357956";"01/04/2026 / 13:02:31";"WINJ26";"C";"2";"0,00";"executada";"saída";"2";"189.330,00";"75,00";"0,04";"30,00"
"13641356174";"01/04/2026 / 12:57:05";"WINJ26";"V";"1";"0,00";"executada";"entrada";"1";"189.525,00";"-";"-";"-"
"13641352778";"01/04/2026 / 12:42:58";"WINJ26";"V";"1";"0,00";"executada";"entrada";"1";"189.285,00";"-";"-";"-"
"13641207661";"31/03/2026 / 12:42:25";"WINJ26";"C";"1";"0,00";"executada";"saída";"1";"186.180,00";"50,00";"0,03";"10,00"
"13641207526";"31/03/2026 / 12:42:02";"WINJ26";"V";"1";"0,00";"executada";"entrada";"1";"186.230,00";"-";"-";"-"
"13641070540";"30/03/2026 / 12:53:49";"WINJ26";"C";"2";"0,00";"executada";"saída";"2";"185.295,00";"47,50";"0,03";"19,00"
"13641069824";"30/03/2026 / 12:51:54";"WINJ26";"V";"1";"0,00";"executada";"entrada";"1";"185.440,00";"-";"-";"-"
"13641067655";"30/03/2026 / 12:42:01";"WINJ26";"V";"1";"0,00";"executada";"entrada";"1";"185.245,00";"-";"-";"-"
"13640934228";"27/03/2026 / 12:42:24";"WINJ26";"V";"1";"0,00";"executada";"saída";"1";"184.220,00";"55,00";"0,03";"11,00"
"13640934071";"27/03/2026 / 12:42:01";"WINJ26";"C";"1";"0,00";"executada";"entrada";"1";"184.165,00";"-";"-";"-"
"13640790069";"26/03/2026 / 12:43:00";"WINJ26";"V";"1";"0,00";"executada";"saída";"1";"185.180,00";"35,00";"0,02";"7,00"
"13640789790";"26/03/2026 / 12:42:00";"WINJ26";"C";"1";"0,00";"executada";"entrada";"1";"185.145,00";"-";"-";"-"
"13640627481";"25/03/2026 / 12:42:08";"WINJ26";"V";"1";"0,00";"executada";"saída";"1";"186.620,00";"45,00";"0,02";"9,00"
"13640627350";"25/03/2026 / 12:42:03";"WINJ26";"C";"1";"0,00";"executada";"entrada";"1";"186.575,00";"-";"-";"-"
"13640464041";"24/03/2026 / 12:48:45";"WINJ26";"V";"1";"0,00";"executada";"saída";"1";"183.675,00";"45,00";"0,02";"9,00"
"13640462812";"24/03/2026 / 12:42:01";"WINJ26";"C";"1";"0,00";"executada";"entrada";"1";"183.630,00";"-";"-";"-"
"13639767266";"18/03/2026 / 12:58:23";"WINJ26";"C";"1";"0,00";"executada";"saída";"1";"181.825,00";"50,00";"0,03";"10,00"
"13639763737";"18/03/2026 / 12:42:00";"WINJ26";"V";"1";"0,00";"executada";"entrada";"1";"181.875,00";"-";"-";"-"
"13639660318";"17/03/2026 / 12:42:02";"WINJ26";"V";"1";"0,00";"executada";"saída";"1";"182.190,00";"10,00";"0,01";"2,00"
"13639660154";"17/03/2026 / 12:42:01";"WINJ26";"C";"1";"0,00";"executada";"entrada";"1";"182.180,00";"-";"-";"-"
"13639499260";"16/03/2026 / 12:42:17";"WINJ26";"V";"1";"0,00";"executada";"saída";"1";"182.195,00";"70,00";"0,04";"14,00"
"13639499115";"16/03/2026 / 12:42:01";"WINJ26";"C";"1";"0,00";"executada";"entrada";"1";"182.125,00";"-";"-";"-"
"13639342930";"13/03/2026 / 12:42:06";"WINJ26";"V";"1";"0,00";"executada";"saída";"1";"180.705,00";"5,00";"0,00";"1,00"
"13639342777";"13/03/2026 / 12:42:01";"WINJ26";"C";"1";"0,00";"executada";"entrada";"1";"180.700,00";"-";"-";"-"
"13639029698";"11/03/2026 / 12:42:23";"WINJ26";"V";"1";"0,00";"executada";"saída";"1";"185.880,00";"70,00";"0,04";"14,00"
"13639029464";"11/03/2026 / 12:42:01";"WINJ26";"C";"1";"0,00";"executada";"entrada";"1";"185.810,00";"-";"-";"-"
"13638882388";"10/03/2026 / 12:46:53";"WINJ26";"C";"1";"0,00";"executada";"saída";"1";"186.090,00";"55,00";"0,03";"11,00"
"13638881071";"10/03/2026 / 12:42:21";"WINJ26";"V";"1";"0,00";"executada";"entrada";"1";"186.145,00";"-";"-";"-"
"13638714126";"09/03/2026 / 12:45:48";"WINJ26";"V";"1";"0,00";"executada";"saída";"1";"182.275,00";"65,00";"0,04";"13,00"
"13638713348";"09/03/2026 / 12:42:00";"WINJ26";"C";"1";"0,00";"executada";"entrada";"1";"182.210,00";"-";"-";"-"
"13638529222";"06/03/2026 / 12:42:11";"WINJ26";"V";"1";"0,00";"executada";"saída";"1";"182.185,00";"95,00";"0,05";"19,00"
"13638529073";"06/03/2026 / 12:42:01";"WINJ26";"C";"1";"0,00";"executada";"entrada";"1";"182.090,00";"-";"-";"-"
"13638151228";"04/03/2026 / 12:42:56";"WINJ26";"V";"1";"0,00";"executada";"saída";"1";"187.025,00";"50,00";"0,03";"10,00"
"13638150980";"04/03/2026 / 12:42:13";"WINJ26";"C";"1";"0,00";"executada";"entrada";"1";"186.975,00";"-";"-";"-"
"13637826044";"02/03/2026 / 12:42:17";"WINJ26";"C";"1";"0,00";"executada";"saída";"1";"191.370,00";"45,00";"0,02";"9,00"
"13637825903";"02/03/2026 / 12:42:01";"WINJ26";"V";"1";"0,00";"executada";"entrada";"1";"191.415,00";"-";"-";"-"
"13637682286";"27/02/2026 / 12:46:48";"WINJ26";"C";"2";"0,00";"executada";"saída";"2";"193.505,00";"30,00";"0,02";"12,00"
"13637680780";"27/02/2026 / 12:42:59";"WINJ26";"V";"1";"0,00";"executada";"entrada";"1";"193.640,00";"-";"-";"-"
"13637680091";"27/02/2026 / 12:42:01";"WINJ26";"V";"1";"0,00";"executada";"entrada";"1";"193.430,00";"-";"-";"-"
"13637534400";"26/02/2026 / 12:46:35";"WINJ26";"C";"1";"0,00";"executada";"saída";"1";"192.935,00";"90,00";"0,05";"18,00"
"13637532602";"26/02/2026 / 12:42:00";"WINJ26";"V";"1";"0,00";"executada";"entrada";"1";"193.025,00";"-";"-";"-"
"13637390318";"25/02/2026 / 12:43:37";"WINJ26";"V";"1";"0,00";"executada";"saída";"1";"194.255,00";"50,00";"0,03";"10,00"
"13637390143";"25/02/2026 / 12:42:43";"WINJ26";"C";"1";"0,00";"executada";"entrada";"1";"194.205,00";"-";"-";"-"
"13637267869";"24/02/2026 / 12:58:25";"WINJ26";"C";"2";"0,00";"executada";"saída";"2";"194.805,00";"42,50";"0,02";"17,00"
"13637266905";"24/02/2026 / 12:56:24";"WINJ26";"V";"1";"0,00";"executada";"entrada";"1";"194.945,00";"-";"-";"-"
"13637262757";"24/02/2026 / 12:46:48";"WINJ26";"V";"1";"0,00";"executada";"entrada";"1";"194.750,00";"-";"-";"-"
"13637106025";"23/02/2026 / 12:42:20";"WINJ26";"V";"1";"0,00";"executada";"saída";"1";"192.975,00";"60,00";"0,03";"12,00"
"13637105891";"23/02/2026 / 12:42:00";"WINJ26";"C";"1";"0,00";"executada";"entrada";"1";"192.915,00";"-";"-";"-"
"13636960936";"20/02/2026 / 12:42:10";"WINJ26";"C";"1";"0,00";"executada";"saída";"1";"192.035,00";"55,00";"0,03";"11,00"
"13636960803";"20/02/2026 / 12:42:02";"WINJ26";"V";"1";"0,00";"executada";"entrada";"1";"192.090,00";"-";"-";"-"
"13636574912";"13/02/2026 / 12:42:41";"WING26";"C";"1";"0,00";"executada";"saída";"1";"185.540,00";"20,00";"0,01";"4,00"
"13636574783";"13/02/2026 / 12:42:01";"WING26";"V";"1";"0,00";"executada";"entrada";"1";"185.560,00";"-";"-";"-"
"13636392512";"12/02/2026 / 12:43:03";"WING26";"C";"1";"0,00";"executada";"saída";"1";"189.740,00";"55,00";"0,03";"11,00"
"13636392283";"12/02/2026 / 12:42:38";"WING26";"V";"1";"0,00";"executada";"entrada";"1";"189.795,00";"-";"-";"-"
"13636118354";"10/02/2026 / 12:42:25";"WING26";"V";"1";"0,00";"executada";"saída";"1";"186.995,00";"45,00";"0,02";"9,00"
"13636118141";"10/02/2026 / 12:42:00";"WING26";"C";"1";"0,00";"executada";"entrada";"1";"186.950,00";"-";"-";"-"
"13635980003";"09/02/2026 / 12:45:56";"WING26";"V";"1";"0,00";"executada";"saída";"1";"184.320,00";"55,00";"0,03";"11,00"
"13635979427";"09/02/2026 / 12:42:01";"WING26";"C";"1";"0,00";"executada";"entrada";"1";"184.265,00";"-";"-";"-"
"13635832992";"06/02/2026 / 12:44:31";"WING26";"V";"1";"0,00";"executada";"saída";"1";"182.660,00";"80,00";"0,04";"16,00"
"13635832024";"06/02/2026 / 12:42:00";"WING26";"C";"1";"0,00";"executada";"entrada";"1";"182.580,00";"-";"-";"-"
"13635638565";"05/02/2026 / 12:45:28";"WING26";"C";"1";"0,00";"executada";"saída";"1";"183.255,00";"74,17";"0,04";"14,83"
"13635638424";"05/02/2026 / 12:45:27";"WING26";"C";"5";"0,00";"executada";"saída";"5";"183.269,00";"60,17";"0,03";"60,17"
"13635637423";"05/02/2026 / 12:44:12";"WING26";"V";"2";"0,00";"executada";"entrada";"2";"183.460,00";"-";"-";"-"
"13635637135";"05/02/2026 / 12:44:03";"WING26";"V";"2";"0,00";"executada";"entrada";"2";"183.405,00";"-";"-";"-"
"13635636277";"05/02/2026 / 12:42:23";"WING26";"V";"1";"0,00";"executada";"entrada";"1";"183.230,00";"-";"-";"-"
"13635635567";"05/02/2026 / 12:42:00";"WING26";"V";"1";"0,00";"executada";"entrada";"1";"183.015,00";"-";"-";"-"
"13635294739";"03/02/2026 / 12:42:40";"WING26";"V";"1";"0,00";"executada";"saída";"1";"187.305,00";"55,00";"0,03";"11,00"
"13635294584";"03/02/2026 / 12:42:08";"WING26";"C";"1";"0,00";"executada";"entrada";"1";"187.250,00";"-";"-";"-"
"13635161467";"02/02/2026 / 12:51:15";"WING26";"V";"2";"0,00";"executada";"saída";"2";"182.960,00";"72,50";"0,04";"29,00"
"13635160967";"02/02/2026 / 12:48:55";"WING26";"C";"1";"0,00";"executada";"entrada";"1";"182.785,00";"-";"-";"-"
"13635159591";"02/02/2026 / 12:42:22";"WING26";"C";"1";"0,00";"executada";"entrada";"1";"182.990,00";"-";"-";"-"
"13634966991";"30/01/2026 / 12:42:51";"WING26";"C";"1";"0,00";"executada";"saída";"1";"184.470,00";"20,00";"0,01";"4,00"
"13634966505";"30/01/2026 / 12:42:00";"WING26";"V";"1";"0,00";"executada";"entrada";"1";"184.490,00";"-";"-";"-"
"13634776835";"29/01/2026 / 12:42:36";"WING26";"V";"2";"0,00";"executada";"saída";"2";"183.885,00";"32,50";"0,02";"13,00"
"13634776661";"29/01/2026 / 12:42:29";"WING26";"C";"1";"0,00";"executada";"entrada";"1";"183.775,00";"-";"-";"-"
"13634776237";"29/01/2026 / 12:42:01";"WING26";"C";"1";"0,00";"executada";"entrada";"1";"183.930,00";"-";"-";"-"
"13634143462";"23/01/2026 / 12:42:07";"WING26";"V";"1";"0,00";"executada";"saída";"1";"178.830,00";"40,00";"0,02";"8,00"
"13634143321";"23/01/2026 / 12:42:01";"WING26";"C";"1";"0,00";"executada";"entrada";"1";"178.790,00";"-";"-";"-"
"13633696388";"19/01/2026 / 12:50:25";"WING26";"C";"1";"0,00";"executada";"saída";"1";"166.360,00";"70,00";"0,04";"14,00"
"13633695863";"19/01/2026 / 12:45:47";"WING26";"V";"1";"0,00";"executada";"entrada";"1";"166.430,00";"-";"-";"-"
"13633603917";"16/01/2026 / 12:44:26";"WING26";"V";"1";"0,00";"executada";"saída";"1";"165.950,00";"70,00";"0,04";"14,00"
"13633603475";"16/01/2026 / 12:42:00";"WING26";"C";"1";"0,00";"executada";"entrada";"1";"165.880,00";"-";"-";"-"
"13633523314";"15/01/2026 / 12:44:50";"WING26";"C";"1";"0,00";"executada";"saída";"1";"167.250,00";"70,00";"0,04";"14,00"
"13633522769";"15/01/2026 / 12:42:01";"WING26";"V";"1";"0,00";"executada";"entrada";"1";"167.320,00";"-";"-";"-"
"13633331859";"13/01/2026 / 12:44:59";"WING26";"C";"1";"0,00";"executada";"saída";"1";"163.865,00";"65,00";"0,04";"13,00"
"13633331582";"13/01/2026 / 12:42:04";"WING26";"V";"1";"0,00";"executada";"entrada";"1";"163.930,00";"-";"-";"-"
"13633250790";"12/01/2026 / 12:44:38";"WING26";"C";"1";"0,00";"executada";"saída";"1";"165.480,00";"70,00";"0,04";"14,00"
"13633250106";"12/01/2026 / 12:42:00";"WING26";"V";"1";"0,00";"executada";"entrada";"1";"165.550,00";"-";"-";"-"
"13633153289";"09/01/2026 / 12:57:51";"WING26";"V";"1";"0,00";"executada";"saída";"1";"165.940,00";"60,00";"0,04";"12,00"
"13633153253";"09/01/2026 / 12:57:51";"WING26";"V";"1";"0,00";"executada";"saída";"1";"165.945,00";"65,00";"0,04";"13,00"
"13633152323";"09/01/2026 / 12:53:13";"WING26";"C";"1";"0,00";"executada";"entrada";"1";"165.775,00";"-";"-";"-"
"13633150234";"09/01/2026 / 12:45:02";"WING26";"C";"1";"0,00";"executada";"entrada";"1";"165.985,00";"-";"-";"-"
"13633037523";"08/01/2026 / 12:53:43";"WING26";"V";"1";"0,00";"executada";"saída";"1";"164.685,00";"55,00";"0,03";"11,00"
"13633035613";"08/01/2026 / 12:42:08";"WING26";"C";"1";"0,00";"executada";"entrada";"1";"164.630,00";"-";"-";"-"
"13632819561";"06/01/2026 / 12:42:55";"WING26";"V";"1";"0,00";"executada";"saída";"1";"166.015,00";"60,00";"0,04";"12,00"
"13632819420";"06/01/2026 / 12:42:21";"WING26";"C";"1";"0,00";"executada";"entrada";"1";"165.955,00";"-";"-";"-"
"13632734328";"05/01/2026 / 13:05:20";"WING26";"C";"4";"0,00";"executada";"saída";"4";"163.840,00";"77,50";"0,05";"62,00"
"13632733437";"05/01/2026 / 13:00:16";"WING26";"V";"2";"0,00";"executada";"entrada";"2";"164.050,00";"-";"-";"-"
"13632731921";"05/01/2026 / 12:55:34";"WING26";"V";"1";"0,00";"executada";"entrada";"1";"163.900,00";"-";"-";"-"
"13632729841";"05/01/2026 / 12:45:04";"WING26";"V";"1";"0,00";"executada";"entrada";"1";"163.670,00";"-";"-";"-"
"13631998090";"19/12/2025 / 12:49:26";"WING26";"V";"1";"0,00";"executada";"saída";"1";"162.270,00";"57,50";"0,04";"11,50"
"13631998029";"19/12/2025 / 12:49:25";"WING26";"V";"1";"0,00";"executada";"saída";"1";"162.270,00";"57,50";"0,04";"11,50"
"13631997265";"19/12/2025 / 12:46:53";"WING26";"C";"1";"0,00";"executada";"entrada";"1";"162.105,00";"-";"-";"-"
"13631995694";"19/12/2025 / 12:42:01";"WING26";"C";"1";"0,00";"executada";"entrada";"1";"162.320,00";"-";"-";"-"
"13631858231";"18/12/2025 / 13:08:33";"WING26";"C";"1";"0,00";"executada";"saída";"1";"161.490,00";"40,00";"0,02";"8,00"
"13631858135";"18/12/2025 / 13:08:32";"WING26";"C";"5";"0,00";"executada";"saída";"5";"161.485,00";"45,00";"0,03";"45,00"
"13631851113";"18/12/2025 / 12:55:34";"WING26";"V";"2";"0,00";"executada";"entrada";"2";"161.640,00";"-";"-";"-"
"13631850195";"18/12/2025 / 12:55:04";"WING26";"V";"2";"0,00";"executada";"entrada";"2";"161.585,00";"-";"-";"-"
"13631849084";"18/12/2025 / 12:54:27";"WING26";"V";"1";"0,00";"executada";"entrada";"1";"161.485,00";"-";"-";"-"
"13631846521";"18/12/2025 / 12:48:57";"WING26";"V";"1";"0,00";"executada";"entrada";"1";"161.245,00";"-";"-";"-"
"13631683983";"17/12/2025 / 12:47:02";"WING26";"C";"1";"0,00";"executada";"saída";"1";"160.460,00";"60,00";"0,04";"12,00"
"13631683758";"17/12/2025 / 12:46:45";"WING26";"V";"1";"0,00";"executada";"entrada";"1";"160.520,00";"-";"-";"-"
"13631426894";"15/12/2025 / 12:50:35";"WINZ25";"C";"1";"0,00";"executada";"saída";"1";"162.560,00";"75,00";"0,05";"15,00"
"13631425633";"15/12/2025 / 12:42:01";"WINZ25";"V";"1";"0,00";"executada";"entrada";"1";"162.635,00";"-";"-";"-"
"13631124563";"10/12/2025 / 13:04:00";"WINZ25";"C";"1";"0,00";"executada";"saída";"1";"158.645,00";"42,50";"0,03";"8,50"
"13631124491";"10/12/2025 / 13:03:59";"WINZ25";"C";"1";"0,00";"executada";"saída";"1";"158.640,00";"47,50";"0,03";"9,50"
"13631122605";"10/12/2025 / 12:51:28";"WINZ25";"V";"1";"0,00";"executada";"entrada";"1";"158.795,00";"-";"-";"-"
"13631120934";"10/12/2025 / 12:42:00";"WINZ25";"V";"1";"0,00";"executada";"entrada";"1";"158.580,00";"-";"-";"-"
"13631022726";"09/12/2025 / 12:45:38";"WINZ25";"C";"2";"0,00";"executada";"saída";"2";"158.400,00";"45,00";"0,03";"18,00"
"13631022074";"09/12/2025 / 12:44:05";"WINZ25";"V";"1";"0,00";"executada";"entrada";"1";"158.545,00";"-";"-";"-"
"13631021493";"09/12/2025 / 12:42:00";"WINZ25";"V";"1";"0,00";"executada";"entrada";"1";"158.345,00";"-";"-";"-"
"13630762451";"05/12/2025 / 12:46:17";"WINZ25";"C";"1";"0,00";"executada";"saída";"1";"165.645,00";"65,00";"0,04";"13,00"
"13630761603";"05/12/2025 / 12:42:01";"WINZ25";"V";"1";"0,00";"executada";"entrada";"1";"165.710,00";"-";"-";"-"
"13630591171";"03/12/2025 / 12:48:47";"WINZ25";"V";"1";"0,00";"executada";"saída";"1";"162.250,00";"75,00";"0,05";"15,00"
"13630590472";"03/12/2025 / 12:42:00";"WINZ25";"C";"1";"0,00";"executada";"entrada";"1";"162.175,00";"-";"-";"-"
"13630501548";"02/12/2025 / 12:53:21";"WINZ25";"C";"1";"0,00";"executada";"saída";"1";"160.830,00";"50,00";"0,03";"10,00"
"13630501154";"02/12/2025 / 12:48:33";"WINZ25";"V";"1";"0,00";"executada";"entrada";"1";"160.880,00";"-";"-";"-"
"13630333516";"28/11/2025 / 12:47:38";"WINZ25";"C";"1";"0,00";"executada";"saída";"1";"159.870,00";"55,00";"0,03";"11,00"
"13630333079";"28/11/2025 / 12:42:00";"WINZ25";"V";"1";"0,00";"executada";"entrada";"1";"159.925,00";"-";"-";"-"
"13630259637";"27/11/2025 / 13:51:13";"WINZ25";"C";"1";"0,00";"executada";"saída";"1";"159.540,00";"70,00";"0,04";"14,00"
"13630255149";"27/11/2025 / 13:14:05";"WINZ25";"V";"1";"0,00";"executada";"entrada";"1";"159.610,00";"-";"-";"-"
"13630116492";"25/11/2025 / 12:47:32";"WINZ25";"C";"1";"0,00";"executada";"saída";"1";"156.980,00";"65,00";"0,04";"13,00"
"13630115964";"25/11/2025 / 12:44:28";"WINZ25";"V";"1";"0,00";"executada";"entrada";"1";"157.045,00";"-";"-";"-"
"13630021865";"24/11/2025 / 12:50:18";"WINZ25";"C";"1";"0,00";"executada";"saída";"1";"156.780,00";"70,00";"0,04";"14,00"
"13630021532";"24/11/2025 / 12:48:24";"WINZ25";"V";"1";"0,00";"executada";"entrada";"1";"156.850,00";"-";"-";"-"
"13629817041";"19/11/2025 / 12:48:45";"WINZ25";"V";"1";"0,00";"executada";"saída";"1";"157.405,00";"60,00";"0,04";"12,00"
"13629816571";"19/11/2025 / 12:45:20";"WINZ25";"C";"1";"0,00";"executada";"entrada";"1";"157.345,00";"-";"-";"-"
"13629738063";"18/11/2025 / 12:52:03";"WINZ25";"V";"1";"0,00";"executada";"saída";"1";"158.140,00";"30,00";"0,02";"6,00"
"13629737247";"18/11/2025 / 12:46:31";"WINZ25";"C";"1";"0,00";"executada";"entrada";"1";"158.110,00";"-";"-";"-"
"13629621860";"17/11/2025 / 12:43:00";"WINZ25";"V";"1";"0,00";"executada";"saída";"1";"159.420,00";"35,00";"0,02";"7,00"
"13629621654";"17/11/2025 / 12:42:01";"WINZ25";"C";"1";"0,00";"executada";"entrada";"1";"159.385,00";"-";"-";"-"
"13629381940";"13/11/2025 / 12:45:50";"WINZ25";"V";"1";"0,00";"executada";"saída";"1";"159.690,00";"65,00";"0,04";"13,00"
"13629381638";"13/11/2025 / 12:44:07";"WINZ25";"C";"1";"0,00";"executada";"entrada";"1";"159.625,00";"-";"-";"-"
"13629287019";"12/11/2025 / 12:48:58";"WINZ25";"V";"1";"0,00";"executada";"saída";"1";"158.975,00";"60,00";"0,04";"12,00"
"13629286779";"12/11/2025 / 12:46:43";"WINZ25";"C";"1";"0,00";"executada";"entrada";"1";"158.915,00";"-";"-";"-"
"13629116094";"10/11/2025 / 12:56:57";"WINZ25";"V";"1";"0,00";"executada";"saída";"1";"157.090,00";"40,00";"0,03";"8,00"
"13629114917";"10/11/2025 / 12:50:33";"WINZ25";"C";"1";"0,00";"executada";"entrada";"1";"157.050,00";"-";"-";"-"
"13629032954";"07/11/2025 / 13:05:06";"WINZ25";"V";"1";"0,00";"executada";"saída";"1";"155.125,00";"70,00";"0,05";"14,00"
"13629030256";"07/11/2025 / 12:45:27";"WINZ25";"C";"1";"0,00";"executada";"entrada";"1";"155.055,00";"-";"-";"-"
"13628923067";"06/11/2025 / 12:46:01";"WINZ25";"V";"1";"0,00";"executada";"saída";"1";"155.855,00";"65,00";"0,04";"13,00"
"13628920047";"06/11/2025 / 12:42:01";"WINZ25";"C";"1";"0,00";"executada";"entrada";"1";"155.790,00";"-";"-";"-"
"13628755504";"04/11/2025 / 16:10:01";"WINZ25";"V";"4";"0,00";"executada";"saída";"4";"152.580,00";"-121,25";"-0,08";"-97,00"
"13628751145";"04/11/2025 / 15:27:57";"WINZ25";"C";"2";"0,00";"executada";"entrada";"2";"152.570,00";"-";"-";"-"
"13628743928";"04/11/2025 / 14:17:50";"WINZ25";"C";"1";"0,00";"executada";"entrada";"1";"152.725,00";"-";"-";"-"
"13628734275";"04/11/2025 / 12:52:36";"WINZ25";"C";"1";"0,00";"executada";"entrada";"1";"152.940,00";"-";"-";"-"
"13628655029";"03/11/2025 / 12:48:55";"WINZ25";"C";"1";"0,00";"executada";"saída";"1";"152.695,00";"45,00";"0,03";"9,00"
"13628654253";"03/11/2025 / 12:44:21";"WINZ25";"V";"1";"0,00";"executada";"entrada";"1";"152.740,00";"-";"-";"-"
"13628553344";"31/10/2025 / 11:48:34";"WINZ25";"C";"1";"0,00";"executada";"saída";"1";"151.735,00";"70,00";"0,05";"14,00"
"13628551962";"31/10/2025 / 11:43:54";"WINZ25";"V";"1";"0,00";"executada";"entrada";"1";"151.805,00";"-";"-";"-"
"13628471454";"30/10/2025 / 12:15:39";"WINZ25";"C";"2";"0,00";"executada";"saída";"2";"151.607,50";"33,75";"0,02";"13,50"
"13628471375";"30/10/2025 / 12:15:38";"WINZ25";"C";"2";"0,00";"executada";"saída";"2";"151.600,00";"41,25";"0,03";"16,50"
"13628469515";"30/10/2025 / 12:02:37";"WINZ25";"V";"2";"0,00";"executada";"entrada";"2";"151.765,00";"-";"-";"-"
"13628468111";"30/10/2025 / 11:57:01";"WINZ25";"V";"1";"0,00";"executada";"entrada";"1";"151.620,00";"-";"-";"-"
"13628465477";"30/10/2025 / 11:42:01";"WINZ25";"V";"1";"0,00";"executada";"entrada";"1";"151.415,00";"-";"-";"-"
"13628207622";"27/10/2025 / 12:09:06";"WINZ25";"C";"1";"0,00";"executada";"saída";"1";"149.825,00";"55,00";"0,04";"11,00"
"13628202195";"27/10/2025 / 11:42:01";"WINZ25";"V";"1";"0,00";"executada";"entrada";"1";"149.880,00";"-";"-";"-"
"13628103845";"24/10/2025 / 11:42:25";"WINZ25";"V";"1";"0,00";"executada";"saída";"1";"149.055,00";"60,00";"0,04";"12,00"
"13628103710";"24/10/2025 / 11:42:01";"WINZ25";"C";"1";"0,00";"executada";"entrada";"1";"148.995,00";"-";"-";"-"
"13627988048";"23/10/2025 / 11:45:13";"WINZ25";"V";"1";"0,00";"executada";"saída";"1";"148.305,00";"60,00";"0,04";"12,00"
"13627987310";"23/10/2025 / 11:42:11";"WINZ25";"C";"1";"0,00";"executada";"entrada";"1";"148.245,00";"-";"-";"-"
"13627874556";"22/10/2025 / 11:44:43";"WINZ25";"V";"1";"0,00";"executada";"saída";"1";"147.255,00";"40,00";"0,03";"8,00"
"13627873137";"22/10/2025 / 11:42:01";"WINZ25";"C";"1";"0,00";"executada";"entrada";"1";"147.215,00";"-";"-";"-"
"13627480392";"16/10/2025 / 11:44:28";"WINZ25";"C";"1";"0,00";"executada";"saída";"1";"145.490,00";"40,00";"0,03";"8,00"
"13627479655";"16/10/2025 / 11:42:01";"WINZ25";"V";"1";"0,00";"executada";"entrada";"1";"145.530,00";"-";"-";"-"
"13627352014";"15/10/2025 / 11:45:35";"WINZ25";"V";"1";"0,00";"executada";"saída";"1";"145.585,00";"90,00";"0,06";"18,00"
"13627350722";"15/10/2025 / 11:42:01";"WINZ25";"C";"1";"0,00";"executada";"entrada";"1";"145.495,00";"-";"-";"-"
"13627124686";"13/10/2025 / 11:55:04";"WINV25";"C";"1";"0,00";"executada";"saída";"1";"142.095,00";"55,00";"0,04";"11,00"
"13627121059";"13/10/2025 / 11:42:42";"WINV25";"V";"1";"0,00";"executada";"entrada";"1";"142.150,00";"-";"-";"-"
"13626861187";"09/10/2025 / 11:49:07";"WINV25";"V";"1";"0,00";"executada";"saída";"1";"142.270,00";"65,00";"0,05";"13,00"
"13626859889";"09/10/2025 / 11:43:41";"WINV25";"C";"1";"0,00";"executada";"entrada";"1";"142.205,00";"-";"-";"-"
"13626772915";"08/10/2025 / 11:47:28";"WINV25";"V";"1";"0,00";"executada";"saída";"1";"142.550,00";"70,00";"0,05";"14,00"
"13626772189";"08/10/2025 / 11:42:01";"WINV25";"C";"1";"0,00";"executada";"entrada";"1";"142.480,00";"-";"-";"-"
"13626606258";"06/10/2025 / 11:51:01";"WINV25";"C";"1";"0,00";"executada";"saída";"1";"144.335,00";"90,00";"0,06";"18,00"
"13626604835";"06/10/2025 / 11:42:52";"WINV25";"V";"1";"0,00";"executada";"entrada";"1";"144.425,00";"-";"-";"-"
"13626280382";"01/10/2025 / 11:49:59";"WINV25";"V";"1";"0,00";"executada";"saída";"1";"146.495,00";"35,00";"0,02";"7,00"
"13626280302";"01/10/2025 / 11:49:58";"WINV25";"V";"1";"0,00";"executada";"saída";"1";"146.505,00";"45,00";"0,03";"9,00"
"13626279545";"01/10/2025 / 11:47:37";"WINV25";"C";"1";"0,00";"executada";"entrada";"1";"146.360,00";"-";"-";"-"
"13626277078";"01/10/2025 / 11:42:01";"WINV25";"C";"1";"0,00";"executada";"entrada";"1";"146.560,00";"-";"-";"-"
"13626090854";"29/09/2025 / 11:42:16";"WINV25";"C";"1";"0,00";"executada";"saída";"1";"147.645,00";"60,00";"0,04";"12,00"
"13626090783";"29/09/2025 / 11:42:01";"WINV25";"V";"1";"0,00";"executada";"entrada";"1";"147.705,00";"-";"-";"-"
"13625997022";"26/09/2025 / 11:49:24";"WINV25";"V";"1";"0,00";"executada";"saída";"1";"146.330,00";"70,00";"0,05";"14,00"
"13625996649";"26/09/2025 / 11:45:52";"WINV25";"C";"1";"0,00";"executada";"entrada";"1";"146.260,00";"-";"-";"-"
"13625753754";"24/09/2025 / 11:46:34";"WINV25";"V";"1";"0,00";"executada";"saída";"1";"147.575,00";"50,00";"0,03";"10,00"
"13625752918";"24/09/2025 / 11:43:17";"WINV25";"C";"1";"0,00";"executada";"entrada";"1";"147.525,00";"-";"-";"-"
"13625410969";"22/09/2025 / 11:47:18";"WINV25";"V";"1";"0,00";"executada";"saída";"1";"145.350,00";"70,00";"0,05";"14,00"
"13625410214";"22/09/2025 / 11:43:55";"WINV25";"C";"1";"0,00";"executada";"entrada";"1";"145.280,00";"-";"-";"-"
"13625302131";"19/09/2025 / 11:47:59";"WINV25";"V";"1";"0,00";"executada";"saída";"1";"147.085,00";"55,00";"0,04";"11,00"
"13625301311";"19/09/2025 / 11:42:48";"WINV25";"C";"1";"0,00";"executada";"entrada";"1";"147.030,00";"-";"-";"-"
"13624953916";"16/09/2025 / 11:49:46";"WINV25";"V";"1";"0,00";"executada";"saída";"1";"145.515,00";"45,00";"0,03";"9,00"
"13624951951";"16/09/2025 / 11:42:46";"WINV25";"C";"1";"0,00";"executada";"entrada";"1";"145.470,00";"-";"-";"-"
"13624844565";"15/09/2025 / 11:46:57";"WINV25";"C";"1";"0,00";"executada";"saída";"1";"145.115,00";"45,00";"0,03";"9,00"
"13624844481";"15/09/2025 / 11:46:19";"WINV25";"V";"1";"0,00";"executada";"entrada";"1";"145.160,00";"-";"-";"-"
"13624736936";"12/09/2025 / 12:10:45";"WINV25";"V";"2";"0,00";"executada";"saída";"2";"144.365,00";"60,00";"0,04";"24,00"
"13624733247";"12/09/2025 / 11:50:37";"WINV25";"C";"1";"0,00";"executada";"entrada";"1";"144.190,00";"-";"-";"-"
"13624730101";"12/09/2025 / 11:42:00";"WINV25";"C";"1";"0,00";"executada";"entrada";"1";"144.420,00";"-";"-";"-"
"13624376040";"09/09/2025 / 11:42:30";"WINV25";"C";"1";"0,00";"executada";"saída";"1";"143.890,00";"75,00";"0,05";"15,00"
"13624375887";"09/09/2025 / 11:42:01";"WINV25";"V";"1";"0,00";"executada";"entrada";"1";"143.965,00";"-";"-";"-"
"13624079958";"04/09/2025 / 11:49:10";"WINV25";"C";"1";"0,00";"executada";"saída";"1";"142.080,00";"60,00";"0,04";"12,00"
"13624077927";"04/09/2025 / 11:42:01";"WINV25";"V";"1";"0,00";"executada";"entrada";"1";"142.140,00";"-";"-";"-"
"13623992231";"03/09/2025 / 11:43:22";"WINV25";"V";"1";"0,00";"executada";"saída";"1";"142.270,00";"65,00";"0,05";"13,00"
"13623991964";"03/09/2025 / 11:42:01";"WINV25";"C";"1";"0,00";"executada";"entrada";"1";"142.205,00";"-";"-";"-"
"13623804277";"01/09/2025 / 15:02:44";"WINV25";"V";"5";"0,00";"executada";"saída";"5";"143.394,00";"44,50";"0,03";"44,50"
"13623804217";"01/09/2025 / 15:02:43";"WINV25";"V";"5";"0,00";"executada";"saída";"5";"143.400,00";"50,50";"0,04";"50,50"
"13623794084";"01/09/2025 / 13:22:05";"WINV25";"C";"4";"0,00";"executada";"entrada";"4";"143.185,00";"-";"-";"-"
"13623784547";"01/09/2025 / 12:07:06";"WINV25";"C";"2";"0,00";"executada";"entrada";"2";"143.325,00";"-";"-";"-"
"13623783749";"01/09/2025 / 12:06:02";"WINV25";"C";"2";"0,00";"executada";"entrada";"2";"143.405,00";"-";"-";"-"
"13623779593";"01/09/2025 / 11:45:27";"WINV25";"C";"1";"0,00";"executada";"entrada";"1";"143.540,00";"-";"-";"-"
"13623777005";"01/09/2025 / 11:42:01";"WINV25";"C";"1";"0,00";"executada";"entrada";"1";"143.755,00";"-";"-";"-"
"13623710945";"29/08/2025 / 11:50:20";"WINV25";"V";"1";"0,00";"executada";"saída";"1";"144.125,00";"55,00";"0,04";"11,00"
"13623710362";"29/08/2025 / 11:44:51";"WINV25";"C";"1";"0,00";"executada";"entrada";"1";"144.070,00";"-";"-";"-"
"13623400804";"26/08/2025 / 11:44:10";"WINV25";"V";"1";"0,00";"executada";"saída";"1";"139.655,00";"65,00";"0,05";"13,00"
"13623400445";"26/08/2025 / 11:42:01";"WINV25";"C";"1";"0,00";"executada";"entrada";"1";"139.590,00";"-";"-";"-"
"13623317016";"25/08/2025 / 11:49:20";"WINV25";"C";"1";"0,00";"executada";"saída";"1";"141.205,00";"70,00";"0,05";"14,00"
"13623316757";"25/08/2025 / 11:46:28";"WINV25";"V";"1";"0,00";"executada";"entrada";"1";"141.275,00";"-";"-";"-"
"13623046483";"20/08/2025 / 12:00:10";"WINV25";"V";"2";"0,00";"executada";"saída";"2";"136.915,00";"42,50";"0,03";"17,00"
"13623045398";"20/08/2025 / 11:54:26";"WINV25";"C";"1";"0,00";"executada";"entrada";"1";"136.765,00";"-";"-";"-"
"13623043363";"20/08/2025 / 11:46:15";"WINV25";"C";"1";"0,00";"executada";"entrada";"1";"136.980,00";"-";"-";"-"
"13622952467";"19/08/2025 / 11:45:21";"WINV25";"V";"1";"0,00";"executada";"saída";"1";"137.475,00";"55,00";"0,04";"11,00"
"13622951783";"19/08/2025 / 11:42:00";"WINV25";"C";"1";"0,00";"executada";"entrada";"1";"137.420,00";"-";"-";"-"
"13622849143";"18/08/2025 / 11:44:06";"WINV25";"C";"1";"0,00";"executada";"saída";"1";"140.385,00";"50,00";"0,04";"10,00"
"13622848817";"18/08/2025 / 11:42:00";"WINV25";"V";"1";"0,00";"executada";"entrada";"1";"140.435,00";"-";"-";"-"
"13622746759";"15/08/2025 / 11:50:45";"WINV25";"C";"2";"0,00";"executada";"saída";"2";"139.235,00";"35,00";"0,03";"14,00"
"13622745958";"15/08/2025 / 11:47:14";"WINV25";"V";"1";"0,00";"executada";"entrada";"1";"139.365,00";"-";"-";"-"
"13622744392";"15/08/2025 / 11:42:01";"WINV25";"V";"1";"0,00";"executada";"entrada";"1";"139.175,00";"-";"-";"-"
"13622644917";"14/08/2025 / 11:58:38";"WINV25";"C";"6";"0,00";"executada";"saída";"6";"140.290,00";"16,67";"0,01";"20,00"
"13622643441";"14/08/2025 / 11:51:05";"WINV25";"V";"2";"0,00";"executada";"entrada";"2";"140.450,00";"-";"-";"-"
"13622641716";"14/08/2025 / 11:46:58";"WINV25";"V";"2";"0,00";"executada";"entrada";"2";"140.365,00";"-";"-";"-"
"13622640985";"14/08/2025 / 11:45:06";"WINV25";"V";"1";"0,00";"executada";"entrada";"1";"140.205,00";"-";"-";"-"
"13622639339";"14/08/2025 / 11:42:01";"WINV25";"V";"1";"0,00";"executada";"entrada";"1";"140.005,00";"-";"-";"-"
"13622291977";"11/08/2025 / 11:43:30";"WINQ25";"C";"1";"0,00";"executada";"saída";"1";"135.865,00";"55,00";"0,04";"11,00"
"13622291584";"11/08/2025 / 11:42:00";"WINQ25";"V";"1";"0,00";"executada";"entrada";"1";"135.920,00";"-";"-";"-"
"13622200742";"08/08/2025 / 12:23:48";"WINQ25";"C";"4";"0,00";"executada";"saída";"4";"136.597,50";"30,83";"0,02";"24,67"
"13622200657";"08/08/2025 / 12:23:46";"WINQ25";"C";"2";"0,00";"executada";"saída";"2";"136.605,00";"23,33";"0,02";"9,33"
"13622199266";"08/08/2025 / 12:11:55";"WINQ25";"V";"2";"0,00";"executada";"entrada";"2";"136.765,00";"-";"-";"-"
"13622198672";"08/08/2025 / 12:10:33";"WINQ25";"V";"2";"0,00";"executada";"entrada";"2";"136.665,00";"-";"-";"-"
"13622196410";"08/08/2025 / 12:01:53";"WINQ25";"V";"1";"0,00";"executada";"entrada";"1";"136.570,00";"-";"-";"-"
"13622193284";"08/08/2025 / 11:46:10";"WINQ25";"V";"1";"0,00";"executada";"entrada";"1";"136.340,00";"-";"-";"-"
"13622115602";"07/08/2025 / 12:38:39";"WINQ25";"C";"1";"0,00";"executada";"saída";"1";"136.330,00";"72,50";"0,05";"14,50"
"13622115484";"07/08/2025 / 12:38:38";"WINQ25";"C";"1";"0,00";"executada";"saída";"1";"136.330,00";"72,50";"0,05";"14,50"
"13622111493";"07/08/2025 / 12:01:19";"WINQ25";"V";"1";"0,00";"executada";"entrada";"1";"136.510,00";"-";"-";"-"
"13622109660";"07/08/2025 / 11:48:51";"WINQ25";"V";"1";"0,00";"executada";"entrada";"1";"136.295,00";"-";"-";"-"
"13622033396";"06/08/2025 / 12:04:05";"WINQ25";"V";"2";"0,00";"executada";"saída";"2";"134.935,00";"40,00";"0,03";"16,00"
"13622029214";"06/08/2025 / 11:50:13";"WINQ25";"C";"1";"0,00";"executada";"entrada";"1";"134.780,00";"-";"-";"-"
"13622027163";"06/08/2025 / 11:42:31";"WINQ25";"C";"1";"0,00";"executada";"entrada";"1";"135.010,00";"-";"-";"-"
"13621823553";"04/08/2025 / 11:43:54";"WINQ25";"C";"1";"0,00";"executada";"saída";"1";"133.715,00";"50,00";"0,04";"10,00"
"13621823358";"04/08/2025 / 11:43:04";"WINQ25";"V";"1";"0,00";"executada";"entrada";"1";"133.765,00";"-";"-";"-"
"13621521190";"31/07/2025 / 11:45:59";"WINQ25";"C";"1";"0,00";"executada";"saída";"1";"133.240,00";"90,00";"0,07";"18,00"
"13621519229";"31/07/2025 / 11:42:17";"WINQ25";"V";"1";"0,00";"executada";"entrada";"1";"133.330,00";"-";"-";"-"
"13621084675";"25/07/2025 / 11:45:11";"WINQ25";"V";"1";"0,00";"executada";"saída";"1";"134.450,00";"70,00";"0,05";"14,00"
"13621084313";"25/07/2025 / 11:42:41";"WINQ25";"C";"1";"0,00";"executada";"entrada";"1";"134.380,00";"-";"-";"-"
"13621000543";"24/07/2025 / 11:42:24";"WINQ25";"C";"1";"0,00";"executada";"saída";"1";"135.045,00";"50,00";"0,04";"10,00"
"13621000400";"24/07/2025 / 11:42:00";"WINQ25";"V";"1";"0,00";"executada";"entrada";"1";"135.095,00";"-";"-";"-"
"13620917011";"23/07/2025 / 11:43:11";"WINQ25";"C";"1";"0,00";"executada";"saída";"1";"136.030,00";"60,00";"0,04";"12,00"
"13620916728";"23/07/2025 / 11:42:01";"WINQ25";"V";"1";"0,00";"executada";"entrada";"1";"136.090,00";"-";"-";"-"
"13620817636";"22/07/2025 / 11:47:20";"WINQ25";"V";"1";"0,00";"executada";"saída";"1";"136.200,00";"65,00";"0,05";"13,00"
"13620816811";"22/07/2025 / 11:42:08";"WINQ25";"C";"1";"0,00";"executada";"entrada";"1";"136.135,00";"-";"-";"-"
"13620737679";"21/07/2025 / 11:57:43";"WINQ25";"C";"1";"0,00";"executada";"saída";"1";"135.590,00";"50,00";"0,04";"10,00"
"13620735072";"21/07/2025 / 11:42:02";"WINQ25";"V";"1";"0,00";"executada";"entrada";"1";"135.640,00";"-";"-";"-"
"13620652595";"18/07/2025 / 11:51:58";"WINQ25";"V";"1";"0,00";"executada";"saída";"1";"135.965,00";"55,00";"0,04";"11,00"
"13620650153";"18/07/2025 / 11:44:34";"WINQ25";"C";"1";"0,00";"executada";"entrada";"1";"135.910,00";"-";"-";"-"
"13620562546";"17/07/2025 / 12:11:37";"WINQ25";"C";"6";"0,00";"executada";"saída";"6";"136.877,50";"40,00";"0,03";"48,00"
"13620561661";"17/07/2025 / 12:06:47";"WINQ25";"V";"2";"0,00";"executada";"entrada";"2";"137.055,00";"-";"-";"-"
"13620559721";"17/07/2025 / 11:53:15";"WINQ25";"V";"2";"0,00";"executada";"entrada";"2";"136.975,00";"-";"-";"-"
"13620558324";"17/07/2025 / 11:48:07";"WINQ25";"V";"1";"0,00";"executada";"entrada";"1";"136.830,00";"-";"-";"-"
"13620556159";"17/07/2025 / 11:42:01";"WINQ25";"V";"1";"0,00";"executada";"entrada";"1";"136.615,00";"-";"-";"-"
"13620447026";"16/07/2025 / 11:52:15";"WINQ25";"V";"1";"0,00";"executada";"saída";"1";"135.885,00";"50,00";"0,04";"10,00"
"13620445399";"16/07/2025 / 11:42:01";"WINQ25";"C";"1";"0,00";"executada";"entrada";"1";"135.835,00";"-";"-";"-"
"13620348323";"15/07/2025 / 11:43:32";"WINQ25";"V";"1";"0,00";"executada";"saída";"1";"136.085,00";"60,00";"0,04";"12,00"
"13620347965";"15/07/2025 / 11:42:01";"WINQ25";"C";"1";"0,00";"executada";"entrada";"1";"136.025,00";"-";"-";"-"
"13620260948";"14/07/2025 / 11:45:27";"WINQ25";"V";"1";"0,00";"executada";"saída";"1";"136.540,00";"75,00";"0,06";"15,00"
"13620260773";"14/07/2025 / 11:44:44";"WINQ25";"C";"1";"0,00";"executada";"entrada";"1";"136.465,00";"-";"-";"-"
"13620176671";"11/07/2025 / 11:42:51";"WINQ25";"V";"1";"0,00";"executada";"saída";"1";"137.515,00";"60,00";"0,04";"12,00"
"13620176431";"11/07/2025 / 11:42:01";"WINQ25";"C";"1";"0,00";"executada";"entrada";"1";"137.455,00";"-";"-";"-"
"13619949410";"09/07/2025 / 12:40:19";"WINQ25";"V";"4";"0,00";"executada";"saída";"4";"139.800,00";"75,00";"0,05";"60,00"
"13619947423";"09/07/2025 / 12:18:02";"WINQ25";"C";"2";"0,00";"executada";"entrada";"2";"139.602,50";"-";"-";"-"
"13619944866";"09/07/2025 / 11:58:41";"WINQ25";"C";"1";"0,00";"executada";"entrada";"1";"139.730,00";"-";"-";"-"
"13619942397";"09/07/2025 / 11:47:49";"WINQ25";"C";"1";"0,00";"executada";"entrada";"1";"139.965,00";"-";"-";"-"
"13619860557";"08/07/2025 / 11:45:14";"WINQ25";"V";"1";"0,00";"executada";"saída";"1";"140.955,00";"50,00";"0,04";"10,00"
"13619859909";"08/07/2025 / 11:42:00";"WINQ25";"C";"1";"0,00";"executada";"entrada";"1";"140.905,00";"-";"-";"-"
"13619620702";"03/07/2025 / 12:10:39";"WINQ25";"V";"2";"0,00";"executada";"saída";"2";"142.765,00";"52,50";"0,04";"21,00"
"13619618302";"03/07/2025 / 12:01:12";"WINQ25";"C";"1";"0,00";"executada";"entrada";"1";"142.615,00";"-";"-";"-"
"13619615426";"03/07/2025 / 11:42:23";"WINQ25";"C";"1";"0,00";"executada";"entrada";"1";"142.810,00";"-";"-";"-"
"13619507833";"02/07/2025 / 11:46:05";"WINQ25";"V";"1";"0,00";"executada";"saída";"1";"140.690,00";"60,00";"0,04";"12,00"
"13619507407";"02/07/2025 / 11:44:37";"WINQ25";"C";"1";"0,00";"executada";"entrada";"1";"140.630,00";"-";"-";"-"
"13619410075";"01/07/2025 / 11:55:50";"WINQ25";"V";"1";"0,00";"executada";"saída";"1";"141.290,00";"45,00";"0,03";"9,00"
"13619407255";"01/07/2025 / 11:42:00";"WINQ25";"C";"1";"0,00";"executada";"entrada";"1";"141.245,00";"-";"-";"-"
"13619194018";"27/06/2025 / 11:49:26";"WINQ25";"V";"1";"0,00";"executada";"saída";"1";"139.030,00";"60,00";"0,04";"12,00"
"13619192661";"27/06/2025 / 11:42:01";"WINQ25";"C";"1";"0,00";"executada";"entrada";"1";"138.970,00";"-";"-";"-"
"13619094516";"26/06/2025 / 11:55:55";"WINQ25";"C";"1";"0,00";"executada";"saída";"1";"139.360,00";"35,00";"0,03";"7,00"
"13619091734";"26/06/2025 / 11:42:01";"WINQ25";"V";"1";"0,00";"executada";"entrada";"1";"139.395,00";"-";"-";"-"
"13618994186";"25/06/2025 / 11:49:16";"WINQ25";"V";"1";"0,00";"executada";"saída";"1";"138.605,00";"55,00";"0,04";"11,00"
"13618994053";"25/06/2025 / 11:48:38";"WINQ25";"C";"1";"0,00";"executada";"entrada";"1";"138.550,00";"-";"-";"-"
"13618910497";"24/06/2025 / 13:03:29";"WINQ25";"C";"4";"0,00";"executada";"saída";"4";"140.470,00";"46,67";"0,03";"37,33"
"13618910442";"24/06/2025 / 13:03:29";"WINQ25";"C";"2";"0,00";"executada";"saída";"2";"140.470,00";"46,67";"0,03";"18,67"
"13618906585";"24/06/2025 / 12:33:10";"WINQ25";"V";"2";"0,00";"executada";"entrada";"2";"140.655,00";"-";"-";"-"
"13618903359";"24/06/2025 / 12:11:15";"WINQ25";"V";"2";"0,00";"executada";"entrada";"2";"140.565,00";"-";"-";"-"
"13618900737";"24/06/2025 / 12:02:23";"WINQ25";"V";"1";"0,00";"executada";"entrada";"1";"140.435,00";"-";"-";"-"
"13618893952";"24/06/2025 / 11:42:00";"WINQ25";"V";"1";"0,00";"executada";"entrada";"1";"140.225,00";"-";"-";"-"
"13618785959";"23/06/2025 / 11:49:14";"WINQ25";"C";"1";"0,00";"executada";"saída";"1";"139.135,00";"40,00";"0,03";"8,00"
"13618785245";"23/06/2025 / 11:45:00";"WINQ25";"V";"1";"0,00";"executada";"entrada";"1";"139.175,00";"-";"-";"-"
"13618473337";"17/06/2025 / 11:42:37";"WINM25";"V";"1";"0,00";"executada";"saída";"1";"138.970,00";"50,00";"0,04";"10,00"
"13618473137";"17/06/2025 / 11:42:01";"WINM25";"C";"1";"0,00";"executada";"entrada";"1";"138.920,00";"-";"-";"-"
"13618389976";"16/06/2025 / 12:06:12";"WINM25";"C";"4";"0,00";"executada";"saída";"4";"139.925,00";"42,50";"0,03";"34,00"
"13618389123";"16/06/2025 / 11:59:12";"WINM25";"V";"2";"0,00";"executada";"entrada";"2";"140.095,00";"-";"-";"-"
"13618386736";"16/06/2025 / 11:45:18";"WINM25";"V";"1";"0,00";"executada";"entrada";"1";"139.940,00";"-";"-";"-"
"13618385885";"16/06/2025 / 11:42:00";"WINM25";"V";"1";"0,00";"executada";"entrada";"1";"139.740,00";"-";"-";"-"
"13618287669";"13/06/2025 / 11:44:11";"WINM25";"C";"1";"0,00";"executada";"saída";"1";"137.265,00";"55,00";"0,04";"11,00"
"13618287413";"13/06/2025 / 11:42:01";"WINM25";"V";"1";"0,00";"executada";"entrada";"1";"137.320,00";"-";"-";"-"
"13618179886";"12/06/2025 / 11:43:47";"WINM25";"V";"1";"0,00";"executada";"saída";"1";"137.615,00";"35,00";"0,03";"7,00"
"13618179581";"12/06/2025 / 11:42:33";"WINM25";"C";"1";"0,00";"executada";"entrada";"1";"137.580,00";"-";"-";"-"
"13618073758";"11/06/2025 / 11:45:03";"WINM25";"V";"1";"0,00";"executada";"saída";"1";"136.950,00";"55,00";"0,04";"11,00"
"13618073278";"11/06/2025 / 11:42:01";"WINM25";"C";"1";"0,00";"executada";"entrada";"1";"136.895,00";"-";"-";"-"
"13617968605";"10/06/2025 / 11:42:48";"WINM25";"V";"1";"0,00";"executada";"saída";"1";"137.315,00";"50,00";"0,04";"10,00"
"13617968310";"10/06/2025 / 11:42:00";"WINM25";"C";"1";"0,00";"executada";"entrada";"1";"137.265,00";"-";"-";"-"
"13617848266";"09/06/2025 / 10:42:11";"WINM25";"V";"1";"0,00";"executada";"saída";"1";"135.305,00";"40,00";"0,03";"8,00"
"13617848186";"09/06/2025 / 10:42:01";"WINM25";"C";"1";"0,00";"executada";"entrada";"1";"135.265,00";"-";"-";"-"
"13617734720";"06/06/2025 / 10:42:08";"WINM25";"C";"1";"0,00";"executada";"saída";"1";"137.355,00";"90,00";"0,07";"18,00"
"13617734493";"06/06/2025 / 10:42:00";"WINM25";"V";"1";"0,00";"executada";"entrada";"1";"137.445,00";"-";"-";"-"
"13617620078";"05/06/2025 / 10:42:57";"WINM25";"C";"1";"0,00";"executada";"saída";"1";"137.970,00";"55,00";"0,04";"11,00"
"13617619804";"05/06/2025 / 10:42:01";"WINM25";"V";"1";"0,00";"executada";"entrada";"1";"138.025,00";"-";"-";"-"
"13617518409";"04/06/2025 / 10:52:42";"WINM25";"V";"1";"0,00";"executada";"saída";"1";"139.045,00";"40,00";"0,03";"8,00"
"13617516321";"04/06/2025 / 10:42:32";"WINM25";"C";"1";"0,00";"executada";"entrada";"1";"139.005,00";"-";"-";"-"
"13617226896";"30/05/2025 / 10:45:12";"WINM25";"V";"1";"0,00";"executada";"saída";"1";"138.430,00";"55,00";"0,04";"11,00"
"13617226012";"30/05/2025 / 10:42:00";"WINM25";"C";"1";"0,00";"executada";"entrada";"1";"138.375,00";"-";"-";"-"
"13617026631";"28/05/2025 / 10:46:34";"WINM25";"V";"1";"0,00";"executada";"saída";"1";"140.130,00";"55,00";"0,04";"11,00"
"13617025419";"28/05/2025 / 10:42:01";"WINM25";"C";"1";"0,00";"executada";"entrada";"1";"140.075,00";"-";"-";"-"
"13616920482";"27/05/2025 / 10:43:01";"WINM25";"C";"1";"0,00";"executada";"saída";"1";"140.990,00";"70,00";"0,05";"14,00"
"13616920168";"27/05/2025 / 10:42:01";"WINM25";"V";"1";"0,00";"executada";"entrada";"1";"141.060,00";"-";"-";"-"
"13616820260";"26/05/2025 / 10:42:11";"WINM25";"C";"1";"0,00";"executada";"saída";"1";"139.450,00";"35,00";"0,03";"7,00"
"13616820184";"26/05/2025 / 10:42:00";"WINM25";"V";"1";"0,00";"executada";"entrada";"1";"139.485,00";"-";"-";"-"
"13616427386";"21/05/2025 / 10:45:21";"WINM25";"C";"1";"0,00";"executada";"saída";"1";"140.710,00";"80,00";"0,06";"16,00"
"13616426781";"21/05/2025 / 10:44:39";"WINM25";"V";"1";"0,00";"executada";"entrada";"1";"140.790,00";"-";"-";"-"
"13616212565";"19/05/2025 / 10:44:44";"WINM25";"C";"1";"0,00";"executada";"saída";"1";"140.360,00";"80,00";"0,06";"16,00"
"13616211408";"19/05/2025 / 10:42:11";"WINM25";"V";"1";"0,00";"executada";"entrada";"1";"140.440,00";"-";"-";"-"
"13615964789";"15/05/2025 / 10:45:06";"WINM25";"C";"1";"0,00";"executada";"saída";"1";"140.260,00";"40,00";"0,03";"8,00"
"13615964201";"15/05/2025 / 10:43:32";"WINM25";"V";"1";"0,00";"executada";"entrada";"1";"140.300,00";"-";"-";"-"
"13615852393";"14/05/2025 / 10:43:56";"WINM25";"C";"1";"0,00";"executada";"saída";"1";"140.845,00";"60,00";"0,04";"12,00"
"13615851074";"14/05/2025 / 10:42:01";"WINM25";"V";"1";"0,00";"executada";"entrada";"1";"140.905,00";"-";"-";"-"
"13615638795";"12/05/2025 / 10:43:20";"WINM25";"C";"1";"0,00";"executada";"saída";"1";"138.920,00";"65,00";"0,05";"13,00"
"13615638312";"12/05/2025 / 10:42:00";"WINM25";"V";"1";"0,00";"executada";"entrada";"1";"138.985,00";"-";"-";"-"
"13615541144";"09/05/2025 / 10:57:04";"WINM25";"C";"2";"0,00";"executada";"saída";"2";"138.785,00";"72,50";"0,05";"29,00"
"13615538603";"09/05/2025 / 10:48:10";"WINM25";"V";"1";"0,00";"executada";"entrada";"1";"138.965,00";"-";"-";"-"
"13615535505";"09/05/2025 / 10:42:00";"WINM25";"V";"1";"0,00";"executada";"entrada";"1";"138.750,00";"-";"-";"-"
"13615195306";"06/05/2025 / 11:00:01";"WINM25";"V";"2";"0,00";"executada";"saída";"2";"135.762,50";"95,00";"0,07";"38,00"
"13615194647";"06/05/2025 / 10:57:13";"WINM25";"C";"1";"0,00";"executada";"entrada";"1";"135.570,00";"-";"-";"-"
"13615189934";"06/05/2025 / 10:42:48";"WINM25";"C";"1";"0,00";"executada";"entrada";"1";"135.765,00";"-";"-";"-"
"13615084787";"05/05/2025 / 10:59:38";"WINM25";"V";"6";"0,00";"executada";"saída";"6";"136.430,00";"27,50";"0,02";"33,00"
"13615084205";"05/05/2025 / 10:57:25";"WINM25";"C";"2";"0,00";"executada";"entrada";"2";"136.275,00";"-";"-";"-"
"13615082575";"05/05/2025 / 10:50:17";"WINM25";"C";"2";"0,00";"executada";"entrada";"2";"136.345,00";"-";"-";"-"
"13615081506";"05/05/2025 / 10:49:03";"WINM25";"C";"1";"0,00";"executada";"entrada";"1";"136.490,00";"-";"-";"-"
"13615079247";"05/05/2025 / 10:42:01";"WINM25";"C";"1";"0,00";"executada";"entrada";"1";"136.685,00";"-";"-";"-"
"13614977051";"02/05/2025 / 10:46:59";"WINM25";"V";"1";"0,00";"executada";"saída";"1";"136.795,00";"55,00";"0,04";"11,00"
"13614975465";"02/05/2025 / 10:42:00";"WINM25";"C";"1";"0,00";"executada";"entrada";"1";"136.740,00";"-";"-";"-"
"13614843741";"30/04/2025 / 10:45:54";"WINM25";"V";"1";"0,00";"executada";"saída";"1";"137.075,00";"25,00";"0,02";"5,00"
"13614842236";"30/04/2025 / 10:42:00";"WINM25";"C";"1";"0,00";"executada";"entrada";"1";"137.050,00";"-";"-";"-"
"13614610665";"28/04/2025 / 10:44:01";"WINM25";"C";"1";"0,00";"executada";"saída";"1";"137.480,00";"80,00";"0,06";"16,00"
"13614610191";"28/04/2025 / 10:42:44";"WINM25";"V";"1";"0,00";"executada";"entrada";"1";"137.560,00";"-";"-";"-"
"13614496656";"25/04/2025 / 10:45:28";"WINM25";"V";"2";"0,00";"executada";"saída";"2";"136.755,00";"52,50";"0,04";"21,00"
"13614495933";"25/04/2025 / 10:43:35";"WINM25";"C";"1";"0,00";"executada";"entrada";"1";"136.600,00";"-";"-";"-"
"13614494910";"25/04/2025 / 10:42:01";"WINM25";"C";"1";"0,00";"executada";"entrada";"1";"136.805,00";"-";"-";"-"
"13614369750";"24/04/2025 / 10:43:02";"WINM25";"V";"1";"0,00";"executada";"saída";"1";"135.160,00";"60,00";"0,04";"12,00"
"13614369350";"24/04/2025 / 10:42:00";"WINM25";"C";"1";"0,00";"executada";"entrada";"1";"135.100,00";"-";"-";"-"
"13614129285";"22/04/2025 / 10:44:34";"WINM25";"C";"1";"0,00";"executada";"saída";"1";"131.670,00";"60,00";"0,05";"12,00"
"13614128565";"22/04/2025 / 10:42:00";"WINM25";"V";"1";"0,00";"executada";"entrada";"1";"131.730,00";"-";"-";"-"
"13613990912";"17/04/2025 / 10:43:00";"WINM25";"C";"1";"0,00";"executada";"saída";"1";"130.910,00";"40,00";"0,03";"8,00"
"13613990730";"17/04/2025 / 10:42:00";"WINM25";"V";"1";"0,00";"executada";"entrada";"1";"130.950,00";"-";"-";"-"
"13613855109";"16/04/2025 / 10:46:33";"WINM25";"V";"1";"0,00";"executada";"saída";"1";"131.265,00";"35,00";"0,03";"7,00"
"13613853071";"16/04/2025 / 10:42:04";"WINM25";"C";"1";"0,00";"executada";"entrada";"1";"131.230,00";"-";"-";"-"
"13613730993";"15/04/2025 / 10:43:02";"WINJ25";"C";"1";"0,00";"executada";"saída";"1";"129.600,00";"55,00";"0,04";"11,00"
"13613730883";"15/04/2025 / 10:42:43";"WINJ25";"V";"1";"0,00";"executada";"entrada";"1";"129.655,00";"-";"-";"-"
"13613603894";"14/04/2025 / 10:42:52";"WINJ25";"V";"1";"0,00";"executada";"saída";"1";"129.245,00";"55,00";"0,04";"11,00"
"13613603485";"14/04/2025 / 10:42:06";"WINJ25";"C";"1";"0,00";"executada";"entrada";"1";"129.190,00";"-";"-";"-"
"13613231429";"10/04/2025 / 10:50:05";"WINJ25";"C";"3";"0,00";"executada";"saída";"3";"127.435,00";"80,00";"0,06";"48,00"
"13613231390";"10/04/2025 / 10:50:04";"WINJ25";"C";"3";"0,00";"executada";"saída";"3";"127.461,67";"53,33";"0,04";"32,00"
"13613228186";"10/04/2025 / 10:45:55";"WINJ25";"V";"2";"0,00";"executada";"entrada";"2";"127.645,00";"-";"-";"-"
"13613227948";"10/04/2025 / 10:45:50";"WINJ25";"V";"2";"0,00";"executada";"entrada";"2";"127.570,00";"-";"-";"-"
"13613227239";"10/04/2025 / 10:45:14";"WINJ25";"V";"1";"0,00";"executada";"entrada";"1";"127.435,00";"-";"-";"-"
"13613225604";"10/04/2025 / 10:42:43";"WINJ25";"V";"1";"0,00";"executada";"entrada";"1";"127.225,00";"-";"-";"-"
"13612933980";"09/04/2025 / 10:42:09";"WINJ25";"C";"1";"0,00";"executada";"saída";"1";"124.370,00";"40,00";"0,03";"8,00"
"13612933570";"09/04/2025 / 10:42:01";"WINJ25";"V";"1";"0,00";"executada";"entrada";"1";"124.410,00";"-";"-";"-"
"13611757489";"31/03/2025 / 10:42:16";"WINJ25";"V";"1";"0,00";"executada";"saída";"1";"131.045,00";"35,00";"0,03";"7,00"
"13611757180";"31/03/2025 / 10:42:00";"WINJ25";"C";"1";"0,00";"executada";"entrada";"1";"131.010,00";"-";"-";"-"
"13611620841";"28/03/2025 / 10:48:24";"WINJ25";"V";"1";"0,00";"executada";"saída";"1";"133.450,00";"60,00";"0,05";"12,00"
"13611619133";"28/03/2025 / 10:43:46";"WINJ25";"C";"1";"0,00";"executada";"entrada";"1";"133.390,00";"-";"-";"-"
"13611491566";"27/03/2025 / 10:44:22";"WINJ25";"V";"1";"0,00";"executada";"saída";"1";"133.780,00";"65,00";"0,05";"13,00"
"13611491090";"27/03/2025 / 10:42:18";"WINJ25";"C";"1";"0,00";"executada";"entrada";"1";"133.715,00";"-";"-";"-"
"13610949677";"21/03/2025 / 10:43:03";"WINJ25";"C";"1";"0,00";"executada";"saída";"1";"133.185,00";"70,00";"0,05";"14,00"
"13610949373";"21/03/2025 / 10:42:00";"WINJ25";"V";"1";"0,00";"executada";"entrada";"1";"133.255,00";"-";"-";"-"
"13610819763";"20/03/2025 / 10:42:57";"WINJ25";"C";"1";"0,00";"executada";"saída";"1";"133.645,00";"45,00";"0,03";"9,00"
"13610819382";"20/03/2025 / 10:42:00";"WINJ25";"V";"1";"0,00";"executada";"entrada";"1";"133.690,00";"-";"-";"-"
"13610530361";"18/03/2025 / 10:46:32";"WINJ25";"V";"1";"0,00";"executada";"saída";"1";"132.175,00";"90,00";"0,07";"18,00"
"13610528219";"18/03/2025 / 10:42:00";"WINJ25";"C";"1";"0,00";"executada";"entrada";"1";"132.085,00";"-";"-";"-"
"13610387010";"17/03/2025 / 10:43:51";"WINJ25";"V";"1";"0,00";"executada";"saída";"1";"130.425,00";"60,00";"0,05";"12,00"
"13610386768";"17/03/2025 / 10:42:01";"WINJ25";"C";"1";"0,00";"executada";"entrada";"1";"130.365,00";"-";"-";"-"
"13610266166";"14/03/2025 / 11:00:10";"WINJ25";"C";"6";"0,00";"executada";"saída";"6";"128.135,00";"34,17";"0,03";"41,00"
"13610263233";"14/03/2025 / 10:51:33";"WINJ25";"V";"2";"0,00";"executada";"entrada";"2";"128.300,00";"-";"-";"-"
"13610262006";"14/03/2025 / 10:49:59";"WINJ25";"V";"2";"0,00";"executada";"entrada";"2";"128.225,00";"-";"-";"-"
"13610260332";"14/03/2025 / 10:45:30";"WINJ25";"V";"1";"0,00";"executada";"entrada";"1";"128.100,00";"-";"-";"-"
"13610259001";"14/03/2025 / 10:43:54";"WINJ25";"V";"1";"0,00";"executada";"entrada";"1";"127.865,00";"-";"-";"-"
"13610130635";"13/03/2025 / 10:42:47";"WINJ25";"C";"1";"0,00";"executada";"saída";"1";"125.295,00";"55,00";"0,04";"11,00"
"13610130398";"13/03/2025 / 10:42:00";"WINJ25";"V";"1";"0,00";"executada";"entrada";"1";"125.350,00";"-";"-";"-"
"13609974856";"12/03/2025 / 10:46:13";"WINJ25";"C";"2";"0,00";"executada";"saída";"2";"125.125,00";"50,00";"0,04";"20,00"
"13609974303";"12/03/2025 / 10:44:49";"WINJ25";"V";"1";"0,00";"executada";"entrada";"1";"125.285,00";"-";"-";"-"
"13609972235";"12/03/2025 / 10:42:19";"WINJ25";"V";"1";"0,00";"executada";"entrada";"1";"125.065,00";"-";"-";"-"
"13609801696";"11/03/2025 / 10:42:57";"WINJ25";"V";"1";"0,00";"executada";"saída";"1";"125.230,00";"60,00";"0,05";"12,00"
"13609801363";"11/03/2025 / 10:42:00";"WINJ25";"C";"1";"0,00";"executada";"entrada";"1";"125.170,00";"-";"-";"-"
"13609647748";"10/03/2025 / 10:53:24";"WINJ25";"V";"1";"0,00";"executada";"saída";"1";"125.515,00";"55,00";"0,04";"11,00"
"13609644582";"10/03/2025 / 10:43:56";"WINJ25";"C";"1";"0,00";"executada";"entrada";"1";"125.460,00";"-";"-";"-"
"13609476703";"07/03/2025 / 10:44:23";"WINJ25";"C";"1";"0,00";"executada";"saída";"1";"124.160,00";"40,00";"0,03";"8,00"
"13609475426";"07/03/2025 / 10:42:26";"WINJ25";"V";"1";"0,00";"executada";"entrada";"1";"124.200,00";"-";"-";"-"
"13609281934";"06/03/2025 / 10:42:12";"WINJ25";"V";"1";"0,00";"executada";"saída";"1";"124.700,00";"50,00";"0,04";"10,00"
"13609281842";"06/03/2025 / 10:42:01";"WINJ25";"C";"1";"0,00";"executada";"entrada";"1";"124.650,00";"-";"-";"-"
"13609024934";"28/02/2025 / 10:45:16";"WINJ25";"V";"1";"0,00";"executada";"saída";"1";"126.355,00";"60,00";"0,05";"12,00"
"13609024767";"28/02/2025 / 10:42:48";"WINJ25";"C";"1";"0,00";"executada";"entrada";"1";"126.295,00";"-";"-";"-"
"13608586921";"25/02/2025 / 10:53:03";"WINJ25";"C";"4";"0,00";"executada";"saída";"4";"128.080,00";"71,25";"0,06";"57,00"
"13608585958";"25/02/2025 / 10:50:34";"WINJ25";"V";"2";"0,00";"executada";"entrada";"2";"128.265,00";"-";"-";"-"
"13608583160";"25/02/2025 / 10:45:11";"WINJ25";"V";"1";"0,00";"executada";"entrada";"1";"128.170,00";"-";"-";"-"
"13608581735";"25/02/2025 / 10:42:00";"WINJ25";"V";"1";"0,00";"executada";"entrada";"1";"127.905,00";"-";"-";"-"
"13608446421";"24/02/2025 / 10:45:41";"WINJ25";"C";"1";"0,00";"executada";"saída";"1";"129.160,00";"55,00";"0,04";"11,00"
"13608445534";"24/02/2025 / 10:42:00";"WINJ25";"V";"1";"0,00";"executada";"entrada";"1";"129.215,00";"-";"-";"-"
"13608302478";"21/02/2025 / 10:42:10";"WINJ25";"V";"1";"0,00";"executada";"saída";"1";"129.410,00";"55,00";"0,04";"11,00"
"13608302405";"21/02/2025 / 10:42:01";"WINJ25";"C";"1";"0,00";"executada";"entrada";"1";"129.355,00";"-";"-";"-"
"13608176713";"20/02/2025 / 11:00:22";"WINJ25";"C";"1";"0,00";"executada";"saída";"1";"129.350,00";"70,00";"0,05";"14,00"
"13608176204";"20/02/2025 / 10:58:14";"WINJ25";"V";"1";"0,00";"executada";"entrada";"1";"129.420,00";"-";"-";"-"
"13608038166";"19/02/2025 / 11:06:11";"WINJ25";"C";"2";"0,00";"executada";"saída";"2";"129.877,50";"55,00";"0,04";"22,00"
"13608033711";"19/02/2025 / 10:56:59";"WINJ25";"V";"1";"0,00";"executada";"entrada";"1";"130.040,00";"-";"-";"-"
"13608030047";"19/02/2025 / 10:46:53";"WINJ25";"V";"1";"0,00";"executada";"entrada";"1";"129.825,00";"-";"-";"-"
"13607870545";"18/02/2025 / 10:44:02";"WINJ25";"C";"1";"0,00";"executada";"saída";"1";"130.660,00";"60,00";"0,05";"12,00"
"13607869973";"18/02/2025 / 10:42:00";"WINJ25";"V";"1";"0,00";"executada";"entrada";"1";"130.720,00";"-";"-";"-"
"13607726094";"17/02/2025 / 10:43:41";"WINJ25";"V";"1";"0,00";"executada";"saída";"1";"131.030,00";"55,00";"0,04";"11,00"
"13607726011";"17/02/2025 / 10:43:15";"WINJ25";"C";"1";"0,00";"executada";"entrada";"1";"130.975,00";"-";"-";"-"
"13607626728";"14/02/2025 / 10:51:24";"WINJ25";"V";"1";"0,00";"executada";"saída";"1";"128.290,00";"65,00";"0,05";"13,00"
"13607624625";"14/02/2025 / 10:42:01";"WINJ25";"C";"1";"0,00";"executada";"entrada";"1";"128.225,00";"-";"-";"-"
"13607471868";"13/02/2025 / 10:43:00";"WINJ25";"C";"1";"0,00";"executada";"saída";"1";"126.580,00";"55,00";"0,04";"11,00"
"13607471565";"13/02/2025 / 10:42:11";"WINJ25";"V";"1";"0,00";"executada";"entrada";"1";"126.635,00";"-";"-";"-"
"13607316000";"12/02/2025 / 10:42:28";"WINJ25";"V";"1";"0,00";"executada";"saída";"1";"126.950,00";"45,00";"0,04";"9,00"
"13607315712";"12/02/2025 / 10:42:00";"WINJ25";"C";"1";"0,00";"executada";"entrada";"1";"126.905,00";"-";"-";"-"
"13607155991";"11/02/2025 / 10:52:36";"WING25";"C";"1";"0,00";"executada";"saída";"1";"126.605,00";"50,00";"0,04";"10,00"
"13607151213";"11/02/2025 / 10:42:00";"WING25";"V";"1";"0,00";"executada";"entrada";"1";"126.655,00";"-";"-";"-"
"13607009362";"10/02/2025 / 10:52:00";"WING25";"V";"1";"0,00";"executada";"saída";"1";"126.255,00";"40,00";"0,03";"8,00"
"13607007893";"10/02/2025 / 10:47:39";"WING25";"C";"1";"0,00";"executada";"entrada";"1";"126.215,00";"-";"-";"-"
"13606653757";"06/02/2025 / 10:55:15";"WING25";"C";"1";"0,00";"executada";"saída";"1";"125.650,00";"45,00";"0,04";"9,00"
"13606651999";"06/02/2025 / 10:53:48";"WING25";"V";"1";"0,00";"executada";"entrada";"1";"125.695,00";"-";"-";"-"
"13606494077";"05/02/2025 / 10:57:58";"WING25";"C";"1";"0,00";"executada";"saída";"1";"125.420,00";"65,00";"0,05";"13,00"
"13606492569";"05/02/2025 / 10:49:56";"WING25";"V";"1";"0,00";"executada";"entrada";"1";"125.485,00";"-";"-";"-"
"13606183164";"03/02/2025 / 10:48:52";"WING25";"V";"1";"0,00";"executada";"saída";"1";"126.080,00";"45,00";"0,04";"9,00"
"13606182339";"03/02/2025 / 10:46:42";"WING25";"C";"1";"0,00";"executada";"entrada";"1";"126.035,00";"-";"-";"-"
"13606014614";"31/01/2025 / 11:12:39";"WING25";"C";"6";"0,00";"executada";"saída";"6";"127.775,00";"58,33";"0,05";"70,00"
"13606013140";"31/01/2025 / 11:09:42";"WING25";"V";"2";"0,00";"executada";"entrada";"2";"127.962,50";"-";"-";"-"
"13606010806";"31/01/2025 / 11:04:48";"WING25";"V";"2";"0,00";"executada";"entrada";"2";"127.890,00";"-";"-";"-"
"13606006303";"31/01/2025 / 10:56:50";"WING25";"V";"1";"0,00";"executada";"entrada";"1";"127.760,00";"-";"-";"-"
"13605999038";"31/01/2025 / 10:45:36";"WING25";"V";"1";"0,00";"executada";"entrada";"1";"127.535,00";"-";"-";"-"
"13605840779";"30/01/2025 / 11:04:29";"WING25";"V";"4";"0,00";"executada";"saída";"4";"125.435,00";"46,25";"0,04";"37,00"
"13605839597";"30/01/2025 / 11:01:22";"WING25";"C";"2";"0,00";"executada";"entrada";"2";"125.270,00";"-";"-";"-"
"13605837233";"30/01/2025 / 10:59:48";"WING25";"C";"1";"0,00";"executada";"entrada";"1";"125.395,00";"-";"-";"-"
"13605833488";"30/01/2025 / 10:50:27";"WING25";"C";"1";"0,00";"executada";"entrada";"1";"125.620,00";"-";"-";"-"
"13605547909";"28/01/2025 / 10:53:23";"WING25";"C";"1";"0,00";"executada";"saída";"1";"124.925,00";"45,00";"0,04";"9,00"
"13605547766";"28/01/2025 / 10:52:23";"WING25";"V";"1";"0,00";"executada";"entrada";"1";"124.970,00";"-";"-";"-"
"13605192207";"24/01/2025 / 10:44:27";"WING25";"V";"1";"0,00";"executada";"saída";"1";"123.235,00";"50,00";"0,04";"10,00"
"13605191179";"24/01/2025 / 10:42:57";"WING25";"C";"1";"0,00";"executada";"entrada";"1";"123.185,00";"-";"-";"-"
"13604804431";"22/01/2025 / 10:46:49";"WING25";"C";"1";"0,00";"executada";"saída";"1";"124.065,00";"50,00";"0,04";"10,00"
"13604804089";"22/01/2025 / 10:45:08";"WING25";"V";"1";"0,00";"executada";"entrada";"1";"124.115,00";"-";"-";"-"
"13604662198";"21/01/2025 / 10:59:57";"WING25";"V";"1";"0,00";"executada";"saída";"1";"123.415,00";"60,00";"0,05";"12,00"
"13604658886";"21/01/2025 / 10:47:48";"WING25";"C";"1";"0,00";"executada";"entrada";"1";"123.355,00";"-";"-";"-"
"13604310540";"17/01/2025 / 10:53:46";"WING25";"C";"1";"0,00";"executada";"saída";"1";"121.965,00";"45,00";"0,04";"9,00"
"13604306302";"17/01/2025 / 10:46:00";"WING25";"V";"1";"0,00";"executada";"entrada";"1";"122.010,00";"-";"-";"-"
"13604166128";"16/01/2025 / 10:46:56";"WING25";"C";"1";"0,00";"executada";"saída";"1";"122.935,00";"75,00";"0,06";"15,00"
"13604165793";"16/01/2025 / 10:46:01";"WING25";"V";"1";"0,00";"executada";"entrada";"1";"123.010,00";"-";"-";"-"
"13604008649";"15/01/2025 / 10:47:39";"WING25";"C";"1";"0,00";"executada";"saída";"1";"121.740,00";"70,00";"0,06";"14,00"
"13604008460";"15/01/2025 / 10:47:11";"WING25";"V";"1";"0,00";"executada";"entrada";"1";"121.810,00";"-";"-";"-"
"13603811297";"14/01/2025 / 10:46:37";"WING25";"V";"1";"0,00";"executada";"saída";"1";"119.560,00";"50,00";"0,04";"10,00"
"13603811072";"14/01/2025 / 10:46:31";"WING25";"C";"1";"0,00";"executada";"entrada";"1";"119.510,00";"-";"-";"-"
"13603657910";"13/01/2025 / 10:50:26";"WING25";"V";"1";"0,00";"executada";"saída";"1";"119.900,00";"65,00";"0,05";"13,00"
"13603657151";"13/01/2025 / 10:49:13";"WING25";"C";"1";"0,00";"executada";"entrada";"1";"119.835,00";"-";"-";"-"
"13603531077";"10/01/2025 / 11:34:13";"WING25";"V";"2";"0,00";"executada";"saída";"2";"120.220,00";"62,50";"0,05";"25,00"
"13603528184";"10/01/2025 / 11:22:51";"WING25";"C";"1";"0,00";"executada";"entrada";"1";"120.045,00";"-";"-";"-"
"13603514708";"10/01/2025 / 10:45:58";"WING25";"C";"1";"0,00";"executada";"entrada";"1";"120.270,00";"-";"-";"-"
"13603250084";"08/01/2025 / 11:20:57";"WING25";"V";"2";"0,00";"executada";"saída";"2";"121.065,00";"52,50";"0,04";"21,00"
"13603245761";"08/01/2025 / 11:05:57";"WING25";"C";"1";"0,00";"executada";"entrada";"1";"120.915,00";"-";"-";"-"
"13603238215";"08/01/2025 / 10:47:46";"WING25";"C";"1";"0,00";"executada";"entrada";"1";"121.110,00";"-";"-";"-"
"13603094009";"07/01/2025 / 10:46:53";"WING25";"V";"1";"0,00";"executada";"saída";"1";"121.960,00";"55,00";"0,05";"11,00"
"13603093902";"07/01/2025 / 10:46:10";"WING25";"C";"1";"0,00";"executada";"entrada";"1";"121.905,00";"-";"-";"-"
"13602923424";"06/01/2025 / 10:44:12";"WING25";"C";"1";"0,00";"executada";"saída";"1";"121.110,00";"60,00";"0,05";"12,00"
"13602923059";"06/01/2025 / 10:42:52";"WING25";"V";"1";"0,00";"executada";"entrada";"1";"121.170,00";"-";"-";"-"
"13601860472";"20/12/2024 / 10:55:19";"WING25";"V";"2";"0,00";"executada";"saída";"2";"122.535,00";"40,00";"0,03";"16,00"
"13601859279";"20/12/2024 / 10:52:08";"WING25";"C";"1";"0,00";"executada";"entrada";"1";"122.390,00";"-";"-";"-"
"13601854478";"20/12/2024 / 10:45:18";"WING25";"C";"1";"0,00";"executada";"entrada";"1";"122.600,00";"-";"-";"-"
"13601602128";"19/12/2024 / 10:48:44";"WING25";"V";"1";"0,00";"executada";"saída";"1";"123.170,00";"90,00";"0,07";"18,00"
"13601600418";"19/12/2024 / 10:47:38";"WING25";"C";"1";"0,00";"executada";"entrada";"1";"123.080,00";"-";"-";"-"
"13601078033";"17/12/2024 / 11:09:03";"WINZ24";"V";"1";"0,00";"executada";"saída";"1";"124.315,00";"60,00";"0,05";"12,00"
"13601077940";"17/12/2024 / 11:08:51";"WINZ24";"C";"1";"0,00";"executada";"entrada";"1";"124.255,00";"-";"-";"-"
"13600696861";"13/12/2024 / 10:48:13";"WINZ24";"C";"1";"0,00";"executada";"saída";"1";"126.150,00";"70,00";"0,06";"14,00"
"13600696426";"13/12/2024 / 10:46:22";"WINZ24";"V";"1";"0,00";"executada";"entrada";"1";"126.220,00";"-";"-";"-"
"13600182716";"10/12/2024 / 10:54:11";"WINZ24";"V";"1";"0,00";"executada";"saída";"1";"128.515,00";"50,00";"0,04";"10,00"
"13600181161";"10/12/2024 / 10:51:05";"WINZ24";"C";"1";"0,00";"executada";"entrada";"1";"128.465,00";"-";"-";"-"
"13600019644";"09/12/2024 / 10:59:31";"WINZ24";"V";"1";"0,00";"executada";"saída";"1";"127.335,00";"35,00";"0,03";"7,00"
"13600019582";"09/12/2024 / 10:59:24";"WINZ24";"C";"1";"0,00";"executada";"entrada";"1";"127.300,00";"-";"-";"-"
"13599586642";"04/12/2024 / 10:47:13";"WINZ24";"C";"1";"0,00";"executada";"saída";"1";"126.590,00";"50,00";"0,04";"10,00"
"13599585939";"04/12/2024 / 10:44:32";"WINZ24";"V";"1";"0,00";"executada";"entrada";"1";"126.640,00";"-";"-";"-"
"13599428659";"03/12/2024 / 10:56:08";"WINZ24";"V";"2";"0,00";"executada";"saída";"2";"126.255,00";"60,00";"0,05";"24,00"
"13599426237";"03/12/2024 / 10:49:42";"WINZ24";"C";"1";"0,00";"executada";"entrada";"1";"126.080,00";"-";"-";"-"
"13599423563";"03/12/2024 / 10:45:56";"WINZ24";"C";"1";"0,00";"executada";"entrada";"1";"126.310,00";"-";"-";"-"
"13599258177";"02/12/2024 / 10:48:12";"WINZ24";"C";"1";"0,00";"executada";"saída";"1";"125.405,00";"55,00";"0,04";"11,00"
"13599258017";"02/12/2024 / 10:47:43";"WINZ24";"V";"1";"0,00";"executada";"entrada";"1";"125.460,00";"-";"-";"-"
"13599036714";"29/11/2024 / 10:59:10";"WINZ24";"V";"2";"0,00";"executada";"saída";"2";"124.702,50";"65,00";"0,05";"26,00"
"13599035074";"29/11/2024 / 10:51:12";"WINZ24";"C";"1";"0,00";"executada";"entrada";"1";"124.530,00";"-";"-";"-"
"13599033183";"29/11/2024 / 10:47:53";"WINZ24";"C";"1";"0,00";"executada";"entrada";"1";"124.745,00";"-";"-";"-"
"13598525393";"26/11/2024 / 11:25:21";"WINZ24";"V";"2";"0,00";"executada";"saída";"2";"130.310,00";"60,00";"0,05";"24,00"
"13598522008";"26/11/2024 / 11:15:13";"WINZ24";"C";"1";"0,00";"executada";"entrada";"1";"130.140,00";"-";"-";"-"
"13598515709";"26/11/2024 / 10:59:02";"WINZ24";"C";"1";"0,00";"executada";"entrada";"1";"130.360,00";"-";"-";"-"
"13598377698";"25/11/2024 / 11:04:06";"WINZ24";"C";"1";"0,00";"executada";"saída";"1";"129.775,00";"55,00";"0,04";"11,00"
"13598377226";"25/11/2024 / 11:00:43";"WINZ24";"V";"1";"0,00";"executada";"entrada";"1";"129.830,00";"-";"-";"-"
"13598236034";"22/11/2024 / 10:48:34";"WINZ24";"C";"1";"0,00";"executada";"saída";"1";"128.290,00";"70,00";"0,05";"14,00"
"13598235869";"22/11/2024 / 10:47:21";"WINZ24";"V";"1";"0,00";"executada";"entrada";"1";"128.360,00";"-";"-";"-"
"13598054395";"19/11/2024 / 11:07:31";"WINZ24";"V";"2";"129.085,00";"executada";"entrada";"2";"129.085,00";"-";"-";"-"
"13598054394";"19/11/2024 / 11:06:04";"WINZ24";"V";"2";"129.005,00";"executada";"entrada";"2";"129.005,00";"-";"-";"-"
"13598054393";"19/11/2024 / 10:55:20";"WINZ24";"C";"6";"128.890,00";"executada";"saída";"6";"128.890,00";"-135,00";"-0,10";"-54,00"
"13598054392";"19/11/2024 / 10:55:20";"WINZ24";"V";"1";"128.865,00";"executada";"entrada";"1";"128.865,00";"-";"-";"-"
"13598054391";"19/11/2024 / 10:55:19";"WINZ24";"V";"1";"0,00";"executada";"entrada";"1";"128.645,00";"-";"-";"-"
"13598054390";"18/11/2024 / 10:43:06";"WINZ24";"V";"1";"128.590,00";"executada";"saída";"1";"128.590,00";"60,00";"0,05";"12,00"
"13598054389";"18/11/2024 / 10:43:04";"WINZ24";"C";"1";"0,00";"executada";"entrada";"1";"128.530,00";"-";"-";"-"
"13598054388";"14/11/2024 / 10:44:48";"WINZ24";"V";"1";"128.600,00";"executada";"saída";"1";"128.600,00";"60,00";"0,05";"12,00"
"13598054387";"14/11/2024 / 10:44:47";"WINZ24";"C";"1";"0,00";"executada";"entrada";"1";"128.540,00";"-";"-";"-"
"13598054386";"13/11/2024 / 10:44:24";"WINZ24";"C";"2";"128.320,00";"executada";"entrada";"2";"128.320,00";"-";"-";"-"
"13598054385";"13/11/2024 / 10:42:12";"WINZ24";"V";"4";"128.505,00";"executada";"saída";"4";"128.505,00";"60,00";"0,05";"48,00"
"13598054384";"13/11/2024 / 10:42:12";"WINZ24";"C";"1";"128.460,00";"executada";"entrada";"1";"128.460,00";"-";"-";"-"
"13598054383";"13/11/2024 / 10:42:12";"WINZ24";"C";"1";"0,00";"executada";"entrada";"1";"128.680,00";"-";"-";"-"
"13598054382";"12/11/2024 / 10:56:39";"WINZ24";"V";"1";"128.580,00";"executada";"saída";"1";"128.580,00";"60,00";"0,05";"12,00"
"13598054381";"12/11/2024 / 10:56:38";"WINZ24";"C";"1";"0,00";"executada";"entrada";"1";"128.520,00";"-";"-";"-"
"13598054380";"11/11/2024 / 10:43:59";"WINZ24";"V";"1";"128.500,00";"executada";"saída";"1";"128.500,00";"60,00";"0,05";"12,00"
"13598054379";"11/11/2024 / 10:43:58";"WINZ24";"C";"1";"0,00";"executada";"entrada";"1";"128.440,00";"-";"-";"-"
"13598054378";"08/11/2024 / 10:45:27";"WINZ24";"C";"1";"129.075,00";"executada";"saída";"1";"129.075,00";"60,00";"0,05";"12,00"
"13598054377";"08/11/2024 / 10:45:27";"WINZ24";"V";"1";"0,00";"executada";"entrada";"1";"129.135,00";"-";"-";"-"
"13598054376";"07/11/2024 / 10:48:47";"WINZ24";"C";"2";"132.435,00";"executada";"saída";"2";"132.435,00";"60,00";"0,05";"24,00"
"13598054375";"07/11/2024 / 10:48:47";"WINZ24";"V";"1";"132.605,00";"executada";"entrada";"1";"132.605,00";"-";"-";"-"
"13598054374";"07/11/2024 / 10:48:44";"WINZ24";"V";"1";"0,00";"executada";"entrada";"1";"132.385,00";"-";"-";"-"
"13598054373";"06/11/2024 / 11:00:03";"WINZ24";"V";"2";"130.950,00";"executada";"entrada";"2";"130.950,00";"-";"-";"-"
"13598054372";"06/11/2024 / 10:57:11";"WINZ24";"V";"2";"130.870,00";"executada";"entrada";"2";"130.870,00";"115,00";"0,09";"46,00"
"13598054371";"06/11/2024 / 10:52:25";"WINZ24";"C";"6";"130.755,00";"executada";"saída";"6";"130.755,00";"58,33";"0,04";"70,00"
"13598054370";"06/11/2024 / 10:52:25";"WINZ24";"V";"1";"130.730,00";"executada";"entrada";"1";"130.730,00";"-";"-";"-"
"13598054369";"06/11/2024 / 10:52:24";"WINZ24";"V";"1";"0,00";"executada";"entrada";"1";"130.510,00";"-";"-";"-"
"13598054368";"05/11/2024 / 10:53:25";"WINZ24";"C";"1";"131.700,00";"executada";"saída";"1";"131.700,00";"60,00";"0,05";"12,00"
"13598054367";"05/11/2024 / 10:53:24";"WINZ24";"V";"1";"0,00";"executada";"entrada";"1";"131.760,00";"-";"-";"-"
"13598054366";"04/11/2024 / 10:47:14";"WINZ24";"V";"1";"131.045,00";"executada";"saída";"1";"131.045,00";"60,00";"0,05";"12,00"
"13598054365";"04/11/2024 / 10:47:13";"WINZ24";"C";"1";"0,00";"executada";"entrada";"1";"130.985,00";"-";"-";"-"
"13598054364";"01/11/2024 / 10:46:24";"WINZ24";"C";"1";"130.895,00";"executada";"saída";"1";"130.895,00";"60,00";"0,05";"12,00"
"13598054363";"01/11/2024 / 10:46:24";"WINZ24";"V";"1";"0,00";"executada";"entrada";"1";"130.955,00";"-";"-";"-"
"13598054362";"31/10/2024 / 10:47:08";"WINZ24";"V";"1";"131.955,00";"executada";"saída";"1";"131.955,00";"60,00";"0,05";"12,00"
"13598054361";"31/10/2024 / 10:47:06";"WINZ24";"C";"1";"0,00";"executada";"entrada";"1";"131.895,00";"-";"-";"-"
"13598054360";"30/10/2024 / 10:51:35";"WINZ24";"C";"2";"132.535,00";"executada";"saída";"2";"132.535,00";"60,00";"0,05";"24,00"
"13598054359";"30/10/2024 / 10:51:35";"WINZ24";"V";"1";"132.705,00";"executada";"entrada";"1";"132.705,00";"-";"-";"-"
"13598054358";"30/10/2024 / 10:51:34";"WINZ24";"V";"1";"0,00";"executada";"entrada";"1";"132.485,00";"-";"-";"-"
"13598054357";"29/10/2024 / 10:44:41";"WINZ24";"V";"1";"133.160,00";"executada";"saída";"1";"133.160,00";"60,00";"0,05";"12,00"
"13598054356";"29/10/2024 / 10:44:41";"WINZ24";"C";"1";"0,00";"executada";"entrada";"1";"133.100,00";"-";"-";"-"
"13598054355";"28/10/2024 / 10:44:51";"WINZ24";"V";"1";"132.730,00";"executada";"saída";"1";"132.730,00";"60,00";"0,05";"12,00"
"13598054354";"28/10/2024 / 10:44:51";"WINZ24";"C";"1";"0,00";"executada";"entrada";"1";"132.670,00";"-";"-";"-"
"13598054353";"25/10/2024 / 10:47:45";"WINZ24";"C";"1";"131.945,00";"executada";"saída";"1";"131.945,00";"60,00";"0,05";"12,00"
"13598054352";"25/10/2024 / 10:47:45";"WINZ24";"V";"1";"0,00";"executada";"entrada";"1";"132.005,00";"-";"-";"-"
"13598054351";"24/10/2024 / 10:46:31";"WINZ24";"C";"1";"130.900,00";"executada";"saída";"1";"130.900,00";"60,00";"0,05";"12,00"
"13598054350";"24/10/2024 / 10:46:31";"WINZ24";"V";"1";"0,00";"executada";"entrada";"1";"130.960,00";"-";"-";"-"
"13598054349";"23/10/2024 / 10:48:27";"WINZ24";"C";"1";"131.135,00";"executada";"saída";"1";"131.135,00";"60,00";"0,05";"12,00"
"13598054348";"23/10/2024 / 10:48:26";"WINZ24";"V";"1";"0,00";"executada";"entrada";"1";"131.195,00";"-";"-";"-"
"13598054347";"22/10/2024 / 10:50:36";"WINZ24";"C";"4";"131.195,00";"executada";"entrada";"4";"131.195,00";"-";"-";"-"
"13598054346";"22/10/2024 / 10:49:39";"WINZ24";"C";"2";"131.370,00";"executada";"entrada";"2";"131.370,00";"-";"-";"-"
"13598054345";"22/10/2024 / 10:47:36";"WINZ24";"C";"2";"131.450,00";"executada";"entrada";"2";"131.450,00";"-";"-";"-"
"13598054344";"22/10/2024 / 10:43:45";"WINZ24";"V";"10";"131.440,00";"executada";"saída";"10";"131.440,00";"58,00";"0,04";"116,00"
"13598054343";"22/10/2024 / 10:43:45";"WINZ24";"C";"1";"131.590,00";"executada";"entrada";"1";"131.590,00";"-";"-";"-"
"13598054342";"22/10/2024 / 10:43:44";"WINZ24";"C";"1";"0,00";"executada";"entrada";"1";"131.810,00";"-";"-";"-"
"13598054341";"21/10/2024 / 10:46:18";"WINZ24";"C";"1";"132.825,00";"executada";"saída";"1";"132.825,00";"60,00";"0,05";"12,00"
"13598054340";"21/10/2024 / 10:46:17";"WINZ24";"V";"1";"0,00";"executada";"entrada";"1";"132.885,00";"-";"-";"-"
"13598054339";"18/10/2024 / 11:24:22";"WINZ24";"V";"1";"132.235,00";"executada";"saída";"1";"132.235,00";"60,00";"0,05";"12,00"
"13598054338";"18/10/2024 / 11:24:21";"WINZ24";"C";"1";"0,00";"executada";"entrada";"1";"132.175,00";"-";"-";"-"
"13598054337";"17/10/2024 / 10:44:18";"WINZ24";"C";"1";"132.255,00";"executada";"saída";"1";"132.255,00";"60,00";"0,05";"12,00"
"13598054336";"17/10/2024 / 10:44:18";"WINZ24";"V";"1";"0,00";"executada";"entrada";"1";"132.315,00";"-";"-";"-"
"13598054335";"16/10/2024 / 10:42:48";"WINZ24";"V";"1";"133.265,00";"executada";"saída";"1";"133.265,00";"60,00";"0,05";"12,00"
"13598054334";"16/10/2024 / 10:42:47";"WINZ24";"C";"1";"0,00";"executada";"entrada";"1";"133.205,00";"-";"-";"-"
"13598054333";"15/10/2024 / 10:51:33";"WINV24";"C";"1";"130.440,00";"executada";"saída";"1";"130.440,00";"60,00";"0,05";"12,00"
"13598054332";"15/10/2024 / 10:51:32";"WINV24";"V";"1";"0,00";"executada";"entrada";"1";"130.500,00";"-";"-";"-"
"13598054331";"14/10/2024 / 10:43:13";"WINV24";"C";"1";"130.030,00";"executada";"saída";"1";"130.030,00";"60,00";"0,05";"12,00"
"13598054330";"14/10/2024 / 10:43:12";"WINV24";"V";"1";"0,00";"executada";"entrada";"1";"130.090,00";"-";"-";"-"
"13598054329";"11/10/2024 / 10:48:31";"WINV24";"V";"1";"129.590,00";"executada";"saída";"1";"129.590,00";"60,00";"0,05";"12,00"
"13598054328";"11/10/2024 / 10:48:30";"WINV24";"C";"1";"0,00";"executada";"entrada";"1";"129.530,00";"-";"-";"-"
"13598054327";"10/10/2024 / 10:44:12";"WINV24";"V";"1";"130.115,00";"executada";"saída";"1";"130.115,00";"60,00";"0,05";"12,00"
"13598054326";"10/10/2024 / 10:44:11";"WINV24";"C";"1";"0,00";"executada";"entrada";"1";"130.055,00";"-";"-";"-"
"13598054325";"09/10/2024 / 10:50:35";"WINV24";"V";"1";"130.595,00";"executada";"saída";"1";"130.595,00";"60,00";"0,05";"12,00"
"13598054324";"09/10/2024 / 10:50:35";"WINV24";"C";"1";"0,00";"executada";"entrada";"1";"130.535,00";"-";"-";"-"
"13598054323";"08/10/2024 / 10:43:08";"WINV24";"V";"1";"131.215,00";"executada";"saída";"1";"131.215,00";"60,00";"0,05";"12,00"
"13598054322";"08/10/2024 / 10:43:07";"WINV24";"C";"1";"0,00";"executada";"entrada";"1";"131.155,00";"-";"-";"-"
"13598054321";"07/10/2024 / 11:07:33";"WINV24";"V";"2";"133.205,00";"executada";"entrada";"2";"133.205,00";"-";"-";"-"
"13598054320";"07/10/2024 / 11:03:23";"WINV24";"V";"2";"133.125,00";"executada";"entrada";"2";"133.125,00";"-";"-";"-"
"13598054319";"07/10/2024 / 10:54:02";"WINV24";"C";"6";"133.010,00";"executada";"saída";"6";"133.010,00";"58,33";"0,04";"70,00"
"13598054318";"07/10/2024 / 10:54:02";"WINV24";"V";"1";"132.985,00";"executada";"entrada";"1";"132.985,00";"-";"-";"-"
"13598054317";"07/10/2024 / 10:54:01";"WINV24";"V";"1";"0,00";"executada";"entrada";"1";"132.765,00";"-";"-";"-"
"13598054316";"04/10/2024 / 10:52:41";"WINV24";"V";"1";"131.930,00";"executada";"saída";"1";"131.930,00";"60,00";"0,05";"12,00"
"13598054315";"04/10/2024 / 10:52:40";"WINV24";"C";"1";"0,00";"executada";"entrada";"1";"131.870,00";"-";"-";"-"
"13598054314";"03/10/2024 / 10:44:05";"WINV24";"C";"1";"132.290,00";"executada";"saída";"1";"132.290,00";"60,00";"0,05";"12,00"
"13598054313";"03/10/2024 / 10:44:04";"WINV24";"V";"1";"0,00";"executada";"entrada";"1";"132.350,00";"-";"-";"-"
"13598054312";"02/10/2024 / 10:48:24";"WINV24";"C";"1";"135.155,00";"executada";"saída";"1";"135.155,00";"60,00";"0,04";"12,00"
"13598054311";"02/10/2024 / 10:48:24";"WINV24";"V";"1";"0,00";"executada";"entrada";"1";"135.215,00";"-";"-";"-"
"13598054310";"01/10/2024 / 10:45:21";"WINV24";"V";"1";"132.830,00";"executada";"saída";"1";"132.830,00";"60,00";"0,05";"12,00"
"13598054309";"01/10/2024 / 10:45:20";"WINV24";"C";"1";"0,00";"executada";"entrada";"1";"132.770,00";"-";"-";"-"
"13598054308";"30/09/2024 / 10:45:43";"WINV24";"C";"1";"133.365,00";"executada";"saída";"1";"133.365,00";"60,00";"0,05";"12,00"
"13598054307";"30/09/2024 / 10:45:42";"WINV24";"V";"1";"0,00";"executada";"entrada";"1";"133.425,00";"-";"-";"-"
"13598054306";"27/09/2024 / 10:45:17";"WINV24";"V";"1";"133.920,00";"executada";"saída";"1";"133.920,00";"60,00";"0,04";"12,00"
"13598054305";"27/09/2024 / 10:45:15";"WINV24";"C";"1";"0,00";"executada";"entrada";"1";"133.860,00";"-";"-";"-"
"13598054304";"26/09/2024 / 10:49:40";"WINV24";"C";"1";"133.630,00";"executada";"saída";"1";"133.630,00";"60,00";"0,04";"12,00"
"13598054303";"26/09/2024 / 10:49:39";"WINV24";"V";"1";"0,00";"executada";"entrada";"1";"133.690,00";"-";"-";"-"
"13598054302";"25/09/2024 / 10:51:41";"WINV24";"C";"1";"133.100,00";"executada";"saída";"1";"133.100,00";"60,00";"0,05";"12,00"
"13598054301";"25/09/2024 / 10:51:40";"WINV24";"V";"1";"0,00";"executada";"entrada";"1";"133.160,00";"-";"-";"-"
"13598054300";"24/09/2024 / 10:50:16";"WINV24";"C";"1";"133.645,00";"executada";"saída";"1";"133.645,00";"60,00";"0,04";"12,00"
"13598054299";"24/09/2024 / 10:50:16";"WINV24";"V";"1";"0,00";"executada";"entrada";"1";"133.705,00";"-";"-";"-"
"13598054298";"23/09/2024 / 10:43:51";"WINV24";"C";"1";"131.475,00";"executada";"saída";"1";"131.475,00";"60,00";"0,05";"12,00"
"13598054297";"23/09/2024 / 10:43:51";"WINV24";"V";"1";"0,00";"executada";"entrada";"1";"131.535,00";"-";"-";"-"
"13598054296";"20/09/2024 / 10:52:58";"WINV24";"V";"1";"133.290,00";"executada";"saída";"1";"133.290,00";"60,00";"0,05";"12,00"
"13598054295";"20/09/2024 / 10:52:57";"WINV24";"C";"1";"0,00";"executada";"entrada";"1";"133.230,00";"-";"-";"-"
"13598054294";"19/09/2024 / 10:49:44";"WINV24";"V";"1";"135.035,00";"executada";"saída";"1";"135.035,00";"60,00";"0,04";"12,00"
"13598054293";"19/09/2024 / 10:49:44";"WINV24";"C";"1";"0,00";"executada";"entrada";"1";"134.975,00";"-";"-";"-"
"13598054292";"18/09/2024 / 10:46:50";"WINV24";"V";"1";"135.435,00";"executada";"saída";"1";"135.435,00";"60,00";"0,04";"12,00"
"13598054291";"18/09/2024 / 10:46:50";"WINV24";"C";"1";"0,00";"executada";"entrada";"1";"135.375,00";"-";"-";"-"
"13598054290";"17/09/2024 / 10:50:45";"WINV24";"V";"1";"135.230,00";"executada";"saída";"1";"135.230,00";"60,00";"0,04";"12,00"
"13598054289";"17/09/2024 / 10:50:40";"WINV24";"C";"1";"0,00";"executada";"entrada";"1";"135.170,00";"-";"-";"-"
"13598054288";"16/09/2024 / 10:43:13";"WINV24";"V";"1";"136.655,00";"executada";"saída";"1";"136.655,00";"60,00";"0,04";"12,00"
"13598054287";"16/09/2024 / 10:43:12";"WINV24";"C";"1";"0,00";"executada";"entrada";"1";"136.595,00";"-";"-";"-"
"13598054286";"13/09/2024 / 10:47:14";"WINV24";"C";"2";"136.790,00";"executada";"saída";"2";"136.790,00";"60,00";"0,04";"24,00"
"13598054285";"13/09/2024 / 10:47:14";"WINV24";"V";"1";"136.960,00";"executada";"entrada";"1";"136.960,00";"-";"-";"-"
"13598054284";"13/09/2024 / 10:47:14";"WINV24";"V";"1";"0,00";"executada";"entrada";"1";"136.740,00";"-";"-";"-"
"13598054283";"12/09/2024 / 10:50:18";"WINV24";"C";"2";"135.050,00";"executada";"entrada";"2";"135.050,00";"-";"-";"-"
"13598054282";"12/09/2024 / 10:44:51";"WINV24";"V";"4";"135.235,00";"executada";"saída";"4";"135.235,00";"60,00";"0,04";"48,00"
"13598054281";"12/09/2024 / 10:44:51";"WINV24";"C";"1";"135.190,00";"executada";"entrada";"1";"135.190,00";"-";"-";"-"
"13598054280";"12/09/2024 / 10:44:50";"WINV24";"C";"1";"0,00";"executada";"entrada";"1";"135.410,00";"-";"-";"-"
"13598054279";"11/09/2024 / 10:48:09";"WINV24";"V";"1";"135.695,00";"executada";"saída";"1";"135.695,00";"60,00";"0,04";"12,00"
"13598054278";"11/09/2024 / 10:48:09";"WINV24";"C";"1";"0,00";"executada";"entrada";"1";"135.635,00";"-";"-";"-"
"13598054277";"10/09/2024 / 10:44:58";"WINV24";"C";"1";"135.735,00";"executada";"saída";"1";"135.735,00";"60,00";"0,04";"12,00"
"13598054276";"10/09/2024 / 10:44:57";"WINV24";"V";"1";"0,00";"executada";"entrada";"1";"135.795,00";"-";"-";"-"
"13598054275";"09/09/2024 / 10:55:17";"WINV24";"V";"2";"136.590,00";"executada";"entrada";"2";"136.590,00";"-";"-";"-"
"13598054274";"09/09/2024 / 10:45:25";"WINV24";"C";"4";"136.405,00";"executada";"saída";"4";"136.405,00";"60,00";"0,04";"48,00"
"13598054273";"09/09/2024 / 10:45:25";"WINV24";"V";"1";"136.450,00";"executada";"entrada";"1";"136.450,00";"-";"-";"-"
"13598054272";"09/09/2024 / 10:45:24";"WINV24";"V";"1";"0,00";"executada";"entrada";"1";"136.230,00";"-";"-";"-"
"13598054271";"06/09/2024 / 10:52:11";"WINV24";"C";"1";"137.600,00";"executada";"saída";"1";"137.600,00";"60,00";"0,04";"12,00"
"13598054270";"06/09/2024 / 10:52:10";"WINV24";"V";"1";"0,00";"executada";"entrada";"1";"137.660,00";"-";"-";"-"
"13598054269";"05/09/2024 / 10:47:49";"WINV24";"C";"1";"137.795,00";"executada";"saída";"1";"137.795,00";"60,00";"0,04";"12,00"
"13598054268";"05/09/2024 / 10:47:48";"WINV24";"V";"1";"0,00";"executada";"entrada";"1";"137.855,00";"-";"-";"-"
"13598054267";"04/09/2024 / 11:00:20";"WINV24";"C";"1";"137.525,00";"executada";"saída";"1";"137.525,00";"60,00";"0,04";"12,00"
"13598054266";"04/09/2024 / 11:00:12";"WINV24";"V";"1";"0,00";"executada";"entrada";"1";"137.585,00";"-";"-";"-"
"13598054265";"03/09/2024 / 10:56:32";"WINV24";"C";"2";"135.825,00";"executada";"entrada";"2";"135.825,00";"-";"-";"-"
"13598054264";"03/09/2024 / 10:50:51";"WINV24";"V";"4";"136.010,00";"executada";"saída";"4";"136.010,00";"60,00";"0,04";"48,00"
"13598054263";"03/09/2024 / 10:50:51";"WINV24";"C";"1";"135.965,00";"executada";"entrada";"1";"135.965,00";"-";"-";"-"
"13598054262";"03/09/2024 / 10:50:51";"WINV24";"C";"1";"0,00";"executada";"entrada";"1";"136.185,00";"-";"-";"-"
"13598054261";"02/09/2024 / 11:13:09";"WINV24";"C";"1";"136.290,00";"executada";"saída";"1";"136.290,00";"60,00";"0,04";"12,00"
"13598054260";"02/09/2024 / 11:13:08";"WINV24";"V";"1";"0,00";"executada";"entrada";"1";"136.350,00";"-";"-";"-"
"13598054259";"30/08/2024 / 11:06:14";"WINV24";"V";"2";"137.340,00";"executada";"entrada";"2";"137.340,00";"-";"-";"-"
"13598054258";"30/08/2024 / 10:48:58";"WINV24";"C";"4";"137.155,00";"executada";"saída";"4";"137.155,00";"60,00";"0,04";"48,00"
"13598054257";"30/08/2024 / 10:48:57";"WINV24";"V";"1";"137.200,00";"executada";"entrada";"1";"137.200,00";"-";"-";"-"
"13598054256";"30/08/2024 / 10:48:57";"WINV24";"V";"1";"0,00";"executada";"entrada";"1";"136.980,00";"-";"-";"-"
"13598054255";"29/08/2024 / 10:49:16";"WINV24";"V";"1";"138.280,00";"executada";"saída";"1";"138.280,00";"60,00";"0,04";"12,00"
"13598054254";"29/08/2024 / 10:49:16";"WINV24";"C";"1";"0,00";"executada";"entrada";"1";"138.220,00";"-";"-";"-"
"13598054253";"28/08/2024 / 10:48:30";"WINV24";"C";"1";"137.825,00";"executada";"saída";"1";"137.825,00";"60,00";"0,04";"12,00"
"13598054252";"28/08/2024 / 10:48:30";"WINV24";"V";"1";"0,00";"executada";"entrada";"1";"137.885,00";"-";"-";"-"
"13598054251";"27/08/2024 / 10:44:30";"WINV24";"V";"1";"138.735,00";"executada";"saída";"1";"138.735,00";"60,00";"0,04";"12,00"
"13598054250";"27/08/2024 / 10:44:29";"WINV24";"C";"1";"0,00";"executada";"entrada";"1";"138.675,00";"-";"-";"-"
"13598054249";"26/08/2024 / 10:55:30";"WINV24";"C";"1";"138.480,00";"executada";"saída";"1";"138.480,00";"60,00";"0,04";"12,00"
"13598054248";"26/08/2024 / 10:55:29";"WINV24";"V";"1";"0,00";"executada";"entrada";"1";"138.540,00";"-";"-";"-"
"13598054247";"23/08/2024 / 10:46:00";"WINV24";"V";"2";"137.580,00";"executada";"saída";"2";"137.580,00";"60,00";"0,04";"24,00"
"13598054246";"23/08/2024 / 10:46:00";"WINV24";"C";"1";"137.410,00";"executada";"entrada";"1";"137.410,00";"-";"-";"-"
"13598054245";"23/08/2024 / 10:45:59";"WINV24";"C";"1";"0,00";"executada";"entrada";"1";"137.630,00";"-";"-";"-"
"13598054244";"22/08/2024 / 10:45:09";"WINV24";"C";"1";"137.870,00";"executada";"saída";"1";"137.870,00";"60,00";"0,04";"12,00"
"13598054243";"22/08/2024 / 10:45:05";"WINV24";"V";"1";"0,00";"executada";"entrada";"1";"137.930,00";"-";"-";"-"
"13598054242";"21/08/2024 / 10:44:26";"WINV24";"C";"1";"138.815,00";"executada";"saída";"1";"138.815,00";"60,00";"0,04";"12,00"
"13598054241";"21/08/2024 / 10:44:25";"WINV24";"V";"1";"0,00";"executada";"entrada";"1";"138.875,00";"-";"-";"-"
"13598054240";"20/08/2024 / 10:45:03";"WINV24";"C";"1";"137.875,00";"executada";"saída";"1";"137.875,00";"60,00";"0,04";"12,00"
"13598054239";"20/08/2024 / 10:45:02";"WINV24";"V";"1";"0,00";"executada";"entrada";"1";"137.935,00";"-";"-";"-"
"13598054238";"19/08/2024 / 14:08:59";"WINV24";"C";"10";"0,00";"executada";"saída";"10";"137.995,00";"-522,00";"-0,38";"-1.044,00"
"13598054237";"19/08/2024 / 11:27:02";"WINV24";"V";"4";"137.660,00";"executada";"entrada";"4";"137.660,00";"-";"-";"-"
"13598054236";"19/08/2024 / 11:20:15";"WINV24";"V";"2";"137.485,00";"executada";"entrada";"2";"137.485,00";"-";"-";"-"
"13598054235";"19/08/2024 / 10:57:44";"WINV24";"V";"2";"137.405,00";"executada";"entrada";"2";"137.405,00";"-";"-";"-"
"13598054234";"19/08/2024 / 10:50:03";"WINV24";"V";"1";"137.265,00";"executada";"entrada";"1";"137.265,00";"-";"-";"-"
"13598054233";"19/08/2024 / 10:50:03";"WINV24";"V";"1";"0,00";"executada";"entrada";"1";"137.045,00";"-";"-";"-"
"13598054232";"16/08/2024 / 10:51:21";"WINV24";"V";"1";"136.835,00";"executada";"saída";"1";"136.835,00";"60,00";"0,04";"12,00"
"13598054231";"16/08/2024 / 10:51:21";"WINV24";"C";"1";"0,00";"executada";"entrada";"1";"136.775,00";"-";"-";"-"
"13598054230";"15/08/2024 / 11:02:37";"WINV24";"V";"1";"136.095,00";"executada";"saída";"1";"136.095,00";"60,00";"0,04";"12,00"
"13598054229";"15/08/2024 / 11:02:36";"WINV24";"C";"1";"0,00";"executada";"entrada";"1";"136.035,00";"-";"-";"-"
"13598054228";"14/08/2024 / 10:44:05";"WINV24";"C";"1";"135.065,00";"executada";"saída";"1";"135.065,00";"60,00";"0,04";"12,00"
"13598054227";"14/08/2024 / 10:44:05";"WINV24";"V";"1";"0,00";"executada";"entrada";"1";"135.125,00";"-";"-";"-"
"13598054226";"13/08/2024 / 10:44:16";"WINQ24";"C";"1";"132.150,00";"executada";"saída";"1";"132.150,00";"60,00";"0,05";"12,00"
"13598054225";"13/08/2024 / 10:44:15";"WINQ24";"V";"1";"0,00";"executada";"entrada";"1";"132.210,00";"-";"-";"-"
"13598054224";"12/08/2024 / 10:47:23";"WINQ24";"V";"1";"131.595,00";"executada";"saída";"1";"131.595,00";"60,00";"0,05";"12,00"
"13598054223";"12/08/2024 / 10:47:23";"WINQ24";"C";"1";"0,00";"executada";"entrada";"1";"131.535,00";"-";"-";"-"
"13598054222";"09/08/2024 / 10:53:03";"WINQ24";"C";"1";"129.315,00";"executada";"saída";"1";"129.315,00";"60,00";"0,05";"12,00"
"13598054221";"09/08/2024 / 10:53:03";"WINQ24";"V";"1";"0,00";"executada";"entrada";"1";"129.375,00";"-";"-";"-"
"13598054220";"08/08/2024 / 16:10:00";"WINQ24";"C";"10";"0,00";"executada";"saída";"10";"128.756,50";"-133,50";"-0,10";"-267,00"
"13598054219";"08/08/2024 / 11:27:49";"WINQ24";"V";"4";"128.810,00";"executada";"entrada";"4";"128.810,00";"-";"-";"-"
"13598054218";"08/08/2024 / 11:14:48";"WINQ24";"V";"2";"128.635,00";"executada";"entrada";"2";"128.635,00";"-";"-";"-"
"13598054217";"08/08/2024 / 11:01:50";"WINQ24";"V";"2";"128.555,00";"executada";"entrada";"2";"128.555,00";"-";"-";"-"
"13598054216";"08/08/2024 / 10:46:30";"WINQ24";"V";"1";"128.415,00";"executada";"entrada";"1";"128.415,00";"-";"-";"-"
"13598054215";"08/08/2024 / 10:46:30";"WINQ24";"V";"1";"0,00";"executada";"entrada";"1";"128.195,00";"-";"-";"-"
"13598054214";"07/08/2024 / 10:44:05";"WINQ24";"C";"1";"127.340,00";"executada";"saída";"1";"127.340,00";"60,00";"0,05";"12,00"
"13598054213";"07/08/2024 / 10:44:00";"WINQ24";"V";"1";"0,00";"executada";"entrada";"1";"127.400,00";"-";"-";"-"
"13598054212";"06/08/2024 / 10:45:49";"WINQ24";"V";"1";"125.605,00";"executada";"saída";"1";"125.605,00";"60,00";"0,05";"12,00"
"13598054211";"06/08/2024 / 10:45:49";"WINQ24";"C";"1";"0,00";"executada";"entrada";"1";"125.545,00";"-";"-";"-"
"13598054210";"05/08/2024 / 10:42:40";"WINQ24";"V";"1";"123.825,00";"executada";"saída";"1";"123.825,00";"60,00";"0,05";"12,00"
"13598054209";"05/08/2024 / 10:42:35";"WINQ24";"C";"1";"0,00";"executada";"entrada";"1";"123.765,00";"-";"-";"-"
"13598054208";"02/08/2024 / 10:43:02";"WINQ24";"V";"1";"127.545,00";"executada";"saída";"1";"127.545,00";"60,00";"0,05";"12,00"
"13598054207";"02/08/2024 / 10:43:00";"WINQ24";"C";"1";"0,00";"executada";"entrada";"1";"127.485,00";"-";"-";"-"
"13598054206";"01/08/2024 / 10:47:47";"WINQ24";"C";"1";"129.015,00";"executada";"saída";"1";"129.015,00";"60,00";"0,05";"12,00"
"13598054205";"01/08/2024 / 10:47:47";"WINQ24";"V";"1";"0,00";"executada";"entrada";"1";"129.075,00";"-";"-";"-"
"13598054204";"31/07/2024 / 10:45:38";"WINQ24";"C";"1";"127.895,00";"executada";"saída";"1";"127.895,00";"60,00";"0,05";"12,00"
"13598054203";"31/07/2024 / 10:45:38";"WINQ24";"V";"1";"0,00";"executada";"entrada";"1";"127.955,00";"-";"-";"-"
"13598054202";"30/07/2024 / 11:00:01";"WINQ24";"C";"1";"126.810,00";"executada";"saída";"1";"126.810,00";"60,00";"0,05";"12,00"
"13598054201";"30/07/2024 / 10:59:59";"WINQ24";"V";"1";"0,00";"executada";"entrada";"1";"126.870,00";"-";"-";"-"
"13598054200";"29/07/2024 / 11:48:37";"WINQ24";"C";"2";"127.160,00";"executada";"entrada";"2";"127.160,00";"-";"-";"-"
"13598054199";"29/07/2024 / 11:20:09";"WINQ24";"C";"2";"127.240,00";"executada";"entrada";"2";"127.240,00";"-";"-";"-"
"13598054198";"29/07/2024 / 10:49:02";"WINQ24";"V";"6";"127.355,00";"executada";"saída";"6";"127.355,00";"58,33";"0,05";"70,00"
"13598054197";"29/07/2024 / 10:49:01";"WINQ24";"C";"1";"127.380,00";"executada";"entrada";"1";"127.380,00";"-";"-";"-"
"13598054196";"29/07/2024 / 10:49:01";"WINQ24";"C";"1";"0,00";"executada";"entrada";"1";"127.600,00";"-";"-";"-"
"13598054195";"26/07/2024 / 10:51:48";"WINQ24";"C";"1";"126.770,00";"executada";"saída";"1";"126.770,00";"60,00";"0,05";"12,00"
"13598054194";"26/07/2024 / 10:51:48";"WINQ24";"V";"1";"0,00";"executada";"entrada";"1";"126.830,00";"-";"-";"-"
"13598054193";"25/07/2024 / 10:46:19";"WINQ24";"C";"1";"126.330,00";"executada";"saída";"1";"126.330,00";"60,00";"0,05";"12,00"
"13598054192";"25/07/2024 / 10:46:18";"WINQ24";"V";"1";"0,00";"executada";"entrada";"1";"126.390,00";"-";"-";"-"
"13598054191";"24/07/2024 / 10:45:23";"WINQ24";"C";"1";"127.210,00";"executada";"saída";"1";"127.210,00";"60,00";"0,05";"12,00"
"13598054190";"24/07/2024 / 10:45:17";"WINQ24";"V";"1";"0,00";"executada";"entrada";"1";"127.270,00";"-";"-";"-"
"13598054189";"23/07/2024 / 10:52:27";"WINQ24";"V";"1";"127.755,00";"executada";"saída";"1";"127.755,00";"60,00";"0,05";"12,00"
"13598054188";"23/07/2024 / 10:52:26";"WINQ24";"C";"1";"0,00";"executada";"entrada";"1";"127.695,00";"-";"-";"-"
"13598054187";"22/07/2024 / 10:47:19";"WINQ24";"V";"2";"128.415,00";"executada";"saída";"2";"128.415,00";"60,00";"0,05";"24,00"
"13598054186";"22/07/2024 / 10:47:19";"WINQ24";"C";"1";"128.245,00";"executada";"entrada";"1";"128.245,00";"-";"-";"-"
"13598054185";"22/07/2024 / 10:47:18";"WINQ24";"C";"1";"0,00";"executada";"entrada";"1";"128.465,00";"-";"-";"-"
"13598054184";"19/07/2024 / 10:45:11";"WINQ24";"V";"1";"129.075,00";"executada";"saída";"1";"129.075,00";"60,00";"0,05";"12,00"
"13598054183";"19/07/2024 / 10:45:10";"WINQ24";"C";"1";"0,00";"executada";"entrada";"1";"129.015,00";"-";"-";"-"
"13598054182";"18/07/2024 / 10:46:02";"WINQ24";"C";"1";"129.690,00";"executada";"saída";"1";"129.690,00";"60,00";"0,05";"12,00"
"13598054181";"18/07/2024 / 10:46:01";"WINQ24";"V";"1";"0,00";"executada";"entrada";"1";"129.750,00";"-";"-";"-"
"13598054180";"17/07/2024 / 10:49:42";"WINQ24";"V";"1";"130.065,00";"executada";"saída";"1";"130.065,00";"60,00";"0,05";"12,00"
"13598054179";"17/07/2024 / 10:49:41";"WINQ24";"C";"1";"0,00";"executada";"entrada";"1";"130.005,00";"-";"-";"-"
"13598054178";"16/07/2024 / 10:46:11";"WINQ24";"C";"1";"130.340,00";"executada";"saída";"1";"130.340,00";"60,00";"0,05";"12,00"
"13598054177";"16/07/2024 / 10:46:09";"WINQ24";"V";"1";"0,00";"executada";"entrada";"1";"130.400,00";"-";"-";"-"
"13598054176";"15/07/2024 / 10:43:33";"WINQ24";"V";"1";"129.840,00";"executada";"saída";"1";"129.840,00";"60,00";"0,05";"12,00"
"13598054175";"15/07/2024 / 10:43:32";"WINQ24";"C";"1";"0,00";"executada";"entrada";"1";"129.780,00";"-";"-";"-"
"13598054174";"12/07/2024 / 10:46:37";"WINQ24";"C";"1";"129.550,00";"executada";"saída";"1";"129.550,00";"60,00";"0,05";"12,00"
"13598054173";"12/07/2024 / 10:46:36";"WINQ24";"V";"1";"0,00";"executada";"entrada";"1";"129.610,00";"-";"-";"-"
"13598054172";"11/07/2024 / 10:46:30";"WINQ24";"C";"2";"129.245,00";"executada";"saída";"2";"129.245,00";"60,00";"0,05";"24,00"
"13598054171";"11/07/2024 / 10:46:30";"WINQ24";"V";"1";"129.415,00";"executada";"entrada";"1";"129.415,00";"-";"-";"-"
"13598054170";"11/07/2024 / 10:46:29";"WINQ24";"V";"1";"0,00";"executada";"entrada";"1";"129.195,00";"-";"-";"-"
"13598054169";"09/07/2024 / 10:53:48";"WINQ24";"V";"1";"127.785,00";"executada";"saída";"1";"127.785,00";"60,00";"0,05";"12,00"
"13598054168";"09/07/2024 / 10:53:48";"WINQ24";"C";"1";"127.725,00";"executada";"entrada";"1";"127.725,00";"-";"-";"-"
"13598054167";"08/07/2024 / 10:59:35";"WINQ24";"C";"6";"127.320,00";"executada";"saída";"6";"127.320,00";"58,33";"0,05";"70,00"
"13598054166";"08/07/2024 / 10:58:20";"WINQ24";"V";"2";"127.515,00";"executada";"entrada";"2";"127.515,00";"-";"-";"-"
"13598054165";"08/07/2024 / 10:56:33";"WINQ24";"V";"2";"127.435,00";"executada";"entrada";"2";"127.435,00";"-";"-";"-"
"13598054164";"08/07/2024 / 10:52:46";"WINQ24";"V";"1";"127.075,00";"executada";"entrada";"1";"127.075,00";"-";"-";"-"
"13598054163";"08/07/2024 / 10:52:46";"WINQ24";"V";"1";"127.295,00";"executada";"entrada";"1";"127.295,00";"-";"-";"-"
"13598054162";"05/07/2024 / 10:57:11";"WINQ24";"C";"1";"126.905,00";"executada";"saída";"1";"126.905,00";"60,00";"0,05";"12,00"
"13598054161";"05/07/2024 / 10:57:11";"WINQ24";"V";"1";"126.965,00";"executada";"entrada";"1";"126.965,00";"-";"-";"-"
"13598054160";"04/07/2024 / 10:46:15";"WINQ24";"V";"1";"127.780,00";"executada";"saída";"1";"127.780,00";"60,00";"0,05";"12,00"
"13598054159";"04/07/2024 / 10:46:14";"WINQ24";"C";"1";"127.720,00";"executada";"entrada";"1";"127.720,00";"-";"-";"-"
"13598054158";"03/07/2024 / 10:55:22";"WINQ24";"V";"2";"127.610,00";"executada";"saída";"2";"127.610,00";"60,00";"0,05";"24,00"
"13598054157";"03/07/2024 / 10:51:00";"WINQ24";"C";"1";"127.660,00";"executada";"entrada";"1";"127.660,00";"-";"-";"-"
"13598054156";"03/07/2024 / 10:51:00";"WINQ24";"C";"1";"127.440,00";"executada";"entrada";"1";"127.440,00";"-";"-";"-"
"13598054155";"02/07/2024 / 11:00:01";"WINQ24";"C";"1";"126.635,00";"executada";"saída";"1";"126.635,00";"60,00";"0,05";"12,00"
"13598054154";"02/07/2024 / 11:00:01";"WINQ24";"V";"1";"126.695,00";"executada";"entrada";"1";"126.695,00";"-";"-";"-"
"13598054153";"01/07/2024 / 10:50:39";"WINQ24";"V";"1";"126.315,00";"executada";"saída";"1";"126.315,00";"60,00";"0,05";"12,00"
"13598054152";"01/07/2024 / 10:50:38";"WINQ24";"C";"1";"126.255,00";"executada";"entrada";"1";"126.255,00";"-";"-";"-"
"13598054151";"28/06/2024 / 11:13:00";"WINQ24";"C";"1";"124.765,00";"executada";"saída";"1";"124.765,00";"60,00";"0,05";"12,00"
"13598054150";"28/06/2024 / 11:13:00";"WINQ24";"V";"1";"124.825,00";"executada";"entrada";"1";"124.825,00";"-";"-";"-"
"13598054149";"27/06/2024 / 10:47:31";"WINQ24";"V";"1";"125.155,00";"executada";"saída";"1";"125.155,00";"60,00";"0,05";"12,00"
"13598054148";"27/06/2024 / 10:47:31";"WINQ24";"C";"1";"125.095,00";"executada";"entrada";"1";"125.095,00";"-";"-";"-"
"13598054147";"26/06/2024 / 10:53:13";"WINQ24";"C";"1";"123.025,00";"executada";"saída";"1";"123.025,00";"60,00";"0,05";"12,00"
"13598054146";"26/06/2024 / 10:53:12";"WINQ24";"V";"1";"123.085,00";"executada";"entrada";"1";"123.085,00";"-";"-";"-"
"13598054145";"25/06/2024 / 10:43:39";"WINQ24";"C";"1";"124.075,00";"executada";"saída";"1";"124.075,00";"60,00";"0,05";"12,00"
"13598054144";"25/06/2024 / 10:43:39";"WINQ24";"V";"1";"124.135,00";"executada";"entrada";"1";"124.135,00";"-";"-";"-"
"13598054143";"24/06/2024 / 11:01:42";"WINQ24";"V";"1";"124.340,00";"executada";"saída";"1";"124.340,00";"60,00";"0,05";"12,00"
"13598054142";"24/06/2024 / 11:01:40";"WINQ24";"C";"1";"124.280,00";"executada";"entrada";"1";"124.280,00";"-";"-";"-"
"13598054141";"21/06/2024 / 10:45:00";"WINQ24";"C";"1";"122.325,00";"executada";"saída";"1";"122.325,00";"60,00";"0,05";"12,00"
"13598054140";"21/06/2024 / 10:45:00";"WINQ24";"V";"1";"122.385,00";"executada";"entrada";"1";"122.385,00";"-";"-";"-"
"13598054139";"20/06/2024 / 11:01:14";"WINQ24";"V";"1";"123.315,00";"executada";"saída";"1";"123.315,00";"60,00";"0,05";"12,00"
"13598054138";"20/06/2024 / 11:01:14";"WINQ24";"C";"1";"123.255,00";"executada";"entrada";"1";"123.255,00";"-";"-";"-"
"13598054137";"19/06/2024 / 10:58:51";"WINQ24";"V";"1";"120.785,00";"executada";"saída";"1";"120.785,00";"60,00";"0,05";"12,00"
"13598054136";"19/06/2024 / 10:58:48";"WINQ24";"C";"1";"120.725,00";"executada";"entrada";"1";"120.725,00";"-";"-";"-"
"13598054135";"18/06/2024 / 10:57:00";"WINQ24";"C";"1";"121.615,00";"executada";"saída";"1";"121.615,00";"60,00";"0,05";"12,00"
"13598054134";"18/06/2024 / 10:56:58";"WINQ24";"V";"1";"121.675,00";"executada";"entrada";"1";"121.675,00";"-";"-";"-"
"13598054133";"17/06/2024 / 10:45:05";"WINQ24";"C";"1";"120.865,00";"executada";"saída";"1";"120.865,00";"60,00";"0,05";"12,00"
"13598054132";"17/06/2024 / 10:45:04";"WINQ24";"V";"1";"120.925,00";"executada";"entrada";"1";"120.925,00";"-";"-";"-"
"13598054131";"14/06/2024 / 10:48:12";"WINQ24";"C";"1";"120.740,00";"executada";"saída";"1";"120.740,00";"60,00";"0,05";"12,00"
"13598054130";"14/06/2024 / 10:48:12";"WINQ24";"V";"1";"120.800,00";"executada";"entrada";"1";"120.800,00";"-";"-";"-"
"13598054129";"13/06/2024 / 10:48:46";"WINQ24";"V";"2";"121.760,00";"executada";"saída";"2";"121.760,00";"60,00";"0,05";"24,00"
"13598054128";"13/06/2024 / 10:43:08";"WINQ24";"C";"1";"121.590,00";"executada";"entrada";"1";"121.590,00";"-";"-";"-"
"13598054127";"13/06/2024 / 10:43:07";"WINQ24";"C";"1";"121.810,00";"executada";"entrada";"1";"121.810,00";"-";"-";"-"
"13598054126";"12/06/2024 / 11:10:05";"WINQ24";"C";"1";"121.960,00";"executada";"saída";"1";"121.960,00";"60,00";"0,05";"12,00"
"13598054125";"12/06/2024 / 11:10:04";"WINQ24";"V";"1";"122.020,00";"executada";"entrada";"1";"122.020,00";"-";"-";"-"
"13598054124";"11/06/2024 / 10:46:53";"WINM24";"C";"1";"121.100,00";"executada";"saída";"1";"121.100,00";"60,00";"0,05";"12,00"
"13598054123";"11/06/2024 / 10:46:52";"WINM24";"V";"1";"121.160,00";"executada";"entrada";"1";"121.160,00";"-";"-";"-"
"13598054122";"10/06/2024 / 10:48:26";"WINM24";"C";"2";"121.075,00";"executada";"saída";"2";"121.075,00";"60,00";"0,05";"24,00"
"13598054121";"10/06/2024 / 10:43:37";"WINM24";"V";"1";"121.025,00";"executada";"entrada";"1";"121.025,00";"-";"-";"-"
"13598054120";"10/06/2024 / 10:43:37";"WINM24";"V";"1";"121.245,00";"executada";"entrada";"1";"121.245,00";"-";"-";"-"
"13598054119";"07/06/2024 / 10:46:11";"WINM24";"C";"1";"121.930,00";"executada";"saída";"1";"121.930,00";"60,00";"0,05";"12,00"
"13598054118";"07/06/2024 / 10:46:10";"WINM24";"V";"1";"121.990,00";"executada";"entrada";"1";"121.990,00";"-";"-";"-"
"13598054117";"06/06/2024 / 11:19:36";"WINM24";"V";"2";"122.530,00";"executada";"saída";"2";"122.530,00";"60,00";"0,05";"24,00"
"13598054116";"06/06/2024 / 10:45:28";"WINM24";"C";"1";"122.580,00";"executada";"entrada";"1";"122.580,00";"-";"-";"-"
"13598054115";"06/06/2024 / 10:45:28";"WINM24";"C";"1";"122.360,00";"executada";"entrada";"1";"122.360,00";"-";"-";"-"
"13598054114";"05/06/2024 / 10:45:50";"WINM24";"C";"1";"121.800,00";"executada";"saída";"1";"121.800,00";"60,00";"0,05";"12,00"
"13598054113";"05/06/2024 / 10:45:50";"WINM24";"V";"1";"121.860,00";"executada";"entrada";"1";"121.860,00";"-";"-";"-"
"13598054112";"04/06/2024 / 10:50:30";"WINM24";"C";"2";"121.420,00";"executada";"saída";"2";"121.420,00";"60,00";"0,05";"24,00"
"13598054111";"04/06/2024 / 10:46:06";"WINM24";"V";"1";"121.370,00";"executada";"entrada";"1";"121.370,00";"-";"-";"-"
"13598054110";"04/06/2024 / 10:46:06";"WINM24";"V";"1";"121.590,00";"executada";"entrada";"1";"121.590,00";"-";"-";"-"
"13598054109";"03/06/2024 / 10:51:08";"WINM24";"V";"2";"122.050,00";"executada";"saída";"2";"122.050,00";"60,00";"0,05";"24,00"
"13598054108";"03/06/2024 / 10:46:07";"WINM24";"C";"1";"122.100,00";"executada";"entrada";"1";"122.100,00";"-";"-";"-"
"13598054107";"03/06/2024 / 10:46:07";"WINM24";"C";"1";"121.880,00";"executada";"entrada";"1";"121.880,00";"-";"-";"-"
"13598054106";"31/05/2024 / 10:47:07";"WINM24";"C";"1";"122.955,00";"executada";"saída";"1";"122.955,00";"60,00";"0,05";"12,00"
"13598054105";"31/05/2024 / 10:47:07";"WINM24";"V";"1";"123.015,00";"executada";"entrada";"1";"123.015,00";"-";"-";"-"
"13598054104";"29/05/2024 / 11:06:19";"WINM24";"C";"2";"123.175,00";"executada";"saída";"2";"123.175,00";"60,00";"0,05";"24,00"
"13598054103";"29/05/2024 / 10:49:41";"WINM24";"V";"1";"123.345,00";"executada";"entrada";"1";"123.345,00";"-";"-";"-"
"13598054102";"29/05/2024 / 10:49:40";"WINM24";"V";"1";"123.125,00";"executada";"entrada";"1";"123.125,00";"-";"-";"-"
"13598054101";"28/05/2024 / 10:49:33";"WINM24";"V";"1";"125.350,00";"executada";"saída";"1";"125.350,00";"60,00";"0,05";"12,00"
"13598054100";"28/05/2024 / 10:49:29";"WINM24";"C";"1";"125.290,00";"executada";"entrada";"1";"125.290,00";"-";"-";"-"
"13598054099";"27/05/2024 / 10:46:22";"WINM24";"V";"1";"124.875,00";"executada";"saída";"1";"124.875,00";"60,00";"0,05";"12,00"
"13598054098";"27/05/2024 / 10:46:22";"WINM24";"C";"1";"124.815,00";"executada";"entrada";"1";"124.815,00";"-";"-";"-"
"13598054097";"24/05/2024 / 10:48:23";"WINM24";"V";"1";"125.665,00";"executada";"saída";"1";"125.665,00";"60,00";"0,05";"12,00"
"13598054096";"24/05/2024 / 10:48:23";"WINM24";"C";"1";"125.605,00";"executada";"entrada";"1";"125.605,00";"-";"-";"-"
"13598054095";"23/05/2024 / 10:44:56";"WINM24";"V";"1";"126.085,00";"executada";"saída";"1";"126.085,00";"60,00";"0,05";"12,00"
"13598054094";"23/05/2024 / 10:44:56";"WINM24";"C";"1";"126.025,00";"executada";"entrada";"1";"126.025,00";"-";"-";"-"
"13598054093";"22/05/2024 / 10:50:45";"WINM24";"V";"1";"127.220,00";"executada";"saída";"1";"127.220,00";"60,00";"0,05";"12,00"
"13598054092";"22/05/2024 / 10:50:45";"WINM24";"C";"1";"127.160,00";"executada";"entrada";"1";"127.160,00";"-";"-";"-"
"13598054091";"21/05/2024 / 10:43:18";"WINM24";"V";"1";"128.400,00";"executada";"saída";"1";"128.400,00";"60,00";"0,05";"12,00"
"13598054090";"21/05/2024 / 10:43:18";"WINM24";"C";"1";"128.340,00";"executada";"entrada";"1";"128.340,00";"-";"-";"-"
"13598054089";"20/05/2024 / 10:52:07";"WINM24";"C";"1";"128.370,00";"executada";"saída";"1";"128.370,00";"60,00";"0,05";"12,00"
"13598054088";"20/05/2024 / 10:52:06";"WINM24";"V";"1";"128.430,00";"executada";"entrada";"1";"128.430,00";"-";"-";"-"
"13598054087";"17/05/2024 / 10:54:28";"WINM24";"V";"1";"128.625,00";"executada";"saída";"1";"128.625,00";"60,00";"0,05";"12,00"
"13598054086";"17/05/2024 / 10:54:28";"WINM24";"C";"1";"128.565,00";"executada";"entrada";"1";"128.565,00";"-";"-";"-"
"13598054085";"16/05/2024 / 10:56:26";"WINM24";"V";"2";"128.985,00";"executada";"saída";"2";"128.985,00";"60,00";"0,05";"24,00"
"13598054084";"16/05/2024 / 10:53:17";"WINM24";"C";"1";"129.035,00";"executada";"entrada";"1";"129.035,00";"-";"-";"-"
"13598054083";"16/05/2024 / 10:53:17";"WINM24";"C";"1";"128.815,00";"executada";"entrada";"1";"128.815,00";"-";"-";"-"
"13598054082";"15/05/2024 / 10:44:07";"WINM24";"C";"1";"128.055,00";"executada";"saída";"1";"128.055,00";"60,00";"0,05";"12,00"
"13598054081";"15/05/2024 / 10:44:07";"WINM24";"V";"1";"128.115,00";"executada";"entrada";"1";"128.115,00";"-";"-";"-"
"13598054080";"14/05/2024 / 11:10:37";"WINM24";"C";"6";"129.510,00";"executada";"saída";"6";"129.510,00";"58,33";"0,05";"70,00"
"13598054079";"14/05/2024 / 11:07:45";"WINM24";"V";"2";"129.705,00";"executada";"entrada";"2";"129.705,00";"-";"-";"-"
"13598054078";"14/05/2024 / 10:56:21";"WINM24";"V";"2";"129.625,00";"executada";"entrada";"2";"129.625,00";"-";"-";"-"
"13598054077";"14/05/2024 / 10:51:48";"WINM24";"V";"1";"129.265,00";"executada";"entrada";"1";"129.265,00";"-";"-";"-"
"13598054076";"14/05/2024 / 10:51:48";"WINM24";"V";"1";"129.485,00";"executada";"entrada";"1";"129.485,00";"-";"-";"-"
"13598054075";"13/05/2024 / 10:46:25";"WINM24";"V";"1";"129.425,00";"executada";"saída";"1";"129.425,00";"60,00";"0,05";"12,00"
"13598054074";"13/05/2024 / 10:46:25";"WINM24";"C";"1";"129.365,00";"executada";"entrada";"1";"129.365,00";"-";"-";"-"
"13598054073";"10/05/2024 / 11:01:29";"WINM24";"V";"2";"129.330,00";"executada";"saída";"2";"129.330,00";"60,00";"0,05";"24,00"
"13598054072";"10/05/2024 / 10:59:57";"WINM24";"C";"1";"129.380,00";"executada";"entrada";"1";"129.380,00";"-";"-";"-"
"13598054071";"10/05/2024 / 10:59:57";"WINM24";"C";"1";"129.160,00";"executada";"entrada";"1";"129.160,00";"-";"-";"-"
"13598054070";"09/05/2024 / 10:48:09";"WINM24";"C";"1";"128.530,00";"executada";"saída";"1";"128.530,00";"60,00";"0,05";"12,00"
"13598054069";"09/05/2024 / 10:48:09";"WINM24";"V";"1";"128.590,00";"executada";"entrada";"1";"128.590,00";"-";"-";"-"
"13598054068";"08/05/2024 / 11:13:20";"WINM24";"C";"2";"130.140,00";"executada";"saída";"2";"130.140,00";"60,00";"0,05";"24,00"
"13598054067";"08/05/2024 / 10:54:16";"WINM24";"V";"1";"130.090,00";"executada";"entrada";"1";"130.090,00";"-";"-";"-"
"13598054066";"08/05/2024 / 10:54:16";"WINM24";"V";"1";"130.310,00";"executada";"entrada";"1";"130.310,00";"-";"-";"-"
"13598054065";"07/05/2024 / 10:50:17";"WINM24";"V";"1";"130.490,00";"executada";"saída";"1";"130.490,00";"60,00";"0,05";"12,00"
"13598054064";"07/05/2024 / 10:50:16";"WINM24";"C";"1";"130.430,00";"executada";"entrada";"1";"130.430,00";"-";"-";"-"
"13598054063";"06/05/2024 / 11:05:32";"WINM24";"C";"1";"130.240,00";"executada";"saída";"1";"130.240,00";"60,00";"0,05";"12,00"
"13598054062";"06/05/2024 / 11:05:30";"WINM24";"V";"1";"130.300,00";"executada";"entrada";"1";"130.300,00";"-";"-";"-"
"13598054061";"03/05/2024 / 10:43:46";"WINM24";"V";"1";"129.895,00";"executada";"saída";"1";"129.895,00";"60,00";"0,05";"12,00"
"13598054060";"03/05/2024 / 10:43:46";"WINM24";"C";"1";"129.835,00";"executada";"entrada";"1";"129.835,00";"-";"-";"-"
"13598054059";"02/05/2024 / 10:43:21";"WINM24";"C";"1";"128.485,00";"executada";"saída";"1";"128.485,00";"60,00";"0,05";"12,00"
"13598054058";"02/05/2024 / 10:43:21";"WINM24";"V";"1";"128.545,00";"executada";"entrada";"1";"128.545,00";"-";"-";"-"
"13598054057";"30/04/2024 / 11:03:32";"WINM24";"V";"2";"127.915,00";"executada";"saída";"2";"127.915,00";"60,00";"0,05";"24,00"
"13598054056";"30/04/2024 / 10:53:40";"WINM24";"C";"1";"127.965,00";"executada";"entrada";"1";"127.965,00";"-";"-";"-"
"13598054055";"30/04/2024 / 10:53:40";"WINM24";"C";"1";"127.745,00";"executada";"entrada";"1";"127.745,00";"-";"-";"-"
"13598054054";"29/04/2024 / 10:57:15";"WINM24";"C";"2";"128.185,00";"executada";"saída";"2";"128.185,00";"60,00";"0,05";"24,00"
"13598054053";"29/04/2024 / 10:48:35";"WINM24";"V";"1";"128.355,00";"executada";"entrada";"1";"128.355,00";"-";"-";"-"
"13598054052";"29/04/2024 / 10:48:34";"WINM24";"V";"1";"128.135,00";"executada";"entrada";"1";"128.135,00";"-";"-";"-"
"13598054051";"26/04/2024 / 10:59:58";"WINM24";"C";"1";"127.715,00";"executada";"saída";"1";"127.715,00";"60,00";"0,05";"12,00"
"13598054050";"26/04/2024 / 10:59:58";"WINM24";"V";"1";"127.775,00";"executada";"entrada";"1";"127.775,00";"-";"-";"-"
"13598054049";"25/04/2024 / 10:42:48";"WINM24";"V";"1";"125.375,00";"executada";"saída";"1";"125.375,00";"60,00";"0,05";"12,00"
"13598054048";"25/04/2024 / 10:42:48";"WINM24";"C";"1";"125.315,00";"executada";"entrada";"1";"125.315,00";"-";"-";"-"
"13598054047";"24/04/2024 / 10:44:56";"WINM24";"V";"1";"126.640,00";"executada";"saída";"1";"126.640,00";"60,00";"0,05";"12,00"
"13598054046";"24/04/2024 / 10:44:55";"WINM24";"C";"1";"126.580,00";"executada";"entrada";"1";"126.580,00";"-";"-";"-"
"13598054045";"23/04/2024 / 10:43:18";"WINM24";"V";"1";"125.895,00";"executada";"saída";"1";"125.895,00";"60,00";"0,05";"12,00"
"13598054044";"23/04/2024 / 10:43:16";"WINM24";"C";"1";"125.835,00";"executada";"entrada";"1";"125.835,00";"-";"-";"-"
"13598054043";"22/04/2024 / 10:57:32";"WINM24";"V";"1";"126.350,00";"executada";"saída";"1";"126.350,00";"60,00";"0,05";"12,00"
"13598054042";"22/04/2024 / 10:57:32";"WINM24";"C";"1";"126.290,00";"executada";"entrada";"1";"126.290,00";"-";"-";"-"
"13598054041";"19/04/2024 / 10:54:15";"WINM24";"C";"2";"126.565,00";"executada";"saída";"2";"126.565,00";"60,00";"0,05";"24,00"
"13598054040";"19/04/2024 / 10:45:37";"WINM24";"V";"1";"126.735,00";"executada";"entrada";"1";"126.735,00";"-";"-";"-"
"13598054039";"19/04/2024 / 10:45:36";"WINM24";"V";"1";"126.515,00";"executada";"entrada";"1";"126.515,00";"-";"-";"-"
"13598054038";"18/04/2024 / 10:43:08";"WINM24";"V";"1";"126.285,00";"executada";"saída";"1";"126.285,00";"60,00";"0,05";"12,00"
"13598054037";"18/04/2024 / 10:43:08";"WINM24";"C";"1";"126.225,00";"executada";"entrada";"1";"126.225,00";"-";"-";"-"
"13598054036";"17/04/2024 / 10:48:59";"WINM24";"V";"2";"126.505,00";"executada";"saída";"2";"126.505,00";"60,00";"0,05";"24,00"
"13598054035";"17/04/2024 / 10:44:32";"WINM24";"C";"1";"126.335,00";"executada";"entrada";"1";"126.335,00";"-";"-";"-"
"13598054034";"17/04/2024 / 10:44:31";"WINM24";"C";"1";"126.555,00";"executada";"entrada";"1";"126.555,00";"-";"-";"-"
"13598054033";"16/04/2024 / 11:15:29";"WINJ24";"C";"6";"124.295,00";"executada";"saída";"6";"124.295,00";"58,33";"0,05";"70,00"
"13598054032";"16/04/2024 / 11:15:15";"WINJ24";"V";"2";"124.490,00";"executada";"entrada";"2";"124.490,00";"-";"-";"-"
"13598054031";"16/04/2024 / 11:04:19";"WINJ24";"V";"2";"124.410,00";"executada";"entrada";"2";"124.410,00";"-";"-";"-"
"13598054030";"16/04/2024 / 10:56:10";"WINJ24";"V";"1";"124.270,00";"executada";"entrada";"1";"124.270,00";"-";"-";"-"
"13598054029";"16/04/2024 / 10:56:09";"WINJ24";"V";"1";"124.050,00";"executada";"entrada";"1";"124.050,00";"-";"-";"-"
"13598054028";"15/04/2024 / 10:49:31";"WINJ24";"C";"1";"126.005,00";"executada";"saída";"1";"126.005,00";"60,00";"0,05";"12,00"
"13598054027";"15/04/2024 / 10:49:31";"WINJ24";"V";"1";"126.065,00";"executada";"entrada";"1";"126.065,00";"-";"-";"-"
"13598054026";"12/04/2024 / 10:44:48";"WINJ24";"C";"1";"127.505,00";"executada";"saída";"1";"127.505,00";"60,00";"0,05";"12,00"
"13598054025";"12/04/2024 / 10:44:48";"WINJ24";"V";"1";"127.565,00";"executada";"entrada";"1";"127.565,00";"-";"-";"-"
"13598054024";"11/04/2024 / 10:42:20";"WINJ24";"V";"1";"127.730,00";"executada";"saída";"1";"127.730,00";"60,00";"0,05";"12,00"
"13598054023";"11/04/2024 / 10:42:19";"WINJ24";"C";"1";"127.670,00";"executada";"entrada";"1";"127.670,00";"-";"-";"-"
"13598054022";"10/04/2024 / 10:42:34";"WINJ24";"C";"1";"129.285,00";"executada";"saída";"1";"129.285,00";"60,00";"0,05";"12,00"
"13598054021";"10/04/2024 / 10:42:34";"WINJ24";"V";"1";"129.345,00";"executada";"entrada";"1";"129.345,00";"-";"-";"-"
"13598054020";"09/04/2024 / 10:43:39";"WINJ24";"V";"1";"129.895,00";"executada";"saída";"1";"129.895,00";"60,00";"0,05";"12,00"
"13598054019";"09/04/2024 / 10:43:39";"WINJ24";"C";"1";"129.835,00";"executada";"entrada";"1";"129.835,00";"-";"-";"-"
"13598054018";"08/04/2024 / 11:13:08";"WINJ24";"V";"2";"128.415,00";"executada";"saída";"2";"128.415,00";"60,00";"0,05";"24,00"
"13598054017";"08/04/2024 / 10:59:04";"WINJ24";"C";"1";"128.465,00";"executada";"entrada";"1";"128.465,00";"-";"-";"-"
"13598054016";"08/04/2024 / 10:59:04";"WINJ24";"C";"1";"128.245,00";"executada";"entrada";"1";"128.245,00";"-";"-";"-"
"13598054015";"05/04/2024 / 10:52:37";"WINJ24";"C";"1";"127.300,00";"executada";"saída";"1";"127.300,00";"60,00";"0,05";"12,00"
"13598054014";"05/04/2024 / 10:52:36";"WINJ24";"V";"1";"127.360,00";"executada";"entrada";"1";"127.360,00";"-";"-";"-"
"13598054013";"04/04/2024 / 10:55:26";"WINJ24";"C";"1";"129.350,00";"executada";"saída";"1";"129.350,00";"60,00";"0,05";"12,00"
"13598054012";"04/04/2024 / 10:55:26";"WINJ24";"V";"1";"129.410,00";"executada";"entrada";"1";"129.410,00";"-";"-";"-"
"13598054011";"03/04/2024 / 11:00:01";"WINJ24";"V";"1";"127.015,00";"executada";"saída";"1";"127.015,00";"60,00";"0,05";"12,00"
"13598054010";"03/04/2024 / 11:00:01";"WINJ24";"C";"1";"126.955,00";"executada";"entrada";"1";"126.955,00";"-";"-";"-"
"13598054009";"02/04/2024 / 10:49:08";"WINJ24";"V";"1";"127.650,00";"executada";"saída";"1";"127.650,00";"60,00";"0,05";"12,00"
"13598054008";"02/04/2024 / 10:49:08";"WINJ24";"C";"1";"127.590,00";"executada";"entrada";"1";"127.590,00";"-";"-";"-"
"13598054007";"01/04/2024 / 10:54:31";"WINJ24";"V";"1";"128.560,00";"executada";"saída";"1";"128.560,00";"60,00";"0,05";"12,00"
"13598054006";"01/04/2024 / 10:54:30";"WINJ24";"C";"1";"128.500,00";"executada";"entrada";"1";"128.500,00";"-";"-";"-"
"13598054005";"28/03/2024 / 11:00:00";"WINJ24";"V";"1";"128.580,00";"executada";"saída";"1";"128.580,00";"60,00";"0,05";"12,00"
"13598054004";"28/03/2024 / 11:00:00";"WINJ24";"C";"1";"128.520,00";"executada";"entrada";"1";"128.520,00";"-";"-";"-"
"13598054003";"27/03/2024 / 11:03:19";"WINJ24";"V";"2";"127.055,00";"executada";"saída";"2";"127.055,00";"60,00";"0,05";"24,00"
"13598054002";"27/03/2024 / 11:01:40";"WINJ24";"C";"1";"126.885,00";"executada";"entrada";"1";"126.885,00";"-";"-";"-"
"13598054001";"27/03/2024 / 11:01:38";"WINJ24";"C";"1";"127.105,00";"executada";"entrada";"1";"127.105,00";"-";"-";"-"
"13598054000";"26/03/2024 / 11:06:45";"WINJ24";"C";"4";"127.685,00";"executada";"saída";"4";"127.685,00";"60,00";"0,05";"48,00"
"13598053999";"26/03/2024 / 11:00:45";"WINJ24";"V";"2";"127.870,00";"executada";"entrada";"2";"127.870,00";"-";"-";"-"
"13598053998";"26/03/2024 / 10:44:29";"WINJ24";"V";"1";"127.510,00";"executada";"entrada";"1";"127.510,00";"-";"-";"-"
"13598053997";"26/03/2024 / 10:44:29";"WINJ24";"V";"1";"127.730,00";"executada";"entrada";"1";"127.730,00";"-";"-";"-"
"13598053996";"25/03/2024 / 10:45:10";"WINJ24";"C";"1";"127.650,00";"executada";"saída";"1";"127.650,00";"60,00";"0,05";"12,00"
"13598053995";"25/03/2024 / 10:45:10";"WINJ24";"V";"1";"127.710,00";"executada";"entrada";"1";"127.710,00";"-";"-";"-"
"13598053994";"22/03/2024 / 10:51:00";"WINJ24";"V";"1";"128.380,00";"executada";"saída";"1";"128.380,00";"60,00";"0,05";"12,00"
"13598053993";"22/03/2024 / 10:51:00";"WINJ24";"C";"1";"128.320,00";"executada";"entrada";"1";"128.320,00";"-";"-";"-"
"13598053992";"21/03/2024 / 15:10:24";"WINJ24";"V";"10";"129.270,00";"executada";"saída";"10";"129.270,00";"58,00";"0,04";"116,00"
"13598053991";"21/03/2024 / 12:41:24";"WINJ24";"C";"4";"129.025,00";"executada";"entrada";"4";"129.025,00";"-";"-";"-"
"13598053990";"21/03/2024 / 11:10:42";"WINJ24";"C";"2";"129.200,00";"executada";"entrada";"2";"129.200,00";"-";"-";"-"
"13598053989";"21/03/2024 / 11:00:00";"WINJ24";"C";"2";"129.280,00";"executada";"entrada";"2";"129.280,00";"-";"-";"-"
"13598053988";"21/03/2024 / 10:46:58";"WINJ24";"C";"1";"129.640,00";"executada";"entrada";"1";"129.640,00";"-";"-";"-"
"13598053987";"21/03/2024 / 10:46:58";"WINJ24";"C";"1";"129.420,00";"executada";"entrada";"1";"129.420,00";"-";"-";"-"
"13598053986";"20/03/2024 / 10:43:25";"WINJ24";"C";"1";"128.535,00";"executada";"saída";"1";"128.535,00";"60,00";"0,05";"12,00"
"13598053985";"20/03/2024 / 10:43:25";"WINJ24";"V";"1";"128.595,00";"executada";"entrada";"1";"128.595,00";"-";"-";"-"
"13598053984";"19/03/2024 / 10:42:31";"WINJ24";"C";"1";"128.220,00";"executada";"saída";"1";"128.220,00";"60,00";"0,05";"12,00"
"13598053983";"19/03/2024 / 10:42:31";"WINJ24";"V";"1";"128.280,00";"executada";"entrada";"1";"128.280,00";"-";"-";"-"
"13598053982";"18/03/2024 / 11:08:58";"WINJ24";"V";"1";"127.890,00";"executada";"saída";"1";"127.890,00";"60,00";"0,05";"12,00"
"13598053981";"18/03/2024 / 11:08:58";"WINJ24";"C";"1";"127.830,00";"executada";"entrada";"1";"127.830,00";"-";"-";"-"
"13598053980";"15/03/2024 / 11:33:00";"WINJ24";"V";"4";"128.165,00";"executada";"saída";"4";"128.165,00";"60,00";"0,05";"48,00"
"13598053979";"15/03/2024 / 11:07:21";"WINJ24";"C";"2";"127.980,00";"executada";"entrada";"2";"127.980,00";"-";"-";"-"
"13598053978";"15/03/2024 / 10:56:58";"WINJ24";"C";"1";"128.340,00";"executada";"entrada";"1";"128.340,00";"-";"-";"-"
"13598053977";"15/03/2024 / 10:56:58";"WINJ24";"C";"1";"128.120,00";"executada";"entrada";"1";"128.120,00";"-";"-";"-"
"13598053976";"14/03/2024 / 10:59:40";"WINJ24";"C";"1";"128.650,00";"executada";"saída";"1";"128.650,00";"60,00";"0,05";"12,00"
"13598053975";"14/03/2024 / 10:59:40";"WINJ24";"V";"1";"128.710,00";"executada";"entrada";"1";"128.710,00";"-";"-";"-"
"13598053974";"13/03/2024 / 10:45:16";"WINJ24";"V";"1";"129.115,00";"executada";"saída";"1";"129.115,00";"60,00";"0,05";"12,00"
"13598053973";"13/03/2024 / 10:45:15";"WINJ24";"C";"1";"129.055,00";"executada";"entrada";"1";"129.055,00";"-";"-";"-"
"13598053972";"12/03/2024 / 10:45:02";"WINJ24";"C";"1";"128.200,00";"executada";"saída";"1";"128.200,00";"60,00";"0,05";"12,00"
"13598053971";"12/03/2024 / 10:45:02";"WINJ24";"V";"1";"128.260,00";"executada";"entrada";"1";"128.260,00";"-";"-";"-"
"13598053970";"11/03/2024 / 10:44:44";"WINJ24";"C";"1";"127.515,00";"executada";"saída";"1";"127.515,00";"60,00";"0,05";"12,00"
"13598053969";"11/03/2024 / 10:44:43";"WINJ24";"V";"1";"127.575,00";"executada";"entrada";"1";"127.575,00";"-";"-";"-"
"13598053968";"08/03/2024 / 10:47:05";"WINJ24";"V";"1";"127.955,00";"executada";"saída";"1";"127.955,00";"60,00";"0,05";"12,00"
"13598053967";"08/03/2024 / 10:47:05";"WINJ24";"C";"1";"127.895,00";"executada";"entrada";"1";"127.895,00";"-";"-";"-"
"13598053966";"07/03/2024 / 14:46:02";"WINJ24";"V";"10";"129.360,00";"executada";"saída";"10";"129.360,00";"-522,00";"-0,40";"-1.044,00"
"13598053965";"07/03/2024 / 11:26:57";"WINJ24";"C";"4";"129.695,00";"executada";"entrada";"4";"129.695,00";"-";"-";"-"
"13598053964";"07/03/2024 / 11:10:18";"WINJ24";"C";"2";"129.870,00";"executada";"entrada";"2";"129.870,00";"-";"-";"-"
"13598053963";"07/03/2024 / 11:01:12";"WINJ24";"C";"2";"129.950,00";"executada";"entrada";"2";"129.950,00";"-";"-";"-"
"13598053962";"07/03/2024 / 10:47:27";"WINJ24";"C";"1";"130.310,00";"executada";"entrada";"1";"130.310,00";"-";"-";"-"
"13598053961";"07/03/2024 / 10:47:27";"WINJ24";"C";"1";"130.090,00";"executada";"entrada";"1";"130.090,00";"-";"-";"-"
"13598053960";"06/03/2024 / 10:56:32";"WINJ24";"C";"4";"130.385,00";"executada";"saída";"4";"130.385,00";"60,00";"0,05";"48,00"
"13598053959";"06/03/2024 / 10:55:38";"WINJ24";"V";"2";"130.570,00";"executada";"entrada";"2";"130.570,00";"-";"-";"-"
"13598053958";"06/03/2024 / 10:47:02";"WINJ24";"V";"1";"130.210,00";"executada";"entrada";"1";"130.210,00";"-";"-";"-"
"13598053957";"06/03/2024 / 10:47:02";"WINJ24";"V";"1";"130.430,00";"executada";"entrada";"1";"130.430,00";"-";"-";"-"
"13598053956";"05/03/2024 / 10:49:40";"WINJ24";"V";"1";"129.780,00";"executada";"saída";"1";"129.780,00";"60,00";"0,05";"12,00"
"13598053955";"05/03/2024 / 10:49:39";"WINJ24";"C";"1";"129.720,00";"executada";"entrada";"1";"129.720,00";"-";"-";"-"
"13598053954";"04/03/2024 / 10:47:22";"WINJ24";"C";"1";"130.600,00";"executada";"saída";"1";"130.600,00";"60,00";"0,05";"12,00"
"13598053953";"04/03/2024 / 10:47:22";"WINJ24";"V";"1";"130.660,00";"executada";"entrada";"1";"130.660,00";"-";"-";"-"
"13598053952";"01/03/2024 / 10:43:55";"WINJ24";"V";"1";"130.895,00";"executada";"saída";"1";"130.895,00";"60,00";"0,05";"12,00"
"13598053951";"01/03/2024 / 10:43:54";"WINJ24";"C";"1";"130.835,00";"executada";"entrada";"1";"130.835,00";"-";"-";"-"
"13598053950";"29/02/2024 / 10:43:08";"WINJ24";"C";"1";"131.225,00";"executada";"saída";"1";"131.225,00";"60,00";"0,05";"12,00"
"13598053949";"29/02/2024 / 10:43:08";"WINJ24";"V";"1";"131.285,00";"executada";"entrada";"1";"131.285,00";"-";"-";"-"
"13598053948";"28/02/2024 / 10:48:33";"WINJ24";"V";"1";"132.850,00";"executada";"saída";"1";"132.850,00";"60,00";"0,05";"12,00"
"13598053947";"28/02/2024 / 10:48:33";"WINJ24";"C";"1";"132.790,00";"executada";"entrada";"1";"132.790,00";"-";"-";"-"
"13598053946";"27/02/2024 / 11:01:33";"WINJ24";"C";"1";"132.700,00";"executada";"saída";"1";"132.700,00";"60,00";"0,05";"12,00"
"13598053945";"27/02/2024 / 11:01:33";"WINJ24";"V";"1";"132.760,00";"executada";"entrada";"1";"132.760,00";"-";"-";"-"
"13598053944";"26/02/2024 / 11:00:44";"WINJ24";"V";"1";"131.735,00";"executada";"saída";"1";"131.735,00";"60,00";"0,05";"12,00"
"13598053943";"26/02/2024 / 11:00:44";"WINJ24";"C";"1";"131.675,00";"executada";"entrada";"1";"131.675,00";"-";"-";"-"
"13598053942";"23/02/2024 / 11:31:17";"WINJ24";"C";"1";"131.585,00";"executada";"saída";"1";"131.585,00";"60,00";"0,05";"12,00"
"13598053941";"23/02/2024 / 11:31:17";"WINJ24";"V";"1";"131.645,00";"executada";"entrada";"1";"131.645,00";"-";"-";"-"
"13598053940";"22/02/2024 / 11:40:48";"WINJ24";"V";"6";"132.285,00";"executada";"saída";"6";"132.285,00";"58,33";"0,04";"70,00"
"13598053939";"22/02/2024 / 11:34:22";"WINJ24";"C";"2";"132.090,00";"executada";"entrada";"2";"132.090,00";"-";"-";"-"
"13598053938";"22/02/2024 / 11:33:24";"WINJ24";"C";"2";"132.170,00";"executada";"entrada";"2";"132.170,00";"-";"-";"-"
"13598053937";"22/02/2024 / 10:54:35";"WINJ24";"C";"1";"132.530,00";"executada";"entrada";"1";"132.530,00";"-";"-";"-"
"13598053936";"22/02/2024 / 10:54:35";"WINJ24";"C";"1";"132.310,00";"executada";"entrada";"1";"132.310,00";"-";"-";"-"
"13598053935";"21/02/2024 / 10:53:40";"WINJ24";"C";"1";"131.560,00";"executada";"saída";"1";"131.560,00";"60,00";"0,05";"12,00"
"13598053934";"21/02/2024 / 10:53:40";"WINJ24";"V";"1";"131.620,00";"executada";"entrada";"1";"131.620,00";"-";"-";"-"
"13598053933";"20/02/2024 / 10:53:36";"WINJ24";"C";"1";"131.160,00";"executada";"saída";"1";"131.160,00";"60,00";"0,05";"12,00"
"13598053932";"20/02/2024 / 10:53:35";"WINJ24";"V";"1";"131.220,00";"executada";"entrada";"1";"131.220,00";"-";"-";"-"
"13598053931";"19/02/2024 / 10:50:56";"WINJ24";"C";"1";"130.085,00";"executada";"saída";"1";"130.085,00";"60,00";"0,05";"12,00"
"13598053930";"19/02/2024 / 10:50:56";"WINJ24";"V";"1";"130.145,00";"executada";"entrada";"1";"130.145,00";"-";"-";"-"
"13598053929";"16/02/2024 / 11:02:48";"WINJ24";"C";"6";"130.150,00";"executada";"saída";"6";"130.150,00";"58,33";"0,04";"70,00"
"13598053928";"16/02/2024 / 11:01:52";"WINJ24";"V";"2";"130.345,00";"executada";"entrada";"2";"130.345,00";"-";"-";"-"
"13598053927";"16/02/2024 / 11:00:21";"WINJ24";"V";"2";"130.265,00";"executada";"entrada";"2";"130.265,00";"-";"-";"-"
"13598053926";"16/02/2024 / 10:59:02";"WINJ24";"V";"1";"129.905,00";"executada";"entrada";"1";"129.905,00";"-";"-";"-"
"13598053925";"16/02/2024 / 10:59:02";"WINJ24";"V";"1";"130.125,00";"executada";"entrada";"1";"130.125,00";"-";"-";"-"
"13598053924";"15/02/2024 / 11:09:54";"WINJ24";"V";"4";"129.220,00";"executada";"saída";"4";"129.220,00";"60,00";"0,05";"48,00"
"13598053923";"15/02/2024 / 10:48:57";"WINJ24";"C";"2";"129.035,00";"executada";"entrada";"2";"129.035,00";"-";"-";"-"
"13598053922";"15/02/2024 / 10:46:24";"WINJ24";"C";"1";"129.395,00";"executada";"entrada";"1";"129.395,00";"-";"-";"-"
"13598053921";"15/02/2024 / 10:46:24";"WINJ24";"C";"1";"129.175,00";"executada";"entrada";"1";"129.175,00";"-";"-";"-"
"13598053920";"14/02/2024 / 13:20:47";"WINJ24";"C";"1";"129.450,00";"executada";"saída";"1";"129.450,00";"60,00";"0,05";"12,00"
"13598053919";"14/02/2024 / 13:20:47";"WINJ24";"V";"1";"129.510,00";"executada";"entrada";"1";"129.510,00";"-";"-";"-"
"13598053918";"09/02/2024 / 10:47:01";"WING24";"V";"1";"128.780,00";"executada";"saída";"1";"128.780,00";"60,00";"0,05";"12,00"
"13598053917";"09/02/2024 / 10:47:01";"WING24";"C";"1";"128.720,00";"executada";"entrada";"1";"128.720,00";"-";"-";"-"
"13598053916";"08/02/2024 / 10:52:03";"WING24";"V";"1";"129.875,00";"executada";"saída";"1";"129.875,00";"60,00";"0,05";"12,00"
"13598053915";"08/02/2024 / 10:52:03";"WING24";"C";"1";"129.815,00";"executada";"entrada";"1";"129.815,00";"-";"-";"-"
"13598053914";"07/02/2024 / 10:44:58";"WING24";"C";"1";"130.085,00";"executada";"saída";"1";"130.085,00";"60,00";"0,05";"12,00"
"13598053913";"07/02/2024 / 10:44:58";"WING24";"V";"1";"130.145,00";"executada";"entrada";"1";"130.145,00";"-";"-";"-"
"13598053912";"06/02/2024 / 11:06:12";"WING24";"C";"2";"129.595,00";"executada";"saída";"2";"129.595,00";"60,00";"0,05";"24,00"
"13598053911";"06/02/2024 / 10:48:14";"WING24";"V";"1";"129.545,00";"executada";"entrada";"1";"129.545,00";"-";"-";"-"
"13598053910";"06/02/2024 / 10:48:14";"WING24";"V";"1";"129.765,00";"executada";"entrada";"1";"129.765,00";"-";"-";"-"
"13598053909";"05/02/2024 / 11:00:00";"WING24";"V";"1";"127.995,00";"executada";"saída";"1";"127.995,00";"60,00";"0,05";"12,00"
"13598053908";"05/02/2024 / 11:00:00";"WING24";"C";"1";"127.935,00";"executada";"entrada";"1";"127.935,00";"-";"-";"-"
"13598053907";"02/02/2024 / 10:45:40";"WING24";"C";"1";"128.110,00";"executada";"saída";"1";"128.110,00";"60,00";"0,05";"12,00"
"13598053906";"02/02/2024 / 10:45:40";"WING24";"V";"1";"128.170,00";"executada";"entrada";"1";"128.170,00";"-";"-";"-"
"13598053905";"01/02/2024 / 10:45:07";"WING24";"C";"1";"128.330,00";"executada";"saída";"1";"128.330,00";"60,00";"0,05";"12,00"
"13598053904";"01/02/2024 / 10:45:07";"WING24";"V";"1";"128.390,00";"executada";"entrada";"1";"128.390,00";"-";"-";"-"
"13598053903";"31/01/2024 / 10:47:02";"WING24";"V";"1";"128.670,00";"executada";"saída";"1";"128.670,00";"60,00";"0,05";"12,00"
"13598053902";"31/01/2024 / 10:47:02";"WING24";"C";"1";"128.610,00";"executada";"entrada";"1";"128.610,00";"-";"-";"-"
"13598053901";"30/01/2024 / 10:48:14";"WING24";"C";"1";"128.240,00";"executada";"saída";"1";"128.240,00";"60,00";"0,05";"12,00"
"13598053900";"30/01/2024 / 10:48:14";"WING24";"V";"1";"128.300,00";"executada";"entrada";"1";"128.300,00";"-";"-";"-"
"13598053899";"29/01/2024 / 10:46:58";"WING24";"C";"1";"129.370,00";"executada";"saída";"1";"129.370,00";"60,00";"0,05";"12,00"
"13598053898";"29/01/2024 / 10:46:57";"WING24";"V";"1";"129.430,00";"executada";"entrada";"1";"129.430,00";"-";"-";"-"
"13598053897";"26/01/2024 / 10:57:24";"WING24";"V";"1";"128.965,00";"executada";"saída";"1";"128.965,00";"60,00";"0,05";"12,00"
"13598053896";"26/01/2024 / 10:57:24";"WING24";"C";"1";"128.905,00";"executada";"entrada";"1";"128.905,00";"-";"-";"-"
"13598053895";"25/01/2024 / 10:42:42";"WING24";"V";"1";"129.115,00";"executada";"saída";"1";"129.115,00";"60,00";"0,05";"12,00"
"13598053894";"25/01/2024 / 10:42:42";"WING24";"C";"1";"129.055,00";"executada";"entrada";"1";"129.055,00";"-";"-";"-"
"13598053893";"24/01/2024 / 10:45:34";"WING24";"C";"1";"129.660,00";"executada";"saída";"1";"129.660,00";"60,00";"0,05";"12,00"
"13598053892";"24/01/2024 / 10:45:34";"WING24";"V";"1";"129.720,00";"executada";"entrada";"1";"129.720,00";"-";"-";"-"
"13598053891";"23/01/2024 / 11:07:47";"WING24";"V";"2";"128.075,00";"executada";"saída";"2";"128.075,00";"60,00";"0,05";"24,00"
"13598053890";"23/01/2024 / 11:01:17";"WING24";"C";"1";"128.125,00";"executada";"entrada";"1";"128.125,00";"-";"-";"-"
"13598053889";"23/01/2024 / 11:01:17";"WING24";"C";"1";"127.905,00";"executada";"entrada";"1";"127.905,00";"-";"-";"-"
"13598053888";"22/01/2024 / 10:46:31";"WING24";"C";"1";"128.375,00";"executada";"saída";"1";"128.375,00";"60,00";"0,05";"12,00"
"13598053887";"22/01/2024 / 10:46:30";"WING24";"V";"1";"128.435,00";"executada";"entrada";"1";"128.435,00";"-";"-";"-"
"13598053886";"19/01/2024 / 10:45:20";"WING24";"V";"1";"128.340,00";"executada";"saída";"1";"128.340,00";"60,00";"0,05";"12,00"
"13598053885";"19/01/2024 / 10:45:20";"WING24";"C";"1";"128.280,00";"executada";"entrada";"1";"128.280,00";"-";"-";"-"
"13598053884";"18/01/2024 / 11:07:35";"WING24";"V";"1";"129.235,00";"executada";"saída";"1";"129.235,00";"60,00";"0,05";"12,00"
"13598053883";"18/01/2024 / 11:07:35";"WING24";"C";"1";"129.175,00";"executada";"entrada";"1";"129.175,00";"-";"-";"-"
"13598053882";"17/01/2024 / 10:51:03";"WING24";"V";"1";"129.870,00";"executada";"saída";"1";"129.870,00";"60,00";"0,05";"12,00"
"13598053881";"17/01/2024 / 10:51:03";"WING24";"C";"1";"129.810,00";"executada";"entrada";"1";"129.810,00";"-";"-";"-"
"13598053880";"16/01/2024 / 10:46:52";"WING24";"V";"1";"131.460,00";"executada";"saída";"1";"131.460,00";"60,00";"0,05";"12,00"
"13598053879";"16/01/2024 / 10:46:51";"WING24";"C";"1";"131.400,00";"executada";"entrada";"1";"131.400,00";"-";"-";"-"
"13598053878";"15/01/2024 / 10:58:15";"WING24";"V";"1";"131.690,00";"executada";"saída";"1";"131.690,00";"60,00";"0,05";"12,00"
"13598053877";"15/01/2024 / 10:58:13";"WING24";"C";"1";"131.630,00";"executada";"entrada";"1";"131.630,00";"-";"-";"-"
"13598053876";"12/01/2024 / 11:08:52";"WING24";"C";"1";"132.260,00";"executada";"saída";"1";"132.260,00";"60,00";"0,05";"12,00"
"13598053875";"12/01/2024 / 11:08:52";"WING24";"V";"1";"132.320,00";"executada";"entrada";"1";"132.320,00";"-";"-";"-"
"13598053874";"11/01/2024 / 10:47:17";"WING24";"V";"1";"131.850,00";"executada";"saída";"1";"131.850,00";"60,00";"0,05";"12,00"
"13598053873";"11/01/2024 / 10:47:17";"WING24";"C";"1";"131.790,00";"executada";"entrada";"1";"131.790,00";"-";"-";"-"
"13598053872";"10/01/2024 / 11:32:11";"WING24";"V";"10";"132.175,00";"executada";"saída";"10";"132.175,00";"58,00";"0,04";"116,00"
"13598053871";"10/01/2024 / 11:23:21";"WING24";"C";"4";"131.930,00";"executada";"entrada";"4";"131.930,00";"-";"-";"-"
"13598053870";"10/01/2024 / 11:18:55";"WING24";"C";"2";"132.105,00";"executada";"entrada";"2";"132.105,00";"-";"-";"-"
"13598053869";"10/01/2024 / 11:01:30";"WING24";"C";"2";"132.185,00";"executada";"entrada";"2";"132.185,00";"-";"-";"-"
"13598053868";"10/01/2024 / 10:44:50";"WING24";"C";"1";"132.545,00";"executada";"entrada";"1";"132.545,00";"-";"-";"-"
"13598053867";"10/01/2024 / 10:44:50";"WING24";"C";"1";"132.325,00";"executada";"entrada";"1";"132.325,00";"-";"-";"-"
"13598053866";"09/01/2024 / 10:49:26";"WING24";"V";"1";"132.895,00";"executada";"saída";"1";"132.895,00";"60,00";"0,05";"12,00"
"13598053865";"09/01/2024 / 10:49:26";"WING24";"C";"1";"132.835,00";"executada";"entrada";"1";"132.835,00";"-";"-";"-"
"13598053864";"08/01/2024 / 11:35:03";"WING24";"C";"6";"132.820,00";"executada";"saída";"6";"132.820,00";"58,33";"0,04";"70,00"
"13598053863";"08/01/2024 / 11:34:46";"WING24";"V";"2";"133.015,00";"executada";"entrada";"2";"133.015,00";"-";"-";"-"
"13598053862";"08/01/2024 / 11:31:49";"WING24";"V";"2";"132.935,00";"executada";"entrada";"2";"132.935,00";"-";"-";"-"
"13598053861";"08/01/2024 / 10:51:46";"WING24";"V";"1";"132.575,00";"executada";"entrada";"1";"132.575,00";"-";"-";"-"
"13598053860";"08/01/2024 / 10:51:46";"WING24";"V";"1";"132.795,00";"executada";"entrada";"1";"132.795,00";"-";"-";"-"
"13598053859";"05/01/2024 / 11:10:33";"WING24";"V";"1";"132.860,00";"executada";"saída";"1";"132.860,00";"60,00";"0,05";"12,00"
"13598053858";"05/01/2024 / 11:10:31";"WING24";"C";"1";"132.800,00";"executada";"entrada";"1";"132.800,00";"-";"-";"-"
"13598053857";"04/01/2024 / 11:09:07";"WING24";"V";"10";"133.140,00";"executada";"saída";"10";"133.140,00";"58,00";"0,04";"116,00"
"13598053856";"04/01/2024 / 11:09:03";"WING24";"C";"4";"132.895,00";"executada";"entrada";"4";"132.895,00";"-";"-";"-"
"13598053855";"04/01/2024 / 11:08:53";"WING24";"C";"2";"133.070,00";"executada";"entrada";"2";"133.070,00";"-";"-";"-"
"13598053854";"04/01/2024 / 11:08:40";"WING24";"C";"2";"133.150,00";"executada";"entrada";"2";"133.150,00";"-";"-";"-"
"13598053853";"04/01/2024 / 11:04:03";"WING24";"C";"1";"133.510,00";"executada";"entrada";"1";"133.510,00";"-";"-";"-"
"13598053852";"04/01/2024 / 11:04:03";"WING24";"C";"1";"133.290,00";"executada";"entrada";"1";"133.290,00";"-";"-";"-"
"13598053851";"03/01/2024 / 11:08:56";"WING24";"C";"1";"133.875,00";"executada";"saída";"1";"133.875,00";"60,00";"0,04";"12,00"
"13598053850";"03/01/2024 / 11:08:55";"WING24";"V";"1";"133.935,00";"executada";"entrada";"1";"133.935,00";"-";"-";"-"
"13598053849";"02/01/2024 / 10:58:13";"WING24";"V";"1";"134.950,00";"executada";"saída";"1";"134.950,00";"60,00";"0,04";"12,00"
"13598053848";"02/01/2024 / 10:58:12";"WING24";"C";"1";"134.890,00";"executada";"entrada";"1";"134.890,00";"-";"-";"-"
"13598053847";"28/12/2023 / 11:03:53";"WING24";"C";"1";"135.620,00";"executada";"saída";"1";"135.620,00";"60,00";"0,04";"12,00"
"13598053846";"28/12/2023 / 11:03:50";"WING24";"V";"1";"135.680,00";"executada";"entrada";"1";"135.680,00";"-";"-";"-"
"13598053845";"27/12/2023 / 10:49:45";"WING24";"V";"1";"135.315,00";"executada";"saída";"1";"135.315,00";"60,00";"0,04";"12,00"
"13598053844";"27/12/2023 / 10:49:45";"WING24";"C";"1";"135.255,00";"executada";"entrada";"1";"135.255,00";"-";"-";"-"
"13598053843";"26/12/2023 / 10:53:52";"WING24";"C";"1";"135.120,00";"executada";"saída";"1";"135.120,00";"60,00";"0,04";"12,00"
"13598053842";"26/12/2023 / 10:53:51";"WING24";"V";"1";"135.180,00";"executada";"entrada";"1";"135.180,00";"-";"-";"-"
"13598053841";"22/12/2023 / 10:53:02";"WING24";"V";"1";"134.250,00";"executada";"saída";"1";"134.250,00";"60,00";"0,04";"12,00"
"13598053840";"22/12/2023 / 10:53:02";"WING24";"C";"1";"134.190,00";"executada";"entrada";"1";"134.190,00";"-";"-";"-"
"13598053839";"21/12/2023 / 10:43:05";"WING24";"C";"1";"133.725,00";"executada";"saída";"1";"133.725,00";"60,00";"0,04";"12,00"
"13598053838";"21/12/2023 / 10:43:05";"WING24";"V";"1";"133.785,00";"executada";"entrada";"1";"133.785,00";"-";"-";"-"
"13598053837";"20/12/2023 / 10:46:43";"WING24";"C";"1";"134.130,00";"executada";"saída";"1";"134.130,00";"60,00";"0,04";"12,00"
"13598053836";"20/12/2023 / 10:46:42";"WING24";"V";"1";"134.190,00";"executada";"entrada";"1";"134.190,00";"-";"-";"-"
"13598053835";"19/12/2023 / 11:43:01";"WING24";"V";"1";"133.920,00";"executada";"saída";"1";"133.920,00";"60,00";"0,04";"12,00"
"13598053834";"19/12/2023 / 11:43:01";"WING24";"C";"1";"133.860,00";"executada";"entrada";"1";"133.860,00";"-";"-";"-"
"13598053833";"18/12/2023 / 10:50:22";"WING24";"V";"1";"132.885,00";"executada";"saída";"1";"132.885,00";"60,00";"0,05";"12,00"
"13598053832";"18/12/2023 / 10:50:22";"WING24";"C";"1";"132.825,00";"executada";"entrada";"1";"132.825,00";"-";"-";"-"
"13598053831";"15/12/2023 / 10:51:04";"WING24";"C";"1";"133.210,00";"executada";"saída";"1";"133.210,00";"60,00";"0,05";"12,00"
"13598053830";"15/12/2023 / 10:51:03";"WING24";"V";"1";"133.270,00";"executada";"entrada";"1";"133.270,00";"-";"-";"-"
"13598053829";"14/12/2023 / 10:45:34";"WING24";"V";"1";"132.975,00";"executada";"saída";"1";"132.975,00";"60,00";"0,05";"12,00"
"13598053828";"14/12/2023 / 10:45:34";"WING24";"C";"1";"132.915,00";"executada";"entrada";"1";"132.915,00";"-";"-";"-"
"13598053827";"13/12/2023 / 10:44:54";"WING24";"C";"1";"128.860,00";"executada";"saída";"1";"128.860,00";"60,00";"0,05";"12,00"
"13598053826";"13/12/2023 / 10:44:54";"WING24";"V";"1";"128.920,00";"executada";"entrada";"1";"128.920,00";"-";"-";"-"
"13598053825";"12/12/2023 / 10:50:50";"WINZ23";"C";"1";"126.835,00";"executada";"saída";"1";"126.835,00";"60,00";"0,05";"12,00"
"13598053824";"12/12/2023 / 10:50:50";"WINZ23";"V";"1";"126.895,00";"executada";"entrada";"1";"126.895,00";"-";"-";"-"
"13598053823";"11/12/2023 / 10:43:49";"WINZ23";"C";"1";"126.675,00";"executada";"saída";"1";"126.675,00";"60,00";"0,05";"12,00"
"13598053822";"11/12/2023 / 10:43:49";"WINZ23";"V";"1";"126.735,00";"executada";"entrada";"1";"126.735,00";"-";"-";"-"
"13598053821";"08/12/2023 / 10:53:24";"WINZ23";"C";"1";"126.550,00";"executada";"saída";"1";"126.550,00";"60,00";"0,05";"12,00"
"13598053820";"08/12/2023 / 10:53:23";"WINZ23";"V";"1";"126.610,00";"executada";"entrada";"1";"126.610,00";"-";"-";"-"
"13598053819";"07/12/2023 / 11:25:21";"WINZ23";"C";"1";"126.590,00";"executada";"saída";"1";"126.590,00";"60,00";"0,05";"12,00"
"13598053818";"07/12/2023 / 11:25:21";"WINZ23";"V";"1";"126.650,00";"executada";"entrada";"1";"126.650,00";"-";"-";"-"
"13598053817";"06/12/2023 / 10:56:00";"WINZ23";"C";"1";"127.150,00";"executada";"saída";"1";"127.150,00";"60,00";"0,05";"12,00"
"13598053816";"06/12/2023 / 10:56:00";"WINZ23";"V";"1";"127.210,00";"executada";"entrada";"1";"127.210,00";"-";"-";"-"
"13598053815";"05/12/2023 / 10:58:10";"WINZ23";"V";"1";"127.690,00";"executada";"saída";"1";"127.690,00";"60,00";"0,05";"12,00"
"13598053814";"05/12/2023 / 10:58:09";"WINZ23";"C";"1";"127.630,00";"executada";"entrada";"1";"127.630,00";"-";"-";"-"
"13598053813";"04/12/2023 / 10:54:16";"WINZ23";"C";"1";"127.835,00";"executada";"saída";"1";"127.835,00";"60,00";"0,05";"12,00"
"13598053812";"04/12/2023 / 10:54:15";"WINZ23";"V";"1";"127.895,00";"executada";"entrada";"1";"127.895,00";"-";"-";"-"
"13598053811";"01/12/2023 / 11:31:03";"WINZ23";"V";"2";"127.255,00";"executada";"saída";"2";"127.255,00";"60,00";"0,05";"24,00"
"13598053810";"01/12/2023 / 11:12:48";"WINZ23";"C";"1";"127.085,00";"executada";"entrada";"1";"127.085,00";"-";"-";"-"
"13598053809";"01/12/2023 / 11:12:47";"WINZ23";"C";"1";"127.305,00";"executada";"entrada";"1";"127.305,00";"-";"-";"-"
"13598053808";"30/11/2023 / 10:47:18";"WINZ23";"V";"1";"127.530,00";"executada";"saída";"1";"127.530,00";"60,00";"0,05";"12,00"
"13598053807";"30/11/2023 / 10:47:18";"WINZ23";"C";"1";"127.470,00";"executada";"entrada";"1";"127.470,00";"-";"-";"-"
"13598053806";"29/11/2023 / 11:06:20";"WINZ23";"V";"1";"127.120,00";"executada";"saída";"1";"127.120,00";"60,00";"0,05";"12,00"
"13598053805";"29/11/2023 / 11:06:20";"WINZ23";"C";"1";"127.060,00";"executada";"entrada";"1";"127.060,00";"-";"-";"-"
"13598053804";"28/11/2023 / 10:48:55";"WINZ23";"V";"1";"126.415,00";"executada";"saída";"1";"126.415,00";"60,00";"0,05";"12,00"
"13598053803";"28/11/2023 / 10:48:54";"WINZ23";"C";"1";"126.355,00";"executada";"entrada";"1";"126.355,00";"-";"-";"-"
"13598053802";"27/11/2023 / 11:09:21";"WINZ23";"V";"2";"126.165,00";"executada";"saída";"2";"126.165,00";"60,00";"0,05";"24,00"
"13598053801";"27/11/2023 / 10:55:40";"WINZ23";"C";"1";"126.215,00";"executada";"entrada";"1";"126.215,00";"-";"-";"-"
"13598053800";"27/11/2023 / 10:55:40";"WINZ23";"C";"1";"125.995,00";"executada";"entrada";"1";"125.995,00";"-";"-";"-"
"13598053799";"24/11/2023 / 10:48:15";"WINZ23";"V";"1";"126.465,00";"executada";"saída";"1";"126.465,00";"60,00";"0,05";"12,00"
"13598053798";"24/11/2023 / 10:48:14";"WINZ23";"C";"1";"126.405,00";"executada";"entrada";"1";"126.405,00";"-";"-";"-"
"13598053797";"23/11/2023 / 10:49:31";"WINZ23";"C";"1";"126.890,00";"executada";"saída";"1";"126.890,00";"60,00";"0,05";"12,00"
"13598053796";"23/11/2023 / 10:49:31";"WINZ23";"V";"1";"126.950,00";"executada";"entrada";"1";"126.950,00";"-";"-";"-"
"13598053795";"22/11/2023 / 10:56:00";"WINZ23";"V";"1";"127.545,00";"executada";"saída";"1";"127.545,00";"60,00";"0,05";"12,00"
"13598053794";"22/11/2023 / 10:56:00";"WINZ23";"C";"1";"127.485,00";"executada";"entrada";"1";"127.485,00";"-";"-";"-"
"13598053793";"21/11/2023 / 10:44:31";"WINZ23";"C";"1";"126.470,00";"executada";"saída";"1";"126.470,00";"60,00";"0,05";"12,00"
"13598053792";"21/11/2023 / 10:44:31";"WINZ23";"V";"1";"126.530,00";"executada";"entrada";"1";"126.530,00";"-";"-";"-"
"13598053791";"20/11/2023 / 10:44:07";"WINZ23";"V";"1";"126.125,00";"executada";"saída";"1";"126.125,00";"60,00";"0,05";"12,00"
"13598053790";"20/11/2023 / 10:44:07";"WINZ23";"C";"1";"126.065,00";"executada";"entrada";"1";"126.065,00";"-";"-";"-"
"13598053789";"17/11/2023 / 10:50:47";"WINZ23";"C";"1";"125.685,00";"executada";"saída";"1";"125.685,00";"60,00";"0,05";"12,00"
"13598053788";"17/11/2023 / 10:50:47";"WINZ23";"V";"1";"125.745,00";"executada";"entrada";"1";"125.745,00";"-";"-";"-"
"13598053787";"16/11/2023 / 10:56:14";"WINZ23";"V";"1";"125.025,00";"executada";"saída";"1";"125.025,00";"60,00";"0,05";"12,00"
"13598053786";"16/11/2023 / 10:56:14";"WINZ23";"C";"1";"124.965,00";"executada";"entrada";"1";"124.965,00";"-";"-";"-"
"13598053785";"14/11/2023 / 10:47:57";"WINZ23";"C";"1";"123.365,00";"executada";"saída";"1";"123.365,00";"60,00";"0,05";"12,00"
"13598053784";"14/11/2023 / 10:47:57";"WINZ23";"V";"1";"123.425,00";"executada";"entrada";"1";"123.425,00";"-";"-";"-"
"13598053783";"13/11/2023 / 10:49:17";"WINZ23";"V";"1";"121.280,00";"executada";"saída";"1";"121.280,00";"60,00";"0,05";"12,00"
"13598053782";"13/11/2023 / 10:49:17";"WINZ23";"C";"1";"121.220,00";"executada";"entrada";"1";"121.220,00";"-";"-";"-"
"13598053781";"10/11/2023 / 10:43:18";"WINZ23";"C";"1";"121.005,00";"executada";"saída";"1";"121.005,00";"60,00";"0,05";"12,00"
"13598053780";"10/11/2023 / 10:43:18";"WINZ23";"V";"1";"121.065,00";"executada";"entrada";"1";"121.065,00";"-";"-";"-"
"13598053779";"09/11/2023 / 10:43:55";"WINZ23";"C";"1";"120.530,00";"executada";"saída";"1";"120.530,00";"60,00";"0,05";"12,00"
"13598053778";"09/11/2023 / 10:43:55";"WINZ23";"V";"1";"120.590,00";"executada";"entrada";"1";"120.590,00";"-";"-";"-"
"13598053777";"08/11/2023 / 10:42:51";"WINZ23";"V";"1";"120.795,00";"executada";"saída";"1";"120.795,00";"60,00";"0,05";"12,00"
"13598053776";"08/11/2023 / 10:42:51";"WINZ23";"C";"1";"120.735,00";"executada";"entrada";"1";"120.735,00";"-";"-";"-"
"13598053775";"07/11/2023 / 10:53:31";"WINZ23";"V";"1";"120.160,00";"executada";"saída";"1";"120.160,00";"60,00";"0,05";"12,00"
"13598053774";"07/11/2023 / 10:53:31";"WINZ23";"C";"1";"120.100,00";"executada";"entrada";"1";"120.100,00";"-";"-";"-"
"13598053773";"06/11/2023 / 10:53:32";"WINZ23";"V";"1";"119.685,00";"executada";"saída";"1";"119.685,00";"60,00";"0,05";"12,00"
"13598053772";"06/11/2023 / 10:53:31";"WINZ23";"C";"1";"119.625,00";"executada";"entrada";"1";"119.625,00";"-";"-";"-"
"13598053771";"03/11/2023 / 10:57:49";"WINZ23";"C";"1";"119.265,00";"executada";"saída";"1";"119.265,00";"60,00";"0,05";"12,00"
"13598053770";"03/11/2023 / 10:57:47";"WINZ23";"V";"1";"119.325,00";"executada";"entrada";"1";"119.325,00";"-";"-";"-"
"13598053769";"01/11/2023 / 11:23:16";"WINZ23";"C";"10";"115.875,00";"executada";"saída";"10";"115.875,00";"58,00";"0,05";"116,00"
"13598053768";"01/11/2023 / 11:06:56";"WINZ23";"V";"4";"116.120,00";"executada";"entrada";"4";"116.120,00";"-";"-";"-"
"13598053767";"01/11/2023 / 11:01:00";"WINZ23";"V";"2";"115.945,00";"executada";"entrada";"2";"115.945,00";"-";"-";"-"
"13598053766";"01/11/2023 / 10:48:00";"WINZ23";"V";"2";"115.865,00";"executada";"entrada";"2";"115.865,00";"-";"-";"-"
"13598053765";"01/11/2023 / 10:45:23";"WINZ23";"V";"1";"115.505,00";"executada";"entrada";"1";"115.505,00";"-";"-";"-"
"13598053764";"01/11/2023 / 10:45:23";"WINZ23";"V";"1";"115.725,00";"executada";"entrada";"1";"115.725,00";"-";"-";"-"
"13598053763";"31/10/2023 / 10:50:32";"WINZ23";"V";"1";"114.025,00";"executada";"saída";"1";"114.025,00";"60,00";"0,05";"12,00"
"13598053762";"31/10/2023 / 10:50:32";"WINZ23";"C";"1";"113.965,00";"executada";"entrada";"1";"113.965,00";"-";"-";"-"
"13598053761";"30/10/2023 / 10:44:19";"WINZ23";"V";"1";"115.485,00";"executada";"saída";"1";"115.485,00";"60,00";"0,05";"12,00"
"13598053760";"30/10/2023 / 10:44:19";"WINZ23";"C";"1";"115.425,00";"executada";"entrada";"1";"115.425,00";"-";"-";"-"
"13598053759";"27/10/2023 / 10:53:34";"WINZ23";"C";"1";"116.205,00";"executada";"saída";"1";"116.205,00";"60,00";"0,05";"12,00"
"13598053758";"27/10/2023 / 10:53:34";"WINZ23";"V";"1";"116.265,00";"executada";"entrada";"1";"116.265,00";"-";"-";"-"
"13598053757";"26/10/2023 / 10:48:14";"WINZ23";"C";"1";"114.945,00";"executada";"saída";"1";"114.945,00";"60,00";"0,05";"12,00"
"13598053756";"26/10/2023 / 10:48:14";"WINZ23";"V";"1";"115.005,00";"executada";"entrada";"1";"115.005,00";"-";"-";"-"
"13598053755";"25/10/2023 / 10:55:25";"WINZ23";"V";"1";"114.940,00";"executada";"saída";"1";"114.940,00";"60,00";"0,05";"12,00"
"13598053754";"25/10/2023 / 10:55:25";"WINZ23";"C";"1";"114.880,00";"executada";"entrada";"1";"114.880,00";"-";"-";"-"
"13598053753";"24/10/2023 / 10:43:12";"WINZ23";"V";"1";"115.280,00";"executada";"saída";"1";"115.280,00";"60,00";"0,05";"12,00"
"13598053752";"24/10/2023 / 10:43:11";"WINZ23";"C";"1";"115.220,00";"executada";"entrada";"1";"115.220,00";"-";"-";"-"
"13598053751";"23/10/2023 / 10:50:04";"WINZ23";"C";"4";"114.205,00";"executada";"saída";"4";"114.205,00";"60,00";"0,05";"48,00"
"13598053750";"23/10/2023 / 10:48:24";"WINZ23";"V";"2";"114.390,00";"executada";"entrada";"2";"114.390,00";"-";"-";"-"
"13598053749";"23/10/2023 / 10:46:49";"WINZ23";"V";"1";"114.030,00";"executada";"entrada";"1";"114.030,00";"-";"-";"-"
"13598053748";"23/10/2023 / 10:46:49";"WINZ23";"V";"1";"114.250,00";"executada";"entrada";"1";"114.250,00";"-";"-";"-"
"13598053747";"20/10/2023 / 10:49:50";"WINZ23";"C";"2";"115.490,00";"executada";"saída";"2";"115.490,00";"60,00";"0,05";"24,00"
"13598053746";"20/10/2023 / 10:47:15";"WINZ23";"V";"1";"115.440,00";"executada";"entrada";"1";"115.440,00";"-";"-";"-"
"13598053745";"20/10/2023 / 10:47:15";"WINZ23";"V";"1";"115.660,00";"executada";"entrada";"1";"115.660,00";"-";"-";"-"
"13598053744";"19/10/2023 / 10:48:24";"WINZ23";"C";"1";"115.990,00";"executada";"saída";"1";"115.990,00";"60,00";"0,05";"12,00"
"13598053743";"19/10/2023 / 10:48:23";"WINZ23";"V";"1";"116.050,00";"executada";"entrada";"1";"116.050,00";"-";"-";"-"
"13598053742";"18/10/2023 / 10:42:24";"WINZ23";"V";"1";"117.010,00";"executada";"saída";"1";"117.010,00";"60,00";"0,05";"12,00"
"13598053741";"18/10/2023 / 10:42:24";"WINZ23";"C";"1";"116.950,00";"executada";"entrada";"1";"116.950,00";"-";"-";"-"
"13598053740";"17/10/2023 / 10:43:19";"WINV23";"V";"1";"115.685,00";"executada";"saída";"1";"115.685,00";"60,00";"0,05";"12,00"
"13598053739";"17/10/2023 / 10:43:17";"WINV23";"C";"1";"115.625,00";"executada";"entrada";"1";"115.625,00";"-";"-";"-"
"13598053738";"16/10/2023 / 10:42:35";"WINV23";"V";"1";"116.355,00";"executada";"saída";"1";"116.355,00";"60,00";"0,05";"12,00"
"13598053737";"16/10/2023 / 10:42:34";"WINV23";"C";"1";"116.295,00";"executada";"entrada";"1";"116.295,00";"-";"-";"-"
"13598053736";"13/10/2023 / 10:42:36";"WINV23";"V";"1";"116.800,00";"executada";"saída";"1";"116.800,00";"60,00";"0,05";"12,00"
"13598053735";"13/10/2023 / 10:42:36";"WINV23";"C";"1";"116.740,00";"executada";"entrada";"1";"116.740,00";"-";"-";"-"
"13598053734";"11/10/2023 / 10:46:50";"WINV23";"V";"1";"116.975,00";"executada";"saída";"1";"116.975,00";"60,00";"0,05";"12,00"
"13598053733";"11/10/2023 / 10:46:50";"WINV23";"C";"1";"116.915,00";"executada";"entrada";"1";"116.915,00";"-";"-";"-"
"13598053732";"10/10/2023 / 11:24:48";"WINV23";"C";"1";"116.865,00";"executada";"saída";"1";"116.865,00";"60,00";"0,05";"12,00"
"13598053731";"10/10/2023 / 11:24:45";"WINV23";"V";"1";"116.925,00";"executada";"entrada";"1";"116.925,00";"-";"-";"-"
"13598053730";"09/10/2023 / 10:42:40";"WINV23";"V";"1";"114.080,00";"executada";"saída";"1";"114.080,00";"60,00";"0,05";"12,00"
"13598053729";"09/10/2023 / 10:42:40";"WINV23";"C";"1";"114.020,00";"executada";"entrada";"1";"114.020,00";"-";"-";"-"
"13598053728";"06/10/2023 / 10:44:02";"WINV23";"C";"1";"112.630,00";"executada";"saída";"1";"112.630,00";"60,00";"0,05";"12,00"
"13598053727";"06/10/2023 / 10:44:02";"WINV23";"V";"1";"112.690,00";"executada";"entrada";"1";"112.690,00";"-";"-";"-"
"13598053726";"05/10/2023 / 10:45:08";"WINV23";"V";"1";"114.390,00";"executada";"saída";"1";"114.390,00";"60,00";"0,05";"12,00"
"13598053725";"05/10/2023 / 10:45:08";"WINV23";"C";"1";"114.330,00";"executada";"entrada";"1";"114.330,00";"-";"-";"-"
"13598053724";"04/10/2023 / 10:42:35";"WINV23";"C";"1";"113.840,00";"executada";"saída";"1";"113.840,00";"60,00";"0,05";"12,00"
"13598053723";"04/10/2023 / 10:42:35";"WINV23";"V";"1";"113.900,00";"executada";"entrada";"1";"113.900,00";"-";"-";"-"
"13598053722";"03/10/2023 / 10:49:03";"WINV23";"V";"1";"115.415,00";"executada";"saída";"1";"115.415,00";"60,00";"0,05";"12,00"
"13598053721";"03/10/2023 / 10:49:03";"WINV23";"C";"1";"115.355,00";"executada";"entrada";"1";"115.355,00";"-";"-";"-"
"13598053720";"02/10/2023 / 11:02:53";"WINV23";"C";"1";"116.360,00";"executada";"saída";"1";"116.360,00";"60,00";"0,05";"12,00"
"13598053719";"02/10/2023 / 11:02:52";"WINV23";"V";"1";"116.420,00";"executada";"entrada";"1";"116.420,00";"-";"-";"-"
"13598053718";"29/09/2023 / 10:44:13";"WINV23";"C";"1";"117.085,00";"executada";"saída";"1";"117.085,00";"60,00";"0,05";"12,00"
"13598053717";"29/09/2023 / 10:44:13";"WINV23";"V";"1";"117.145,00";"executada";"entrada";"1";"117.145,00";"-";"-";"-"
"13598053716";"28/09/2023 / 10:43:54";"WINV23";"C";"1";"114.880,00";"executada";"saída";"1";"114.880,00";"60,00";"0,05";"12,00"
"13598053715";"28/09/2023 / 10:43:54";"WINV23";"V";"1";"114.940,00";"executada";"entrada";"1";"114.940,00";"-";"-";"-"
"13598053714";"27/09/2023 / 10:44:49";"WINV23";"C";"1";"115.735,00";"executada";"saída";"1";"115.735,00";"60,00";"0,05";"12,00"
"13598053713";"27/09/2023 / 10:44:48";"WINV23";"V";"1";"115.795,00";"executada";"entrada";"1";"115.795,00";"-";"-";"-"
"13598053712";"26/09/2023 / 10:49:25";"WINV23";"V";"1";"116.045,00";"executada";"saída";"1";"116.045,00";"60,00";"0,05";"12,00"
"13598053711";"26/09/2023 / 10:49:25";"WINV23";"C";"1";"115.985,00";"executada";"entrada";"1";"115.985,00";"-";"-";"-"
"13598053710";"25/09/2023 / 10:43:38";"WINV23";"C";"1";"116.480,00";"executada";"saída";"1";"116.480,00";"60,00";"0,05";"12,00"
"13598053709";"25/09/2023 / 10:43:38";"WINV23";"V";"1";"116.540,00";"executada";"entrada";"1";"116.540,00";"-";"-";"-"
"13598053708";"22/09/2023 / 10:46:31";"WINV23";"V";"1";"117.425,00";"executada";"saída";"1";"117.425,00";"60,00";"0,05";"12,00"
"13598053707";"22/09/2023 / 10:46:31";"WINV23";"C";"1";"117.365,00";"executada";"entrada";"1";"117.365,00";"-";"-";"-"
"13598053706";"21/09/2023 / 10:47:03";"WINV23";"V";"1";"117.500,00";"executada";"saída";"1";"117.500,00";"60,00";"0,05";"12,00"
"13598053705";"21/09/2023 / 10:47:02";"WINV23";"C";"1";"117.440,00";"executada";"entrada";"1";"117.440,00";"-";"-";"-"
"13598053704";"20/09/2023 / 11:08:41";"WINV23";"V";"1";"119.940,00";"executada";"saída";"1";"119.940,00";"60,00";"0,05";"12,00"
"13598053703";"20/09/2023 / 11:08:41";"WINV23";"C";"1";"119.880,00";"executada";"entrada";"1";"119.880,00";"-";"-";"-"
"13598053702";"19/09/2023 / 10:46:23";"WINV23";"C";"1";"119.045,00";"executada";"saída";"1";"119.045,00";"60,00";"0,05";"12,00"
"13598053701";"19/09/2023 / 10:46:23";"WINV23";"V";"1";"119.105,00";"executada";"entrada";"1";"119.105,00";"-";"-";"-"
"13598053700";"18/09/2023 / 11:03:22";"WINV23";"C";"1";"119.550,00";"executada";"saída";"1";"119.550,00";"60,00";"0,05";"12,00"
"13598053699";"18/09/2023 / 11:03:22";"WINV23";"V";"1";"119.610,00";"executada";"entrada";"1";"119.610,00";"-";"-";"-"
"13598053698";"15/09/2023 / 10:42:45";"WINV23";"V";"1";"120.575,00";"executada";"saída";"1";"120.575,00";"60,00";"0,05";"12,00"
"13598053697";"15/09/2023 / 10:42:44";"WINV23";"C";"1";"120.515,00";"executada";"entrada";"1";"120.515,00";"-";"-";"-"
"13598053696";"14/09/2023 / 10:45:24";"WINV23";"C";"1";"120.350,00";"executada";"saída";"1";"120.350,00";"60,00";"0,05";"12,00"
"13598053695";"14/09/2023 / 10:45:24";"WINV23";"V";"1";"120.410,00";"executada";"entrada";"1";"120.410,00";"-";"-";"-"
"13598053694";"13/09/2023 / 10:57:14";"WINV23";"C";"1";"119.970,00";"executada";"saída";"1";"119.970,00";"60,00";"0,05";"12,00"
"13598053693";"13/09/2023 / 10:57:11";"WINV23";"V";"1";"120.030,00";"executada";"entrada";"1";"120.030,00";"-";"-";"-"
"13598053692";"12/09/2023 / 12:05:02";"WINV23";"C";"4";"119.220,00";"executada";"saída";"4";"119.220,00";"60,00";"0,05";"48,00"
"13598053691";"12/09/2023 / 11:10:47";"WINV23";"V";"2";"119.405,00";"executada";"entrada";"2";"119.405,00";"-";"-";"-"
"13598053690";"12/09/2023 / 10:50:45";"WINV23";"V";"1";"119.045,00";"executada";"entrada";"1";"119.045,00";"-";"-";"-"
"13598053689";"12/09/2023 / 10:50:45";"WINV23";"V";"1";"119.265,00";"executada";"entrada";"1";"119.265,00";"-";"-";"-"
"13598053688";"11/09/2023 / 10:44:22";"WINV23";"C";"1";"117.415,00";"executada";"saída";"1";"117.415,00";"60,00";"0,05";"12,00"
"13598053687";"11/09/2023 / 10:44:22";"WINV23";"V";"1";"117.475,00";"executada";"entrada";"1";"117.475,00";"-";"-";"-"
"13598053686";"08/09/2023 / 10:53:08";"WINV23";"V";"1";"116.310,00";"executada";"saída";"1";"116.310,00";"60,00";"0,05";"12,00"
"13598053685";"08/09/2023 / 10:53:07";"WINV23";"C";"1";"116.250,00";"executada";"entrada";"1";"116.250,00";"-";"-";"-"
"13598053684";"06/09/2023 / 10:52:57";"WINV23";"C";"2";"119.135,00";"executada";"saída";"2";"119.135,00";"60,00";"0,05";"24,00"
"13598053683";"06/09/2023 / 10:44:00";"WINV23";"V";"1";"119.085,00";"executada";"entrada";"1";"119.085,00";"-";"-";"-"
"13598053682";"06/09/2023 / 10:44:00";"WINV23";"V";"1";"119.305,00";"executada";"entrada";"1";"119.305,00";"-";"-";"-"
"13598053681";"05/09/2023 / 10:44:54";"WINV23";"V";"1";"118.620,00";"executada";"saída";"1";"118.620,00";"60,00";"0,05";"12,00"
"13598053680";"05/09/2023 / 10:44:54";"WINV23";"C";"1";"118.560,00";"executada";"entrada";"1";"118.560,00";"-";"-";"-"
"13598053679";"04/09/2023 / 10:45:21";"WINV23";"V";"1";"119.820,00";"executada";"saída";"1";"119.820,00";"60,00";"0,05";"12,00"
"13598053678";"04/09/2023 / 10:45:21";"WINV23";"C";"1";"119.760,00";"executada";"entrada";"1";"119.760,00";"-";"-";"-"
"13598053677";"01/09/2023 / 10:43:43";"WINV23";"V";"1";"119.050,00";"executada";"saída";"1";"119.050,00";"60,00";"0,05";"12,00"
"13598053676";"01/09/2023 / 10:43:43";"WINV23";"C";"1";"118.990,00";"executada";"entrada";"1";"118.990,00";"-";"-";"-"
"13598053675";"31/08/2023 / 10:45:38";"WINV23";"V";"1";"118.530,00";"executada";"saída";"1";"118.530,00";"60,00";"0,05";"12,00"
"13598053674";"31/08/2023 / 10:45:38";"WINV23";"C";"1";"118.470,00";"executada";"entrada";"1";"118.470,00";"-";"-";"-"
"13598053673";"30/08/2023 / 10:59:36";"WINV23";"V";"1";"120.120,00";"executada";"saída";"1";"120.120,00";"60,00";"0,05";"12,00"
"13598053672";"30/08/2023 / 10:59:35";"WINV23";"C";"1";"120.060,00";"executada";"entrada";"1";"120.060,00";"-";"-";"-"
"13598053671";"29/08/2023 / 10:46:10";"WINV23";"V";"1";"119.410,00";"executada";"saída";"1";"119.410,00";"60,00";"0,05";"12,00"
"13598053670";"29/08/2023 / 10:46:10";"WINV23";"C";"1";"119.350,00";"executada";"entrada";"1";"119.350,00";"-";"-";"-"
"13598053669";"28/08/2023 / 10:44:51";"WINV23";"V";"1";"117.975,00";"executada";"saída";"1";"117.975,00";"60,00";"0,05";"12,00"
"13598053668";"28/08/2023 / 10:44:51";"WINV23";"C";"1";"117.915,00";"executada";"entrada";"1";"117.915,00";"-";"-";"-"
"13598053667";"25/08/2023 / 10:48:28";"WINV23";"V";"1";"118.375,00";"executada";"saída";"1";"118.375,00";"60,00";"0,05";"12,00"
"13598053666";"25/08/2023 / 10:48:28";"WINV23";"C";"1";"118.315,00";"executada";"entrada";"1";"118.315,00";"-";"-";"-"
"13598053665";"24/08/2023 / 10:43:51";"WINV23";"V";"1";"119.660,00";"executada";"saída";"1";"119.660,00";"60,00";"0,05";"12,00"
"13598053664";"24/08/2023 / 10:43:51";"WINV23";"C";"1";"119.600,00";"executada";"entrada";"1";"119.600,00";"-";"-";"-"
"13598053663";"23/08/2023 / 10:56:37";"WINV23";"C";"4";"119.145,00";"executada";"saída";"4";"119.145,00";"60,00";"0,05";"48,00"
"13598053662";"23/08/2023 / 10:55:35";"WINV23";"V";"2";"119.330,00";"executada";"entrada";"2";"119.330,00";"-";"-";"-"
"13598053661";"23/08/2023 / 10:45:45";"WINV23";"V";"1";"118.970,00";"executada";"entrada";"1";"118.970,00";"-";"-";"-"
"13598053660";"23/08/2023 / 10:45:45";"WINV23";"V";"1";"119.190,00";"executada";"entrada";"1";"119.190,00";"-";"-";"-"
"13598053659";"22/08/2023 / 10:52:17";"WINV23";"C";"1";"117.385,00";"executada";"saída";"1";"117.385,00";"60,00";"0,05";"12,00"
"13598053658";"22/08/2023 / 10:52:16";"WINV23";"V";"1";"117.445,00";"executada";"entrada";"1";"117.445,00";"-";"-";"-"
"13598053657";"21/08/2023 / 11:00:05";"WINV23";"C";"2";"116.905,00";"executada";"saída";"2";"116.905,00";"60,00";"0,05";"24,00"
"13598053656";"21/08/2023 / 10:54:56";"WINV23";"V";"1";"116.855,00";"executada";"entrada";"1";"116.855,00";"-";"-";"-"
"13598053655";"21/08/2023 / 10:54:56";"WINV23";"V";"1";"117.075,00";"executada";"entrada";"1";"117.075,00";"-";"-";"-"
"13598053654";"18/08/2023 / 10:47:08";"WINV23";"C";"1";"117.105,00";"executada";"saída";"1";"117.105,00";"60,00";"0,05";"12,00"
"13598053653";"18/08/2023 / 10:47:08";"WINV23";"V";"1";"117.165,00";"executada";"entrada";"1";"117.165,00";"-";"-";"-"
"13598053652";"17/08/2023 / 10:56:50";"WINV23";"V";"4";"118.425,00";"executada";"saída";"4";"118.425,00";"60,00";"0,05";"48,00"
"13598053651";"17/08/2023 / 10:55:39";"WINV23";"C";"2";"118.240,00";"executada";"entrada";"2";"118.240,00";"-";"-";"-"
"13598053650";"17/08/2023 / 10:49:31";"WINV23";"C";"1";"118.600,00";"executada";"entrada";"1";"118.600,00";"-";"-";"-"
"13598053649";"17/08/2023 / 10:49:31";"WINV23";"C";"1";"118.380,00";"executada";"entrada";"1";"118.380,00";"-";"-";"-"
"13598053648";"16/08/2023 / 10:42:28";"WINV23";"V";"1";"118.905,00";"executada";"saída";"1";"118.905,00";"60,00";"0,05";"12,00"
"13598053647";"16/08/2023 / 10:42:28";"WINV23";"C";"1";"118.845,00";"executada";"entrada";"1";"118.845,00";"-";"-";"-"
"13598053646";"15/08/2023 / 10:43:08";"WINQ23";"V";"1";"117.150,00";"executada";"saída";"1";"117.150,00";"60,00";"0,05";"12,00"
"13598053645";"15/08/2023 / 10:43:08";"WINQ23";"C";"1";"117.090,00";"executada";"entrada";"1";"117.090,00";"-";"-";"-"
"13598053644";"14/08/2023 / 10:57:32";"WINQ23";"V";"1";"117.110,00";"executada";"saída";"1";"117.110,00";"60,00";"0,05";"12,00"
"13598053643";"14/08/2023 / 10:57:32";"WINQ23";"C";"1";"117.050,00";"executada";"entrada";"1";"117.050,00";"-";"-";"-"
"13598053642";"11/08/2023 / 10:51:30";"WINQ23";"V";"2";"118.955,00";"executada";"saída";"2";"118.955,00";"60,00";"0,05";"24,00"
"13598053641";"11/08/2023 / 10:43:23";"WINQ23";"C";"1";"118.785,00";"executada";"entrada";"1";"118.785,00";"-";"-";"-"
"13598053640";"11/08/2023 / 10:43:22";"WINQ23";"C";"1";"119.005,00";"executada";"entrada";"1";"119.005,00";"-";"-";"-"
"13598053639";"10/08/2023 / 10:48:00";"WINQ23";"C";"2";"119.245,00";"executada";"saída";"2";"119.245,00";"60,00";"0,05";"24,00"
"13598053638";"10/08/2023 / 10:45:49";"WINQ23";"V";"1";"119.195,00";"executada";"entrada";"1";"119.195,00";"-";"-";"-"
"13598053637";"10/08/2023 / 10:45:49";"WINQ23";"V";"1";"119.415,00";"executada";"entrada";"1";"119.415,00";"-";"-";"-"
"13598053636";"09/08/2023 / 10:49:42";"WINQ23";"C";"1";"118.670,00";"executada";"saída";"1";"118.670,00";"60,00";"0,05";"12,00"
"13598053635";"09/08/2023 / 10:49:42";"WINQ23";"V";"1";"118.730,00";"executada";"entrada";"1";"118.730,00";"-";"-";"-"
"13598053634";"08/08/2023 / 10:48:13";"WINQ23";"C";"1";"118.255,00";"executada";"saída";"1";"118.255,00";"60,00";"0,05";"12,00"
"13598053633";"08/08/2023 / 10:48:13";"WINQ23";"V";"1";"118.315,00";"executada";"entrada";"1";"118.315,00";"-";"-";"-"
"13598053632";"07/08/2023 / 10:51:44";"WINQ23";"V";"1";"119.800,00";"executada";"saída";"1";"119.800,00";"60,00";"0,05";"12,00"
"13598053631";"07/08/2023 / 10:51:44";"WINQ23";"C";"1";"119.740,00";"executada";"entrada";"1";"119.740,00";"-";"-";"-"
"13598053630";"04/08/2023 / 10:43:31";"WINQ23";"V";"1";"120.725,00";"executada";"saída";"1";"120.725,00";"60,00";"0,05";"12,00"
"13598053629";"04/08/2023 / 10:43:31";"WINQ23";"C";"1";"120.665,00";"executada";"entrada";"1";"120.665,00";"-";"-";"-"
"13598053628";"03/08/2023 / 11:12:36";"WINQ23";"V";"1";"121.615,00";"executada";"saída";"1";"121.615,00";"60,00";"0,05";"12,00"
"13598053627";"03/08/2023 / 11:12:36";"WINQ23";"C";"1";"121.555,00";"executada";"entrada";"1";"121.555,00";"-";"-";"-"
"13598053626";"02/08/2023 / 11:02:53";"WINQ23";"C";"2";"121.230,00";"executada";"saída";"2";"121.230,00";"60,00";"0,05";"24,00"
"13598053625";"02/08/2023 / 10:47:34";"WINQ23";"V";"1";"121.400,00";"executada";"entrada";"1";"121.400,00";"-";"-";"-"
"13598053624";"02/08/2023 / 10:47:32";"WINQ23";"V";"1";"121.180,00";"executada";"entrada";"1";"121.180,00";"-";"-";"-"
"13598053623";"01/08/2023 / 10:51:40";"WINQ23";"C";"10";"121.795,00";"executada";"saída";"10";"121.795,00";"58,00";"0,05";"116,00"
"13598053622";"01/08/2023 / 10:48:44";"WINQ23";"V";"4";"122.040,00";"executada";"entrada";"4";"122.040,00";"-";"-";"-"
"13598053621";"01/08/2023 / 10:47:58";"WINQ23";"V";"2";"121.865,00";"executada";"entrada";"2";"121.865,00";"-";"-";"-"
"13598053620";"01/08/2023 / 10:46:24";"WINQ23";"V";"2";"121.785,00";"executada";"entrada";"2";"121.785,00";"-";"-";"-"
"13598053619";"01/08/2023 / 10:45:10";"WINQ23";"V";"1";"121.425,00";"executada";"entrada";"1";"121.425,00";"-";"-";"-"
"13598053618";"01/08/2023 / 10:45:10";"WINQ23";"V";"1";"121.645,00";"executada";"entrada";"1";"121.645,00";"-";"-";"-"
"13598053617";"31/07/2023 / 10:55:59";"WINQ23";"C";"1";"122.525,00";"executada";"saída";"1";"122.525,00";"60,00";"0,05";"12,00"
"13598053616";"31/07/2023 / 10:55:59";"WINQ23";"V";"1";"122.585,00";"executada";"entrada";"1";"122.585,00";"-";"-";"-"
"13598053615";"28/07/2023 / 10:42:57";"WINQ23";"C";"1";"120.710,00";"executada";"saída";"1";"120.710,00";"60,00";"0,05";"12,00"
"13598053614";"28/07/2023 / 10:42:56";"WINQ23";"V";"1";"120.770,00";"executada";"entrada";"1";"120.770,00";"-";"-";"-"
"13598053613";"27/07/2023 / 11:14:24";"WINQ23";"V";"10";"121.905,00";"executada";"saída";"10";"121.905,00";"58,00";"0,05";"116,00"
"13598053612";"27/07/2023 / 11:01:51";"WINQ23";"C";"4";"121.660,00";"executada";"entrada";"4";"121.660,00";"-";"-";"-"
"13598053611";"27/07/2023 / 11:01:44";"WINQ23";"C";"2";"121.835,00";"executada";"entrada";"2";"121.835,00";"-";"-";"-"
"13598053610";"27/07/2023 / 10:52:09";"WINQ23";"C";"2";"121.915,00";"executada";"entrada";"2";"121.915,00";"-";"-";"-"
"13598053609";"27/07/2023 / 10:46:20";"WINQ23";"C";"1";"122.275,00";"executada";"entrada";"1";"122.275,00";"-";"-";"-"
"13598053608";"27/07/2023 / 10:46:20";"WINQ23";"C";"1";"122.055,00";"executada";"entrada";"1";"122.055,00";"-";"-";"-"
"13598053607";"26/07/2023 / 10:44:45";"WINQ23";"C";"1";"122.830,00";"executada";"saída";"1";"122.830,00";"60,00";"0,05";"12,00"
"13598053606";"26/07/2023 / 10:44:45";"WINQ23";"V";"1";"122.890,00";"executada";"entrada";"1";"122.890,00";"-";"-";"-"
"13598053605";"25/07/2023 / 10:43:53";"WINQ23";"C";"1";"123.580,00";"executada";"saída";"1";"123.580,00";"60,00";"0,05";"12,00"
"13598053604";"25/07/2023 / 10:43:52";"WINQ23";"V";"1";"123.640,00";"executada";"entrada";"1";"123.640,00";"-";"-";"-"
"13598053603";"24/07/2023 / 10:50:07";"WINQ23";"C";"4";"121.460,00";"executada";"saída";"4";"121.460,00";"60,00";"0,05";"48,00"
"13598053602";"24/07/2023 / 10:46:21";"WINQ23";"V";"2";"121.645,00";"executada";"entrada";"2";"121.645,00";"-";"-";"-"
"13598053601";"24/07/2023 / 10:42:32";"WINQ23";"V";"1";"121.505,00";"executada";"entrada";"1";"121.505,00";"-";"-";"-"
"13598053600";"24/07/2023 / 10:42:29";"WINQ23";"V";"1";"121.285,00";"executada";"entrada";"1";"121.285,00";"-";"-";"-"
"13598053599";"21/07/2023 / 10:45:35";"WINQ23";"V";"1";"120.465,00";"executada";"saída";"1";"120.465,00";"60,00";"0,05";"12,00"
"13598053598";"21/07/2023 / 10:45:35";"WINQ23";"C";"1";"120.405,00";"executada";"entrada";"1";"120.405,00";"-";"-";"-"
"13598053597";"20/07/2023 / 10:43:55";"WINQ23";"C";"1";"118.595,00";"executada";"saída";"1";"118.595,00";"60,00";"0,05";"12,00"
"13598053596";"20/07/2023 / 10:43:55";"WINQ23";"V";"1";"118.655,00";"executada";"entrada";"1";"118.655,00";"-";"-";"-"
"13598053595";"19/07/2023 / 10:44:58";"WINQ23";"C";"1";"118.635,00";"executada";"saída";"1";"118.635,00";"60,00";"0,05";"12,00"
"13598053594";"19/07/2023 / 10:44:58";"WINQ23";"V";"1";"118.695,00";"executada";"entrada";"1";"118.695,00";"-";"-";"-"
"13598053593";"18/07/2023 / 10:48:40";"WINQ23";"V";"1";"119.470,00";"executada";"saída";"1";"119.470,00";"60,00";"0,05";"12,00"
"13598053592";"18/07/2023 / 10:48:40";"WINQ23";"C";"1";"119.410,00";"executada";"entrada";"1";"119.410,00";"-";"-";"-"
"13598053591";"17/07/2023 / 10:53:15";"WINQ23";"C";"10";"118.535,00";"executada";"saída";"10";"118.535,00";"58,00";"0,05";"116,00"
"13598053590";"17/07/2023 / 10:50:43";"WINQ23";"V";"4";"118.780,00";"executada";"entrada";"4";"118.780,00";"-";"-";"-"
"13598053589";"17/07/2023 / 10:49:40";"WINQ23";"V";"2";"118.605,00";"executada";"entrada";"2";"118.605,00";"-";"-";"-"
"13598053588";"17/07/2023 / 10:48:35";"WINQ23";"V";"2";"118.525,00";"executada";"entrada";"2";"118.525,00";"-";"-";"-"
"13598053587";"17/07/2023 / 10:44:29";"WINQ23";"V";"1";"118.165,00";"executada";"entrada";"1";"118.165,00";"-";"-";"-"
"13598053586";"17/07/2023 / 10:44:29";"WINQ23";"V";"1";"118.385,00";"executada";"entrada";"1";"118.385,00";"-";"-";"-"
"13598053585";"14/07/2023 / 10:48:47";"WINQ23";"C";"1";"119.765,00";"executada";"saída";"1";"119.765,00";"60,00";"0,05";"12,00"
"13598053584";"14/07/2023 / 10:48:46";"WINQ23";"V";"1";"119.825,00";"executada";"entrada";"1";"119.825,00";"-";"-";"-"
"13598053583";"13/07/2023 / 10:57:55";"WINQ23";"C";"4";"120.855,00";"executada";"saída";"4";"120.855,00";"60,00";"0,05";"48,00"
"13598053582";"13/07/2023 / 10:56:25";"WINQ23";"V";"2";"121.040,00";"executada";"entrada";"2";"121.040,00";"-";"-";"-"
"13598053581";"13/07/2023 / 10:51:42";"WINQ23";"V";"1";"120.680,00";"executada";"entrada";"1";"120.680,00";"-";"-";"-"
"13598053580";"13/07/2023 / 10:51:42";"WINQ23";"V";"1";"120.900,00";"executada";"entrada";"1";"120.900,00";"-";"-";"-"
"13598053579";"12/07/2023 / 10:45:37";"WINQ23";"V";"1";"120.220,00";"executada";"saída";"1";"120.220,00";"60,00";"0,05";"12,00"
"13598053578";"12/07/2023 / 10:45:36";"WINQ23";"C";"1";"120.160,00";"executada";"entrada";"1";"120.160,00";"-";"-";"-"
"13598053577";"11/07/2023 / 11:23:58";"WINQ23";"C";"6";"117.650,00";"executada";"saída";"6";"117.650,00";"58,33";"0,05";"70,00"
"13598053576";"11/07/2023 / 11:22:38";"WINQ23";"V";"2";"117.845,00";"executada";"entrada";"2";"117.845,00";"-";"-";"-"
"13598053575";"11/07/2023 / 11:01:49";"WINQ23";"V";"2";"117.765,00";"executada";"entrada";"2";"117.765,00";"-";"-";"-"
"13598053574";"11/07/2023 / 10:55:35";"WINQ23";"V";"1";"117.625,00";"executada";"entrada";"1";"117.625,00";"-";"-";"-"
"13598053573";"11/07/2023 / 10:55:34";"WINQ23";"V";"1";"117.405,00";"executada";"entrada";"1";"117.405,00";"-";"-";"-"
"13598053572";"10/07/2023 / 10:43:32";"WINQ23";"C";"1";"119.770,00";"executada";"saída";"1";"119.770,00";"60,00";"0,05";"12,00"
"13598053571";"10/07/2023 / 10:43:32";"WINQ23";"V";"1";"119.830,00";"executada";"entrada";"1";"119.830,00";"-";"-";"-"
"13598053570";"07/07/2023 / 10:43:38";"WINQ23";"V";"1";"120.425,00";"executada";"saída";"1";"120.425,00";"60,00";"0,05";"12,00"
"13598053569";"07/07/2023 / 10:43:38";"WINQ23";"C";"1";"120.365,00";"executada";"entrada";"1";"120.365,00";"-";"-";"-"
"13598053568";"06/07/2023 / 11:13:23";"WINQ23";"V";"1";"119.440,00";"executada";"saída";"1";"119.440,00";"60,00";"0,05";"12,00"
"13598053567";"06/07/2023 / 11:13:22";"WINQ23";"C";"1";"119.380,00";"executada";"entrada";"1";"119.380,00";"-";"-";"-"
"13598053566";"05/07/2023 / 10:43:52";"WINQ23";"C";"1";"120.475,00";"executada";"saída";"1";"120.475,00";"60,00";"0,05";"12,00"
"13598053565";"05/07/2023 / 10:43:52";"WINQ23";"V";"1";"120.535,00";"executada";"entrada";"1";"120.535,00";"-";"-";"-"
"13598053564";"04/07/2023 / 10:53:15";"WINQ23";"V";"1";"120.955,00";"executada";"saída";"1";"120.955,00";"60,00";"0,05";"12,00"
"13598053563";"04/07/2023 / 10:53:15";"WINQ23";"C";"1";"120.895,00";"executada";"entrada";"1";"120.895,00";"-";"-";"-"
"13598053562";"03/07/2023 / 10:56:26";"WINQ23";"C";"1";"121.135,00";"executada";"saída";"1";"121.135,00";"60,00";"0,05";"12,00"
"13598053561";"03/07/2023 / 10:56:26";"WINQ23";"V";"1";"121.195,00";"executada";"entrada";"1";"121.195,00";"-";"-";"-"
"13598053560";"30/06/2023 / 10:45:30";"WINQ23";"C";"1";"120.820,00";"executada";"saída";"1";"120.820,00";"60,00";"0,05";"12,00"
"13598053559";"30/06/2023 / 10:45:30";"WINQ23";"V";"1";"120.880,00";"executada";"entrada";"1";"120.880,00";"-";"-";"-"
"13598053558";"29/06/2023 / 10:54:49";"WINQ23";"V";"1";"119.695,00";"executada";"saída";"1";"119.695,00";"60,00";"0,05";"12,00"
"13598053557";"29/06/2023 / 10:54:49";"WINQ23";"C";"1";"119.635,00";"executada";"entrada";"1";"119.635,00";"-";"-";"-"
"13598053556";"28/06/2023 / 10:51:50";"WINQ23";"C";"1";"119.285,00";"executada";"saída";"1";"119.285,00";"60,00";"0,05";"12,00"
"13598053555";"28/06/2023 / 10:51:49";"WINQ23";"V";"1";"119.345,00";"executada";"entrada";"1";"119.345,00";"-";"-";"-"
"13598053554";"27/06/2023 / 10:44:46";"WINQ23";"V";"1";"120.400,00";"executada";"saída";"1";"120.400,00";"60,00";"0,05";"12,00"
"13598053553";"27/06/2023 / 10:44:46";"WINQ23";"C";"1";"120.340,00";"executada";"entrada";"1";"120.340,00";"-";"-";"-"
"13598053552";"26/06/2023 / 10:51:50";"WINQ23";"V";"1";"120.875,00";"executada";"saída";"1";"120.875,00";"60,00";"0,05";"12,00"
"13598053551";"26/06/2023 / 10:51:50";"WINQ23";"C";"1";"120.815,00";"executada";"entrada";"1";"120.815,00";"-";"-";"-"
"13598053550";"23/06/2023 / 10:47:07";"WINQ23";"V";"1";"120.865,00";"executada";"saída";"1";"120.865,00";"60,00";"0,05";"12,00"
"13598053549";"23/06/2023 / 10:47:06";"WINQ23";"C";"1";"120.805,00";"executada";"entrada";"1";"120.805,00";"-";"-";"-"
"13598053548";"22/06/2023 / 10:52:32";"WINQ23";"C";"1";"120.995,00";"executada";"saída";"1";"120.995,00";"60,00";"0,05";"12,00"
"13598053547";"22/06/2023 / 10:52:32";"WINQ23";"V";"1";"121.055,00";"executada";"entrada";"1";"121.055,00";"-";"-";"-"
"13598053546";"21/06/2023 / 10:47:11";"WINQ23";"V";"1";"121.860,00";"executada";"saída";"1";"121.860,00";"60,00";"0,05";"12,00"
"13598053545";"21/06/2023 / 10:47:11";"WINQ23";"C";"1";"121.800,00";"executada";"entrada";"1";"121.800,00";"-";"-";"-"
"13598053544";"20/06/2023 / 10:54:15";"WINQ23";"C";"2";"121.565,00";"executada";"saída";"2";"121.565,00";"60,00";"0,05";"24,00"
"13598053543";"20/06/2023 / 10:52:58";"WINQ23";"V";"1";"121.515,00";"executada";"entrada";"1";"121.515,00";"-";"-";"-"
"13598053542";"20/06/2023 / 10:52:58";"WINQ23";"V";"1";"121.735,00";"executada";"entrada";"1";"121.735,00";"-";"-";"-"
"13598053541";"19/06/2023 / 11:01:21";"WINQ23";"C";"1";"121.575,00";"executada";"saída";"1";"121.575,00";"60,00";"0,05";"12,00"
"13598053540";"19/06/2023 / 11:01:20";"WINQ23";"V";"1";"121.635,00";"executada";"entrada";"1";"121.635,00";"-";"-";"-"
"13598053539";"16/06/2023 / 10:43:48";"WINQ23";"V";"1";"121.335,00";"executada";"saída";"1";"121.335,00";"60,00";"0,05";"12,00"
"13598053538";"16/06/2023 / 10:43:48";"WINQ23";"C";"1";"121.275,00";"executada";"entrada";"1";"121.275,00";"-";"-";"-"
"13598053537";"15/06/2023 / 10:42:45";"WINQ23";"V";"1";"121.955,00";"executada";"saída";"1";"121.955,00";"60,00";"0,05";"12,00"
"13598053536";"15/06/2023 / 10:42:45";"WINQ23";"C";"1";"121.895,00";"executada";"entrada";"1";"121.895,00";"-";"-";"-"
"13598053535";"14/06/2023 / 11:00:01";"WINQ23";"V";"1";"120.760,00";"executada";"saída";"1";"120.760,00";"60,00";"0,05";"12,00"
"13598053534";"14/06/2023 / 11:00:01";"WINQ23";"C";"1";"120.700,00";"executada";"entrada";"1";"120.700,00";"-";"-";"-"
"13598053533";"13/06/2023 / 10:47:30";"WINM23";"C";"1";"117.775,00";"executada";"saída";"1";"117.775,00";"60,00";"0,05";"12,00"
"13598053532";"13/06/2023 / 10:47:30";"WINM23";"V";"1";"117.835,00";"executada";"entrada";"1";"117.835,00";"-";"-";"-"
"13598053531";"12/06/2023 / 10:45:22";"WINM23";"C";"1";"116.970,00";"executada";"saída";"1";"116.970,00";"60,00";"0,05";"12,00"
"13598053530";"12/06/2023 / 10:45:22";"WINM23";"V";"1";"117.030,00";"executada";"entrada";"1";"117.030,00";"-";"-";"-"
"13598053529";"09/06/2023 / 10:43:26";"WINM23";"V";"1";"116.770,00";"executada";"saída";"1";"116.770,00";"60,00";"0,05";"12,00"
"13598053528";"09/06/2023 / 10:43:26";"WINM23";"C";"1";"116.710,00";"executada";"entrada";"1";"116.710,00";"-";"-";"-"
"13598053527";"07/06/2023 / 10:46:36";"WINM23";"V";"1";"116.000,00";"executada";"saída";"1";"116.000,00";"60,00";"0,05";"12,00"
"13598053526";"07/06/2023 / 10:46:36";"WINM23";"C";"1";"115.940,00";"executada";"entrada";"1";"115.940,00";"-";"-";"-"
"13598053525";"06/06/2023 / 10:53:13";"WINM23";"C";"1";"113.745,00";"executada";"saída";"1";"113.745,00";"60,00";"0,05";"12,00"
"13598053524";"06/06/2023 / 10:53:13";"WINM23";"V";"1";"113.805,00";"executada";"entrada";"1";"113.805,00";"-";"-";"-"
"13598053523";"05/06/2023 / 10:47:35";"WINM23";"C";"1";"113.040,00";"executada";"saída";"1";"113.040,00";"60,00";"0,05";"12,00"
"13598053522";"05/06/2023 / 10:47:34";"WINM23";"V";"1";"113.100,00";"executada";"entrada";"1";"113.100,00";"-";"-";"-"
"13598053521";"02/06/2023 / 10:44:32";"WINM23";"V";"1";"113.255,00";"executada";"saída";"1";"113.255,00";"60,00";"0,05";"12,00"
"13598053520";"02/06/2023 / 10:44:32";"WINM23";"C";"1";"113.195,00";"executada";"entrada";"1";"113.195,00";"-";"-";"-"
"13598053519";"01/06/2023 / 10:43:29";"WINM23";"C";"1";"109.130,00";"executada";"saída";"1";"109.130,00";"60,00";"0,06";"12,00"
"13598053518";"01/06/2023 / 10:43:29";"WINM23";"V";"1";"109.190,00";"executada";"entrada";"1";"109.190,00";"-";"-";"-"
"13598053517";"31/05/2023 / 10:42:42";"WINM23";"V";"1";"109.305,00";"executada";"saída";"1";"109.305,00";"60,00";"0,05";"12,00"
"13598053516";"31/05/2023 / 10:42:42";"WINM23";"C";"1";"109.245,00";"executada";"entrada";"1";"109.245,00";"-";"-";"-"
"13598053515";"30/05/2023 / 10:44:25";"WINM23";"C";"1";"110.440,00";"executada";"saída";"1";"110.440,00";"60,00";"0,05";"12,00"
"13598053514";"30/05/2023 / 10:44:25";"WINM23";"V";"1";"110.500,00";"executada";"entrada";"1";"110.500,00";"-";"-";"-"
"13598053513";"29/05/2023 / 10:45:30";"WINM23";"V";"1";"111.030,00";"executada";"saída";"1";"111.030,00";"60,00";"0,05";"12,00"
"13598053512";"29/05/2023 / 10:45:30";"WINM23";"C";"1";"110.970,00";"executada";"entrada";"1";"110.970,00";"-";"-";"-"
"13598053511";"26/05/2023 / 11:00:03";"WINM23";"V";"1";"112.275,00";"executada";"saída";"1";"112.275,00";"60,00";"0,05";"12,00"
"13598053510";"26/05/2023 / 11:00:03";"WINM23";"C";"1";"112.215,00";"executada";"entrada";"1";"112.215,00";"-";"-";"-"
"13598053509";"25/05/2023 / 10:45:40";"WINM23";"V";"1";"111.040,00";"executada";"saída";"1";"111.040,00";"60,00";"0,05";"12,00"
"13598053508";"25/05/2023 / 10:45:40";"WINM23";"C";"1";"110.980,00";"executada";"entrada";"1";"110.980,00";"-";"-";"-"
"13598053507";"24/05/2023 / 10:44:58";"WINM23";"C";"1";"109.955,00";"executada";"saída";"1";"109.955,00";"60,00";"0,05";"12,00"
"13598053506";"24/05/2023 / 10:44:58";"WINM23";"V";"1";"110.015,00";"executada";"entrada";"1";"110.015,00";"-";"-";"-"
"13598053505";"23/05/2023 / 10:45:01";"WINM23";"C";"1";"111.155,00";"executada";"saída";"1";"111.155,00";"60,00";"0,05";"12,00"
"13598053504";"23/05/2023 / 10:45:01";"WINM23";"V";"1";"111.215,00";"executada";"entrada";"1";"111.215,00";"-";"-";"-"
"13598053503";"22/05/2023 / 10:51:57";"WINM23";"C";"1";"111.345,00";"executada";"saída";"1";"111.345,00";"60,00";"0,05";"12,00"
"13598053502";"22/05/2023 / 10:51:57";"WINM23";"V";"1";"111.405,00";"executada";"entrada";"1";"111.405,00";"-";"-";"-"
"13598053501";"19/05/2023 / 10:42:16";"WINM23";"V";"1";"111.000,00";"executada";"saída";"1";"111.000,00";"60,00";"0,05";"12,00"
"13598053500";"19/05/2023 / 10:42:16";"WINM23";"C";"1";"110.940,00";"executada";"entrada";"1";"110.940,00";"-";"-";"-"
"13598053499";"18/05/2023 / 10:42:41";"WINM23";"V";"1";"110.140,00";"executada";"saída";"1";"110.140,00";"60,00";"0,05";"12,00"
"13598053498";"18/05/2023 / 10:42:41";"WINM23";"C";"1";"110.080,00";"executada";"entrada";"1";"110.080,00";"-";"-";"-"
"13598053497";"17/05/2023 / 10:44:58";"WINM23";"C";"2";"110.430,00";"executada";"saída";"2";"110.430,00";"60,00";"0,05";"24,00"
"13598053496";"17/05/2023 / 10:43:47";"WINM23";"V";"1";"110.380,00";"executada";"entrada";"1";"110.380,00";"-";"-";"-"
"13598053495";"17/05/2023 / 10:43:47";"WINM23";"V";"1";"110.600,00";"executada";"entrada";"1";"110.600,00";"-";"-";"-"
"13598053494";"16/05/2023 / 10:43:44";"WINM23";"V";"1";"110.920,00";"executada";"saída";"1";"110.920,00";"60,00";"0,05";"12,00"
"13598053493";"16/05/2023 / 10:43:44";"WINM23";"C";"1";"110.860,00";"executada";"entrada";"1";"110.860,00";"-";"-";"-"
"13598053492";"15/05/2023 / 10:57:12";"WINM23";"C";"2";"109.680,00";"executada";"saída";"2";"109.680,00";"60,00";"0,05";"24,00"
"13598053491";"15/05/2023 / 10:53:47";"WINM23";"V";"1";"109.850,00";"executada";"entrada";"1";"109.850,00";"-";"-";"-"
"13598053490";"15/05/2023 / 10:53:44";"WINM23";"V";"1";"109.630,00";"executada";"entrada";"1";"109.630,00";"-";"-";"-"
"13598053489";"12/05/2023 / 10:56:54";"WINM23";"C";"10";"109.390,00";"executada";"saída";"10";"109.390,00";"58,00";"0,05";"116,00"
"13598053488";"12/05/2023 / 10:52:36";"WINM23";"V";"4";"109.635,00";"executada";"entrada";"4";"109.635,00";"-";"-";"-"
"13598053487";"12/05/2023 / 10:52:21";"WINM23";"V";"2";"109.460,00";"executada";"entrada";"2";"109.460,00";"-";"-";"-"
"13598053486";"12/05/2023 / 10:50:23";"WINM23";"V";"2";"109.380,00";"executada";"entrada";"2";"109.380,00";"-";"-";"-"
"13598053485";"12/05/2023 / 10:47:07";"WINM23";"V";"1";"109.020,00";"executada";"entrada";"1";"109.020,00";"-";"-";"-"
"13598053484";"12/05/2023 / 10:47:07";"WINM23";"V";"1";"109.240,00";"executada";"entrada";"1";"109.240,00";"-";"-";"-"
"13598053483";"11/05/2023 / 10:43:49";"WINM23";"C";"1";"108.030,00";"executada";"saída";"1";"108.030,00";"60,00";"0,06";"12,00"
"13598053482";"11/05/2023 / 10:43:49";"WINM23";"V";"1";"108.090,00";"executada";"entrada";"1";"108.090,00";"-";"-";"-"
"13598053481";"10/05/2023 / 11:02:56";"WINM23";"C";"4";"108.280,00";"executada";"saída";"4";"108.280,00";"60,00";"0,06";"48,00"
"13598053480";"10/05/2023 / 11:00:03";"WINM23";"V";"2";"108.465,00";"executada";"entrada";"2";"108.465,00";"-";"-";"-"
"13598053479";"10/05/2023 / 10:55:28";"WINM23";"V";"1";"108.105,00";"executada";"entrada";"1";"108.105,00";"-";"-";"-"
"13598053478";"10/05/2023 / 10:55:28";"WINM23";"V";"1";"108.325,00";"executada";"entrada";"1";"108.325,00";"-";"-";"-"
"13598053477";"09/05/2023 / 10:49:07";"WINM23";"V";"1";"107.255,00";"executada";"saída";"1";"107.255,00";"60,00";"0,06";"12,00"
"13598053476";"09/05/2023 / 10:49:06";"WINM23";"C";"1";"107.195,00";"executada";"entrada";"1";"107.195,00";"-";"-";"-"
"13598053475";"08/05/2023 / 10:46:54";"WINM23";"V";"2";"107.290,00";"executada";"saída";"2";"107.290,00";"60,00";"0,06";"24,00"
"13598053474";"08/05/2023 / 10:44:35";"WINM23";"C";"1";"107.120,00";"executada";"entrada";"1";"107.120,00";"-";"-";"-"
"13598053473";"08/05/2023 / 10:44:34";"WINM23";"C";"1";"107.340,00";"executada";"entrada";"1";"107.340,00";"-";"-";"-"
"13598053472";"05/05/2023 / 10:43:17";"WINM23";"V";"1";"104.295,00";"executada";"saída";"1";"104.295,00";"60,00";"0,06";"12,00"
"13598053471";"05/05/2023 / 10:43:17";"WINM23";"C";"1";"104.235,00";"executada";"entrada";"1";"104.235,00";"-";"-";"-"
"13598053470";"04/05/2023 / 10:55:44";"WINM23";"C";"1";"103.600,00";"executada";"saída";"1";"103.600,00";"60,00";"0,06";"12,00"
"13598053469";"04/05/2023 / 10:55:44";"WINM23";"V";"1";"103.660,00";"executada";"entrada";"1";"103.660,00";"-";"-";"-"
"13598053468";"03/05/2023 / 10:42:30";"WINM23";"V";"1";"103.155,00";"executada";"saída";"1";"103.155,00";"60,00";"0,06";"12,00"
"13598053467";"03/05/2023 / 10:42:30";"WINM23";"C";"1";"103.095,00";"executada";"entrada";"1";"103.095,00";"-";"-";"-"
"13598053466";"02/05/2023 / 11:15:06";"WINM23";"V";"1";"103.550,00";"executada";"saída";"1";"103.550,00";"60,00";"0,06";"12,00"
"13598053465";"02/05/2023 / 11:15:06";"WINM23";"C";"1";"103.490,00";"executada";"entrada";"1";"103.490,00";"-";"-";"-"
"13598053464";"28/04/2023 / 10:44:22";"WINM23";"C";"1";"104.070,00";"executada";"saída";"1";"104.070,00";"60,00";"0,06";"12,00"
"13598053463";"28/04/2023 / 10:44:22";"WINM23";"V";"1";"104.130,00";"executada";"entrada";"1";"104.130,00";"-";"-";"-"
"13598053462";"27/04/2023 / 10:48:37";"WINM23";"V";"1";"103.925,00";"executada";"saída";"1";"103.925,00";"60,00";"0,06";"12,00"
"13598053461";"27/04/2023 / 10:48:36";"WINM23";"C";"1";"103.865,00";"executada";"entrada";"1";"103.865,00";"-";"-";"-"
"13598053460";"26/04/2023 / 11:06:48";"WINM23";"V";"4";"104.465,00";"executada";"saída";"4";"104.465,00";"60,00";"0,06";"48,00"
"13598053459";"26/04/2023 / 10:54:09";"WINM23";"C";"2";"104.280,00";"executada";"entrada";"2";"104.280,00";"-";"-";"-"
"13598053458";"26/04/2023 / 10:42:32";"WINM23";"C";"1";"104.640,00";"executada";"entrada";"1";"104.640,00";"-";"-";"-"
"13598053457";"26/04/2023 / 10:42:32";"WINM23";"C";"1";"104.420,00";"executada";"entrada";"1";"104.420,00";"-";"-";"-"
"13598053456";"25/04/2023 / 10:45:10";"WINM23";"C";"1";"104.535,00";"executada";"saída";"1";"104.535,00";"60,00";"0,06";"12,00"
"13598053455";"25/04/2023 / 10:45:10";"WINM23";"V";"1";"104.595,00";"executada";"entrada";"1";"104.595,00";"-";"-";"-"
"13598053454";"24/04/2023 / 10:42:40";"WINM23";"C";"1";"105.060,00";"executada";"saída";"1";"105.060,00";"60,00";"0,06";"12,00"
"13598053453";"24/04/2023 / 10:42:40";"WINM23";"V";"1";"105.120,00";"executada";"entrada";"1";"105.120,00";"-";"-";"-"
"13598053452";"20/04/2023 / 10:49:07";"WINM23";"V";"1";"105.715,00";"executada";"saída";"1";"105.715,00";"60,00";"0,06";"12,00"
"13598053451";"20/04/2023 / 10:49:07";"WINM23";"C";"1";"105.655,00";"executada";"entrada";"1";"105.655,00";"-";"-";"-"
"13598053450";"19/04/2023 / 10:44:35";"WINM23";"C";"1";"105.970,00";"executada";"saída";"1";"105.970,00";"60,00";"0,06";"12,00"
"13598053449";"19/04/2023 / 10:44:35";"WINM23";"V";"1";"106.030,00";"executada";"entrada";"1";"106.030,00";"-";"-";"-"
"13598053448";"18/04/2023 / 11:07:02";"WINM23";"V";"2";"107.710,00";"executada";"saída";"2";"107.710,00";"60,00";"0,06";"24,00"
"13598053447";"18/04/2023 / 11:01:36";"WINM23";"C";"1";"107.760,00";"executada";"entrada";"1";"107.760,00";"-";"-";"-"
"13598053446";"18/04/2023 / 11:01:36";"WINM23";"C";"1";"107.540,00";"executada";"entrada";"1";"107.540,00";"-";"-";"-"
"13598053445";"17/04/2023 / 10:43:55";"WINM23";"C";"2";"108.470,00";"executada";"saída";"2";"108.470,00";"60,00";"0,06";"24,00"
"13598053444";"17/04/2023 / 10:42:25";"WINM23";"V";"1";"108.640,00";"executada";"entrada";"1";"108.640,00";"-";"-";"-"
"13598053443";"17/04/2023 / 10:42:24";"WINM23";"V";"1";"108.420,00";"executada";"entrada";"1";"108.420,00";"-";"-";"-"
"13598053442";"14/04/2023 / 11:02:00";"WINM23";"V";"1";"108.130,00";"executada";"saída";"1";"108.130,00";"60,00";"0,06";"12,00"
"13598053441";"14/04/2023 / 11:02:00";"WINM23";"C";"1";"108.070,00";"executada";"entrada";"1";"108.070,00";"-";"-";"-"
"13598053440";"13/04/2023 / 10:52:12";"WINM23";"V";"1";"109.000,00";"executada";"saída";"1";"109.000,00";"60,00";"0,06";"12,00"
"13598053439";"13/04/2023 / 10:52:12";"WINM23";"C";"1";"108.940,00";"executada";"entrada";"1";"108.940,00";"-";"-";"-"
"13598053438";"12/04/2023 / 10:47:03";"WINM23";"C";"1";"109.465,00";"executada";"saída";"1";"109.465,00";"60,00";"0,05";"12,00"
"13598053437";"12/04/2023 / 10:47:03";"WINM23";"V";"1";"109.525,00";"executada";"entrada";"1";"109.525,00";"-";"-";"-"
"13598053436";"11/04/2023 / 10:48:14";"WINJ23";"C";"4";"104.810,00";"executada";"saída";"4";"104.810,00";"60,00";"0,06";"48,00"
"13598053435";"11/04/2023 / 10:47:10";"WINJ23";"V";"2";"104.995,00";"executada";"entrada";"2";"104.995,00";"-";"-";"-"
"13598053434";"11/04/2023 / 10:44:39";"WINJ23";"V";"1";"104.635,00";"executada";"entrada";"1";"104.635,00";"-";"-";"-"
"13598053433";"11/04/2023 / 10:44:39";"WINJ23";"V";"1";"104.855,00";"executada";"entrada";"1";"104.855,00";"-";"-";"-"
"13598053432";"10/04/2023 / 10:45:19";"WINJ23";"V";"1";"102.105,00";"executada";"saída";"1";"102.105,00";"60,00";"0,06";"12,00"
"13598053431";"10/04/2023 / 10:45:19";"WINJ23";"C";"1";"102.045,00";"executada";"entrada";"1";"102.045,00";"-";"-";"-"
"13598053430";"06/04/2023 / 10:50:54";"WINJ23";"C";"1";"100.830,00";"executada";"saída";"1";"100.830,00";"60,00";"0,06";"12,00"
"13598053429";"06/04/2023 / 10:50:54";"WINJ23";"V";"1";"100.890,00";"executada";"entrada";"1";"100.890,00";"-";"-";"-"
"13598053428";"05/04/2023 / 10:42:39";"WINJ23";"V";"1";"101.625,00";"executada";"saída";"1";"101.625,00";"60,00";"0,06";"12,00"
"13598053427";"05/04/2023 / 10:42:39";"WINJ23";"C";"1";"101.565,00";"executada";"entrada";"1";"101.565,00";"-";"-";"-"
"13598053426";"04/04/2023 / 10:49:07";"WINJ23";"V";"1";"102.220,00";"executada";"saída";"1";"102.220,00";"60,00";"0,06";"12,00"
"13598053425";"04/04/2023 / 10:49:07";"WINJ23";"C";"1";"102.160,00";"executada";"entrada";"1";"102.160,00";"-";"-";"-"
"13598053424";"03/04/2023 / 11:03:14";"WINJ23";"C";"1";"101.180,00";"executada";"saída";"1";"101.180,00";"60,00";"0,06";"12,00"
"13598053423";"03/04/2023 / 11:03:13";"WINJ23";"V";"1";"101.240,00";"executada";"entrada";"1";"101.240,00";"-";"-";"-"
"13598053422";"31/03/2023 / 10:47:37";"WINJ23";"V";"1";"104.005,00";"executada";"saída";"1";"104.005,00";"60,00";"0,06";"12,00"
"13598053421";"31/03/2023 / 10:47:36";"WINJ23";"C";"1";"103.945,00";"executada";"entrada";"1";"103.945,00";"-";"-";"-"
"13598053420";"30/03/2023 / 10:44:04";"WINJ23";"C";"1";"104.190,00";"executada";"saída";"1";"104.190,00";"60,00";"0,06";"12,00"
"13598053419";"30/03/2023 / 10:44:04";"WINJ23";"V";"1";"104.250,00";"executada";"entrada";"1";"104.250,00";"-";"-";"-"
"13598053418";"29/03/2023 / 10:43:19";"WINJ23";"V";"1";"101.550,00";"executada";"saída";"1";"101.550,00";"60,00";"0,06";"12,00"
"13598053417";"29/03/2023 / 10:43:19";"WINJ23";"C";"1";"101.490,00";"executada";"entrada";"1";"101.490,00";"-";"-";"-"
"13598053416";"28/03/2023 / 10:53:03";"WINJ23";"C";"1";"100.975,00";"executada";"saída";"1";"100.975,00";"60,00";"0,06";"12,00"
"13598053415";"28/03/2023 / 10:53:03";"WINJ23";"V";"1";"101.035,00";"executada";"entrada";"1";"101.035,00";"-";"-";"-"
"13598053414";"27/03/2023 / 10:43:42";"WINJ23";"V";"1";"99.880,00";"executada";"saída";"1";"99.880,00";"60,00";"0,06";"12,00"
"13598053413";"27/03/2023 / 10:43:42";"WINJ23";"C";"1";"99.820,00";"executada";"entrada";"1";"99.820,00";"-";"-";"-"
"13598053412";"24/03/2023 / 10:45:02";"WINJ23";"C";"1";"98.540,00";"executada";"saída";"1";"98.540,00";"60,00";"0,06";"12,00"
"13598053411";"24/03/2023 / 10:45:02";"WINJ23";"V";"1";"98.600,00";"executada";"entrada";"1";"98.600,00";"-";"-";"-"
"13598053410";"23/03/2023 / 10:46:48";"WINJ23";"V";"2";"101.295,00";"executada";"saída";"2";"101.295,00";"60,00";"0,06";"24,00"
"13598053409";"23/03/2023 / 10:43:54";"WINJ23";"C";"1";"101.345,00";"executada";"entrada";"1";"101.345,00";"-";"-";"-"
"13598053408";"23/03/2023 / 10:43:54";"WINJ23";"C";"1";"101.125,00";"executada";"entrada";"1";"101.125,00";"-";"-";"-"
"13598053407";"22/03/2023 / 10:47:22";"WINJ23";"C";"1";"101.060,00";"executada";"saída";"1";"101.060,00";"60,00";"0,06";"12,00"
"13598053406";"22/03/2023 / 10:47:22";"WINJ23";"V";"1";"101.120,00";"executada";"entrada";"1";"101.120,00";"-";"-";"-"
"13598053405";"21/03/2023 / 10:45:39";"WINJ23";"V";"1";"102.120,00";"executada";"saída";"1";"102.120,00";"60,00";"0,06";"12,00"
"13598053404";"21/03/2023 / 10:45:39";"WINJ23";"C";"1";"102.060,00";"executada";"entrada";"1";"102.060,00";"-";"-";"-"
"13598053403";"20/03/2023 / 10:49:50";"WINJ23";"V";"1";"102.225,00";"executada";"saída";"1";"102.225,00";"60,00";"0,06";"12,00"
"13598053402";"20/03/2023 / 10:49:50";"WINJ23";"C";"1";"102.165,00";"executada";"entrada";"1";"102.165,00";"-";"-";"-"
"13598053401";"17/03/2023 / 11:00:14";"WINJ23";"C";"1";"102.965,00";"executada";"saída";"1";"102.965,00";"60,00";"0,06";"12,00"
"13598053400";"17/03/2023 / 11:00:13";"WINJ23";"V";"1";"103.025,00";"executada";"entrada";"1";"103.025,00";"-";"-";"-"
"13598053399";"16/03/2023 / 10:47:46";"WINJ23";"V";"1";"103.880,00";"executada";"saída";"1";"103.880,00";"60,00";"0,06";"12,00"
"13598053398";"16/03/2023 / 10:47:45";"WINJ23";"C";"1";"103.820,00";"executada";"entrada";"1";"103.820,00";"-";"-";"-"
"13598053397";"15/03/2023 / 10:49:40";"WINJ23";"C";"1";"102.295,00";"executada";"saída";"1";"102.295,00";"60,00";"0,06";"12,00"
"13598053396";"15/03/2023 / 10:49:40";"WINJ23";"V";"1";"102.355,00";"executada";"entrada";"1";"102.355,00";"-";"-";"-"
"13598053395";"14/03/2023 / 11:05:02";"WINJ23";"C";"10";"104.715,00";"executada";"saída";"10";"104.715,00";"58,00";"0,06";"116,00"
"13598053394";"14/03/2023 / 11:03:22";"WINJ23";"V";"4";"104.960,00";"executada";"entrada";"4";"104.960,00";"-";"-";"-"
"13598053393";"14/03/2023 / 11:01:52";"WINJ23";"V";"2";"104.785,00";"executada";"entrada";"2";"104.785,00";"-";"-";"-"
"13598053392";"14/03/2023 / 10:58:31";"WINJ23";"V";"2";"104.705,00";"executada";"entrada";"2";"104.705,00";"-";"-";"-"
"13598053391";"14/03/2023 / 10:47:13";"WINJ23";"V";"1";"104.345,00";"executada";"entrada";"1";"104.345,00";"-";"-";"-"
"13598053390";"14/03/2023 / 10:47:13";"WINJ23";"V";"1";"104.565,00";"executada";"entrada";"1";"104.565,00";"-";"-";"-"
"13598053389";"13/03/2023 / 10:55:56";"WINJ23";"C";"2";"103.905,00";"executada";"saída";"2";"103.905,00";"60,00";"0,06";"24,00"
"13598053388";"13/03/2023 / 10:53:52";"WINJ23";"V";"1";"103.855,00";"executada";"entrada";"1";"103.855,00";"-";"-";"-"
"13598053387";"13/03/2023 / 10:53:52";"WINJ23";"V";"1";"104.075,00";"executada";"entrada";"1";"104.075,00";"-";"-";"-"
"13598053386";"10/03/2023 / 10:46:35";"WINJ23";"V";"1";"105.870,00";"executada";"saída";"1";"105.870,00";"60,00";"0,06";"12,00"
"13598053385";"10/03/2023 / 10:46:35";"WINJ23";"C";"1";"105.810,00";"executada";"entrada";"1";"105.810,00";"-";"-";"-"
"13598053384";"09/03/2023 / 10:44:03";"WINJ23";"C";"1";"107.235,00";"executada";"saída";"1";"107.235,00";"60,00";"0,06";"12,00"
"13598053383";"09/03/2023 / 10:44:03";"WINJ23";"V";"1";"107.295,00";"executada";"entrada";"1";"107.295,00";"-";"-";"-"
"13598053382";"08/03/2023 / 10:57:58";"WINJ23";"V";"1";"106.560,00";"executada";"saída";"1";"106.560,00";"60,00";"0,06";"12,00"
"13598053381";"08/03/2023 / 10:57:57";"WINJ23";"C";"1";"106.500,00";"executada";"entrada";"1";"106.500,00";"-";"-";"-"
"13598053380";"07/03/2023 / 11:03:59";"WINJ23";"V";"2";"106.005,00";"executada";"saída";"2";"106.005,00";"60,00";"0,06";"24,00"
"13598053379";"07/03/2023 / 10:58:25";"WINJ23";"C";"1";"105.835,00";"executada";"entrada";"1";"105.835,00";"-";"-";"-"
"13598053378";"07/03/2023 / 10:58:24";"WINJ23";"C";"1";"106.055,00";"executada";"entrada";"1";"106.055,00";"-";"-";"-"
"13598053377";"06/03/2023 / 10:49:31";"WINJ23";"V";"2";"104.715,00";"executada";"saída";"2";"104.715,00";"60,00";"0,06";"24,00"
"13598053376";"06/03/2023 / 10:47:10";"WINJ23";"C";"1";"104.545,00";"executada";"entrada";"1";"104.545,00";"-";"-";"-"
"13598053375";"06/03/2023 / 10:47:09";"WINJ23";"C";"1";"104.765,00";"executada";"entrada";"1";"104.765,00";"-";"-";"-"
"13598053374";"03/03/2023 / 10:44:23";"WINJ23";"V";"1";"105.205,00";"executada";"saída";"1";"105.205,00";"60,00";"0,06";"12,00"
"13598053373";"03/03/2023 / 10:44:23";"WINJ23";"C";"1";"105.145,00";"executada";"entrada";"1";"105.145,00";"-";"-";"-"
"13598053372";"02/03/2023 / 10:44:45";"WINJ23";"C";"2";"106.000,00";"executada";"saída";"2";"106.000,00";"60,00";"0,06";"24,00"
"13598053371";"02/03/2023 / 10:43:41";"WINJ23";"V";"1";"106.170,00";"executada";"entrada";"1";"106.170,00";"-";"-";"-"
"13598053370";"02/03/2023 / 10:43:40";"WINJ23";"V";"1";"105.950,00";"executada";"entrada";"1";"105.950,00";"-";"-";"-"
"13598053369";"01/03/2023 / 10:45:43";"WINJ23";"C";"1";"105.830,00";"executada";"saída";"1";"105.830,00";"60,00";"0,06";"12,00"
"13598053368";"01/03/2023 / 10:45:43";"WINJ23";"V";"1";"105.890,00";"executada";"entrada";"1";"105.890,00";"-";"-";"-"
"13598053367";"28/02/2023 / 10:51:33";"WINJ23";"V";"1";"108.115,00";"executada";"saída";"1";"108.115,00";"60,00";"0,06";"12,00"
"13598053366";"28/02/2023 / 10:51:33";"WINJ23";"C";"1";"108.055,00";"executada";"entrada";"1";"108.055,00";"-";"-";"-"
"13598053365";"27/02/2023 / 11:12:57";"WINJ23";"V";"6";"107.170,00";"executada";"saída";"6";"107.170,00";"58,33";"0,05";"70,00"
"13598053364";"27/02/2023 / 11:12:29";"WINJ23";"C";"2";"106.975,00";"executada";"entrada";"2";"106.975,00";"-";"-";"-"
"13598053363";"27/02/2023 / 11:08:27";"WINJ23";"C";"2";"107.055,00";"executada";"entrada";"2";"107.055,00";"-";"-";"-"
"13598053362";"27/02/2023 / 10:50:53";"WINJ23";"C";"1";"107.415,00";"executada";"entrada";"1";"107.415,00";"-";"-";"-"
"13598053361";"27/02/2023 / 10:50:53";"WINJ23";"C";"1";"107.195,00";"executada";"entrada";"1";"107.195,00";"-";"-";"-"
"13598053360";"24/02/2023 / 10:45:43";"WINJ23";"V";"1";"108.855,00";"executada";"saída";"1";"108.855,00";"60,00";"0,06";"12,00"
"13598053359";"24/02/2023 / 10:45:43";"WINJ23";"C";"1";"108.795,00";"executada";"entrada";"1";"108.795,00";"-";"-";"-"
"13598053358";"23/02/2023 / 10:51:17";"WINJ23";"V";"1";"109.170,00";"executada";"saída";"1";"109.170,00";"60,00";"0,06";"12,00"
"13598053357";"23/02/2023 / 10:51:17";"WINJ23";"C";"1";"109.110,00";"executada";"entrada";"1";"109.110,00";"-";"-";"-"
"13598053356";"22/02/2023 / 13:35:24";"WINJ23";"V";"1";"108.615,00";"executada";"saída";"1";"108.615,00";"60,00";"0,06";"12,00"
"13598053355";"22/02/2023 / 13:35:24";"WINJ23";"C";"1";"108.555,00";"executada";"entrada";"1";"108.555,00";"-";"-";"-"
"13598053354";"17/02/2023 / 10:49:42";"WINJ23";"C";"1";"111.115,00";"executada";"saída";"1";"111.115,00";"60,00";"0,05";"12,00"
"13598053353";"17/02/2023 / 10:49:40";"WINJ23";"V";"1";"111.175,00";"executada";"entrada";"1";"111.175,00";"-";"-";"-"
"13598053352";"16/02/2023 / 10:43:40";"WINJ23";"V";"1";"110.770,00";"executada";"saída";"1";"110.770,00";"60,00";"0,05";"12,00"
"13598053351";"16/02/2023 / 10:43:40";"WINJ23";"C";"1";"110.710,00";"executada";"entrada";"1";"110.710,00";"-";"-";"-"
"13598053350";"15/02/2023 / 10:53:06";"WINJ23";"V";"1";"110.015,00";"executada";"saída";"1";"110.015,00";"60,00";"0,05";"12,00"
"13598053349";"15/02/2023 / 10:53:06";"WINJ23";"C";"1";"109.955,00";"executada";"entrada";"1";"109.955,00";"-";"-";"-"
"13598053348";"14/02/2023 / 10:44:29";"WING23";"V";"1";"108.925,00";"executada";"saída";"1";"108.925,00";"60,00";"0,06";"12,00"
"13598053347";"14/02/2023 / 10:44:28";"WING23";"C";"1";"108.865,00";"executada";"entrada";"1";"108.865,00";"-";"-";"-"
"13598053346";"13/02/2023 / 10:44:04";"WING23";"C";"1";"107.620,00";"executada";"saída";"1";"107.620,00";"60,00";"0,06";"12,00"
"13598053345";"13/02/2023 / 10:44:04";"WING23";"V";"1";"107.680,00";"executada";"entrada";"1";"107.680,00";"-";"-";"-"
"13598053344";"10/02/2023 / 10:57:31";"WING23";"C";"1";"108.570,00";"executada";"saída";"1";"108.570,00";"60,00";"0,06";"12,00"
"13598053343";"10/02/2023 / 10:57:31";"WING23";"V";"1";"108.630,00";"executada";"entrada";"1";"108.630,00";"-";"-";"-"
"13598053342";"09/02/2023 / 11:01:33";"WING23";"C";"4";"110.030,00";"executada";"saída";"4";"110.030,00";"60,00";"0,05";"48,00"
"13598053341";"09/02/2023 / 10:57:02";"WING23";"V";"2";"110.215,00";"executada";"entrada";"2";"110.215,00";"-";"-";"-"
"13598053340";"09/02/2023 / 10:47:53";"WING23";"V";"1";"109.855,00";"executada";"entrada";"1";"109.855,00";"-";"-";"-"
"13598053339";"09/02/2023 / 10:47:53";"WING23";"V";"1";"110.075,00";"executada";"entrada";"1";"110.075,00";"-";"-";"-"
"13598053338";"08/02/2023 / 10:43:54";"WING23";"C";"1";"108.675,00";"executada";"saída";"1";"108.675,00";"60,00";"0,06";"12,00"
"13598053337";"08/02/2023 / 10:43:54";"WING23";"V";"1";"108.735,00";"executada";"entrada";"1";"108.735,00";"-";"-";"-"
"13598053336";"07/02/2023 / 10:53:24";"WING23";"V";"1";"108.780,00";"executada";"saída";"1";"108.780,00";"60,00";"0,06";"12,00"
"13598053335";"07/02/2023 / 10:53:23";"WING23";"C";"1";"108.720,00";"executada";"entrada";"1";"108.720,00";"-";"-";"-"
"13598053334";"06/02/2023 / 10:45:03";"WING23";"C";"2";"108.540,00";"executada";"saída";"2";"108.540,00";"60,00";"0,06";"24,00"
"13598053333";"06/02/2023 / 10:42:23";"WING23";"V";"1";"108.490,00";"executada";"entrada";"1";"108.490,00";"-";"-";"-"
"13598053332";"06/02/2023 / 10:42:23";"WING23";"V";"1";"108.710,00";"executada";"entrada";"1";"108.710,00";"-";"-";"-"
"13598053331";"03/02/2023 / 10:50:36";"WING23";"V";"10";"109.685,00";"executada";"saída";"10";"109.685,00";"58,00";"0,05";"116,00"
"13598053330";"03/02/2023 / 10:48:54";"WING23";"C";"4";"109.440,00";"executada";"entrada";"4";"109.440,00";"-";"-";"-"
"13598053329";"03/02/2023 / 10:48:41";"WING23";"C";"2";"109.615,00";"executada";"entrada";"2";"109.615,00";"-";"-";"-"
"13598053328";"03/02/2023 / 10:43:55";"WING23";"C";"2";"109.695,00";"executada";"entrada";"2";"109.695,00";"-";"-";"-"
"13598053327";"03/02/2023 / 10:42:55";"WING23";"C";"1";"110.055,00";"executada";"entrada";"1";"110.055,00";"-";"-";"-"
"13598053326";"03/02/2023 / 10:42:55";"WING23";"C";"1";"109.835,00";"executada";"entrada";"1";"109.835,00";"-";"-";"-"
"13598053325";"02/02/2023 / 10:46:53";"WING23";"C";"1";"113.040,00";"executada";"saída";"1";"113.040,00";"60,00";"0,05";"12,00"
"13598053324";"02/02/2023 / 10:46:53";"WING23";"V";"1";"113.100,00";"executada";"entrada";"1";"113.100,00";"-";"-";"-"
"13598053323";"01/02/2023 / 10:46:25";"WING23";"C";"1";"113.160,00";"executada";"saída";"1";"113.160,00";"60,00";"0,05";"12,00"
"13598053322";"01/02/2023 / 10:46:25";"WING23";"V";"1";"113.220,00";"executada";"entrada";"1";"113.220,00";"-";"-";"-"
"13598053321";"31/01/2023 / 10:44:52";"WING23";"V";"1";"113.330,00";"executada";"saída";"1";"113.330,00";"60,00";"0,05";"12,00"
"13598053320";"31/01/2023 / 10:44:52";"WING23";"C";"1";"113.270,00";"executada";"entrada";"1";"113.270,00";"-";"-";"-"
"13598053319";"30/01/2023 / 10:45:04";"WING23";"V";"1";"113.000,00";"executada";"saída";"1";"113.000,00";"60,00";"0,05";"12,00"
"13598053318";"30/01/2023 / 10:45:04";"WING23";"C";"1";"112.940,00";"executada";"entrada";"1";"112.940,00";"-";"-";"-"
"13598053317";"27/01/2023 / 10:50:56";"WING23";"C";"1";"114.305,00";"executada";"saída";"1";"114.305,00";"60,00";"0,05";"12,00"
"13598053316";"27/01/2023 / 10:50:55";"WING23";"V";"1";"114.365,00";"executada";"entrada";"1";"114.365,00";"-";"-";"-"
"13598053315";"26/01/2023 / 10:49:50";"WING23";"V";"1";"114.940,00";"executada";"saída";"1";"114.940,00";"60,00";"0,05";"12,00"
"13598053314";"26/01/2023 / 10:49:49";"WING23";"C";"1";"114.880,00";"executada";"entrada";"1";"114.880,00";"-";"-";"-"
"13598053313";"25/01/2023 / 10:52:04";"WING23";"C";"2";"113.035,00";"executada";"saída";"2";"113.035,00";"60,00";"0,05";"24,00"
"13598053312";"25/01/2023 / 10:44:34";"WING23";"V";"1";"112.985,00";"executada";"entrada";"1";"112.985,00";"-";"-";"-"
"13598053311";"25/01/2023 / 10:44:34";"WING23";"V";"1";"113.205,00";"executada";"entrada";"1";"113.205,00";"-";"-";"-"
"13598053310";"24/01/2023 / 10:50:35";"WING23";"C";"1";"112.700,00";"executada";"saída";"1";"112.700,00";"60,00";"0,05";"12,00"
"13598053309";"24/01/2023 / 10:50:34";"WING23";"V";"1";"112.760,00";"executada";"entrada";"1";"112.760,00";"-";"-";"-"
"13598053308";"23/01/2023 / 10:53:01";"WING23";"V";"2";"113.585,00";"executada";"saída";"2";"113.585,00";"60,00";"0,05";"24,00"
"13598053307";"23/01/2023 / 10:47:55";"WING23";"C";"1";"113.635,00";"executada";"entrada";"1";"113.635,00";"-";"-";"-"
"13598053306";"23/01/2023 / 10:47:55";"WING23";"C";"1";"113.415,00";"executada";"entrada";"1";"113.415,00";"-";"-";"-"
"13598053305";"20/01/2023 / 10:45:27";"WING23";"V";"1";"112.965,00";"executada";"saída";"1";"112.965,00";"60,00";"0,05";"12,00"
"13598053304";"20/01/2023 / 10:45:27";"WING23";"C";"1";"112.905,00";"executada";"entrada";"1";"112.905,00";"-";"-";"-"
"13598053303";"19/01/2023 / 10:51:47";"WING23";"V";"1";"113.030,00";"executada";"saída";"1";"113.030,00";"60,00";"0,05";"12,00"
"13598053302";"19/01/2023 / 10:51:44";"WING23";"C";"1";"112.970,00";"executada";"entrada";"1";"112.970,00";"-";"-";"-"
"13598053301";"18/01/2023 / 10:46:07";"WING23";"V";"1";"113.765,00";"executada";"saída";"1";"113.765,00";"60,00";"0,05";"12,00"
"13598053300";"18/01/2023 / 10:46:07";"WING23";"C";"1";"113.705,00";"executada";"entrada";"1";"113.705,00";"-";"-";"-"
"13598053299";"17/01/2023 / 11:04:32";"WING23";"C";"1";"111.150,00";"executada";"saída";"1";"111.150,00";"60,00";"0,05";"12,00"
"13598053298";"17/01/2023 / 11:04:32";"WING23";"V";"1";"111.210,00";"executada";"entrada";"1";"111.210,00";"-";"-";"-"
"13598053297";"16/01/2023 / 10:50:08";"WING23";"C";"1";"110.955,00";"executada";"saída";"1";"110.955,00";"60,00";"0,05";"12,00"
"13598053296";"16/01/2023 / 10:50:08";"WING23";"V";"1";"111.015,00";"executada";"entrada";"1";"111.015,00";"-";"-";"-"
"13598053295";"13/01/2023 / 10:47:41";"WING23";"C";"1";"111.915,00";"executada";"saída";"1";"111.915,00";"60,00";"0,05";"12,00"
"13598053294";"13/01/2023 / 10:47:41";"WING23";"V";"1";"111.975,00";"executada";"entrada";"1";"111.975,00";"-";"-";"-"
"13598053293";"12/01/2023 / 10:42:10";"WING23";"V";"1";"113.035,00";"executada";"saída";"1";"113.035,00";"60,00";"0,05";"12,00"
"13598053292";"12/01/2023 / 10:42:10";"WING23";"C";"1";"112.975,00";"executada";"entrada";"1";"112.975,00";"-";"-";"-"
"13598053291";"11/01/2023 / 10:42:55";"WING23";"V";"1";"112.650,00";"executada";"saída";"1";"112.650,00";"60,00";"0,05";"12,00"
"13598053290";"11/01/2023 / 10:42:55";"WING23";"C";"1";"112.590,00";"executada";"entrada";"1";"112.590,00";"-";"-";"-"
"13598053289";"10/01/2023 / 10:45:22";"WING23";"V";"1";"110.015,00";"executada";"saída";"1";"110.015,00";"60,00";"0,05";"12,00"
"13598053288";"10/01/2023 / 10:45:22";"WING23";"C";"1";"109.955,00";"executada";"entrada";"1";"109.955,00";"-";"-";"-"
"13598053287";"09/01/2023 / 10:44:08";"WING23";"C";"1";"110.200,00";"executada";"saída";"1";"110.200,00";"60,00";"0,05";"12,00"
"13598053286";"09/01/2023 / 10:44:08";"WING23";"V";"1";"110.260,00";"executada";"entrada";"1";"110.260,00";"-";"-";"-"
"13598053285";"06/01/2023 / 10:56:12";"WING23";"V";"1";"110.560,00";"executada";"saída";"1";"110.560,00";"60,00";"0,05";"12,00"
"13598053284";"06/01/2023 / 10:56:12";"WING23";"C";"1";"110.500,00";"executada";"entrada";"1";"110.500,00";"-";"-";"-"
"13598053283";"05/01/2023 / 10:43:32";"WING23";"C";"1";"106.920,00";"executada";"saída";"1";"106.920,00";"60,00";"0,06";"12,00"
"13598053282";"05/01/2023 / 10:43:32";"WING23";"V";"1";"106.980,00";"executada";"entrada";"1";"106.980,00";"-";"-";"-"
"13598053281";"04/01/2023 / 10:43:19";"WING23";"V";"1";"106.015,00";"executada";"saída";"1";"106.015,00";"60,00";"0,06";"12,00"
"13598053280";"04/01/2023 / 10:43:18";"WING23";"C";"1";"105.955,00";"executada";"entrada";"1";"105.955,00";"-";"-";"-"
"13598053279";"03/01/2023 / 10:44:09";"WING23";"V";"1";"106.900,00";"executada";"saída";"1";"106.900,00";"60,00";"0,06";"12,00"
"13598053278";"03/01/2023 / 10:44:09";"WING23";"C";"1";"106.840,00";"executada";"entrada";"1";"106.840,00";"-";"-";"-"
"13598053277";"02/01/2023 / 11:02:01";"WING23";"C";"1";"108.060,00";"executada";"saída";"1";"108.060,00";"60,00";"0,06";"12,00"
"13598053276";"02/01/2023 / 11:02:00";"WING23";"V";"1";"108.120,00";"executada";"entrada";"1";"108.120,00";"-";"-";"-"
"13598053275";"29/12/2022 / 10:46:06";"WING23";"C";"1";"112.545,00";"executada";"saída";"1";"112.545,00";"60,00";"0,05";"12,00"
"13598053274";"29/12/2022 / 10:46:06";"WING23";"V";"1";"112.605,00";"executada";"entrada";"1";"112.605,00";"-";"-";"-"
"13598053273";"28/12/2022 / 10:43:02";"WING23";"V";"1";"110.750,00";"executada";"saída";"1";"110.750,00";"60,00";"0,05";"12,00"
"13598053272";"28/12/2022 / 10:43:02";"WING23";"C";"1";"110.690,00";"executada";"entrada";"1";"110.690,00";"-";"-";"-"
"13598053271";"27/12/2022 / 11:07:24";"WING23";"C";"1";"109.160,00";"executada";"saída";"1";"109.160,00";"60,00";"0,05";"12,00"
"13598053270";"27/12/2022 / 11:07:24";"WING23";"V";"1";"109.220,00";"executada";"entrada";"1";"109.220,00";"-";"-";"-"
"13598053269";"26/12/2022 / 10:51:44";"WING23";"C";"1";"110.335,00";"executada";"saída";"1";"110.335,00";"60,00";"0,05";"12,00"
"13598053268";"26/12/2022 / 10:51:44";"WING23";"V";"1";"110.395,00";"executada";"entrada";"1";"110.395,00";"-";"-";"-"
"13598053267";"23/12/2022 / 10:52:59";"WING23";"V";"1";"110.800,00";"executada";"saída";"1";"110.800,00";"60,00";"0,05";"12,00"
"13598053266";"23/12/2022 / 10:52:59";"WING23";"C";"1";"110.740,00";"executada";"entrada";"1";"110.740,00";"-";"-";"-"
"13598053265";"22/12/2022 / 10:46:49";"WING23";"C";"1";"109.530,00";"executada";"saída";"1";"109.530,00";"60,00";"0,05";"12,00"
"13598053264";"22/12/2022 / 10:46:48";"WING23";"V";"1";"109.590,00";"executada";"entrada";"1";"109.590,00";"-";"-";"-"
"13598053263";"21/12/2022 / 10:43:17";"WING23";"C";"1";"109.295,00";"executada";"saída";"1";"109.295,00";"60,00";"0,05";"12,00"
"13598053262";"21/12/2022 / 10:43:17";"WING23";"V";"1";"109.355,00";"executada";"entrada";"1";"109.355,00";"-";"-";"-"
"13598053261";"20/12/2022 / 10:43:01";"WING23";"V";"1";"108.310,00";"executada";"saída";"1";"108.310,00";"60,00";"0,06";"12,00"
"13598053260";"20/12/2022 / 10:43:01";"WING23";"C";"1";"108.250,00";"executada";"entrada";"1";"108.250,00";"-";"-";"-"
"13598053259";"19/12/2022 / 10:45:43";"WING23";"C";"1";"105.515,00";"executada";"saída";"1";"105.515,00";"60,00";"0,06";"12,00"
"13598053258";"19/12/2022 / 10:45:42";"WING23";"V";"1";"105.575,00";"executada";"entrada";"1";"105.575,00";"-";"-";"-"
"13598053257";"16/12/2022 / 10:43:11";"WING23";"C";"1";"105.275,00";"executada";"saída";"1";"105.275,00";"60,00";"0,06";"12,00"
"13598053256";"16/12/2022 / 10:43:11";"WING23";"V";"1";"105.335,00";"executada";"entrada";"1";"105.335,00";"-";"-";"-"
"13598053255";"15/12/2022 / 10:50:10";"WING23";"V";"1";"106.180,00";"executada";"saída";"1";"106.180,00";"60,00";"0,06";"12,00"
"13598053254";"15/12/2022 / 10:50:10";"WING23";"C";"1";"106.120,00";"executada";"entrada";"1";"106.120,00";"-";"-";"-"
"13598053253";"14/12/2022 / 10:56:46";"WING23";"C";"1";"104.895,00";"executada";"saída";"1";"104.895,00";"60,00";"0,06";"12,00"
"13598053252";"14/12/2022 / 10:56:45";"WING23";"V";"1";"104.955,00";"executada";"entrada";"1";"104.955,00";"-";"-";"-"
"13598053251";"13/12/2022 / 10:48:23";"WINZ22";"V";"1";"106.400,00";"executada";"saída";"1";"106.400,00";"60,00";"0,06";"12,00"
"13598053250";"13/12/2022 / 10:48:23";"WINZ22";"C";"1";"106.340,00";"executada";"entrada";"1";"106.340,00";"-";"-";"-"
"13598053249";"12/12/2022 / 11:22:44";"WINZ22";"V";"1";"105.200,00";"executada";"saída";"1";"105.200,00";"60,00";"0,06";"12,00"
"13598053248";"12/12/2022 / 11:22:44";"WINZ22";"C";"1";"105.140,00";"executada";"entrada";"1";"105.140,00";"-";"-";"-"
"13598053247";"09/12/2022 / 10:48:43";"WINZ22";"V";"1";"107.565,00";"executada";"saída";"1";"107.565,00";"60,00";"0,06";"12,00"
"13598053246";"09/12/2022 / 10:48:43";"WINZ22";"C";"1";"107.505,00";"executada";"entrada";"1";"107.505,00";"-";"-";"-"
"13598053245";"08/12/2022 / 10:50:22";"WINZ22";"V";"1";"109.205,00";"executada";"saída";"1";"109.205,00";"60,00";"0,06";"12,00"
"13598053244";"08/12/2022 / 10:50:22";"WINZ22";"C";"1";"109.145,00";"executada";"entrada";"1";"109.145,00";"-";"-";"-"
"13598053243";"07/12/2022 / 10:43:18";"WINZ22";"V";"1";"109.830,00";"executada";"saída";"1";"109.830,00";"60,00";"0,05";"12,00"
"13598053242";"07/12/2022 / 10:43:18";"WINZ22";"C";"1";"109.770,00";"executada";"entrada";"1";"109.770,00";"-";"-";"-"
"13598053241";"06/12/2022 / 10:44:54";"WINZ22";"V";"1";"110.005,00";"executada";"saída";"1";"110.005,00";"60,00";"0,05";"12,00"
"13598053240";"06/12/2022 / 10:44:52";"WINZ22";"C";"1";"109.945,00";"executada";"entrada";"1";"109.945,00";"-";"-";"-"
"13598053239";"05/12/2022 / 11:32:13";"WINZ22";"V";"10";"110.980,00";"executada";"saída";"10";"110.980,00";"58,00";"0,05";"116,00"
"13598053238";"05/12/2022 / 11:17:32";"WINZ22";"C";"4";"110.735,00";"executada";"entrada";"4";"110.735,00";"-";"-";"-"
"13598053237";"05/12/2022 / 11:16:53";"WINZ22";"C";"2";"110.910,00";"executada";"entrada";"2";"110.910,00";"-";"-";"-"
"13598053236";"05/12/2022 / 11:12:18";"WINZ22";"C";"2";"110.990,00";"executada";"entrada";"2";"110.990,00";"-";"-";"-"
"13598053235";"05/12/2022 / 11:08:00";"WINZ22";"C";"1";"111.350,00";"executada";"entrada";"1";"111.350,00";"-";"-";"-"
"13598053234";"05/12/2022 / 11:08:00";"WINZ22";"C";"1";"111.130,00";"executada";"entrada";"1";"111.130,00";"-";"-";"-"
"13598053233";"02/12/2022 / 10:45:41";"WINZ22";"C";"1";"110.555,00";"executada";"saída";"1";"110.555,00";"60,00";"0,05";"12,00"
"13598053232";"02/12/2022 / 10:45:41";"WINZ22";"V";"1";"110.615,00";"executada";"entrada";"1";"110.615,00";"-";"-";"-"
"13598053231";"01/12/2022 / 10:50:01";"WINZ22";"V";"2";"111.900,00";"executada";"saída";"2";"111.900,00";"60,00";"0,05";"24,00"
"13598053230";"01/12/2022 / 10:44:59";"WINZ22";"C";"1";"111.950,00";"executada";"entrada";"1";"111.950,00";"-";"-";"-"
"13598053229";"01/12/2022 / 10:44:59";"WINZ22";"C";"1";"111.730,00";"executada";"entrada";"1";"111.730,00";"-";"-";"-"
"13598053228";"30/11/2022 / 10:51:28";"WINZ22";"C";"1";"111.975,00";"executada";"saída";"1";"111.975,00";"60,00";"0,05";"12,00"
"13598053227";"30/11/2022 / 10:51:28";"WINZ22";"V";"1";"112.035,00";"executada";"entrada";"1";"112.035,00";"-";"-";"-"
"13598053226";"29/11/2022 / 10:44:03";"WINZ22";"V";"1";"110.065,00";"executada";"saída";"1";"110.065,00";"60,00";"0,05";"12,00"
"13598053225";"29/11/2022 / 10:44:02";"WINZ22";"C";"1";"110.005,00";"executada";"entrada";"1";"110.005,00";"-";"-";"-"
"13598053224";"28/11/2022 / 10:45:03";"WINZ22";"V";"1";"109.320,00";"executada";"saída";"1";"109.320,00";"60,00";"0,05";"12,00"
"13598053223";"28/11/2022 / 10:45:02";"WINZ22";"C";"1";"109.260,00";"executada";"entrada";"1";"109.260,00";"-";"-";"-"
"13598053222";"25/11/2022 / 10:50:22";"WINZ22";"V";"2";"111.535,00";"executada";"saída";"2";"111.535,00";"60,00";"0,05";"24,00"
"13598053221";"25/11/2022 / 10:43:59";"WINZ22";"C";"1";"111.585,00";"executada";"entrada";"1";"111.585,00";"-";"-";"-"
"13598053220";"25/11/2022 / 10:43:59";"WINZ22";"C";"1";"111.365,00";"executada";"entrada";"1";"111.365,00";"-";"-";"-"
"13598053219";"24/11/2022 / 10:54:16";"WINZ22";"C";"2";"110.830,00";"executada";"saída";"2";"110.830,00";"60,00";"0,05";"24,00"
"13598053218";"24/11/2022 / 10:47:03";"WINZ22";"V";"1";"110.780,00";"executada";"entrada";"1";"110.780,00";"-";"-";"-"
"13598053217";"24/11/2022 / 10:47:03";"WINZ22";"V";"1";"111.000,00";"executada";"entrada";"1";"111.000,00";"-";"-";"-"
"13598053216";"23/11/2022 / 10:51:55";"WINZ22";"V";"1";"108.955,00";"executada";"saída";"1";"108.955,00";"60,00";"0,06";"12,00"
"13598053215";"23/11/2022 / 10:51:55";"WINZ22";"C";"1";"108.895,00";"executada";"entrada";"1";"108.895,00";"-";"-";"-"
"13598053214";"22/11/2022 / 10:44:09";"WINZ22";"C";"1";"110.480,00";"executada";"saída";"1";"110.480,00";"60,00";"0,05";"12,00"
"13598053213";"22/11/2022 / 10:44:09";"WINZ22";"V";"1";"110.540,00";"executada";"entrada";"1";"110.540,00";"-";"-";"-"
"13598053212";"21/11/2022 / 10:50:36";"WINZ22";"C";"4";"110.890,00";"executada";"saída";"4";"110.890,00";"60,00";"0,05";"48,00"
"13598053211";"21/11/2022 / 10:45:01";"WINZ22";"V";"2";"111.075,00";"executada";"entrada";"2";"111.075,00";"-";"-";"-"
"13598053210";"21/11/2022 / 10:43:57";"WINZ22";"V";"1";"110.935,00";"executada";"entrada";"1";"110.935,00";"-";"-";"-"
"13598053209";"21/11/2022 / 10:43:56";"WINZ22";"V";"1";"110.715,00";"executada";"entrada";"1";"110.715,00";"-";"-";"-"
"13598053208";"18/11/2022 / 10:45:50";"WINZ22";"V";"1";"112.235,00";"executada";"saída";"1";"112.235,00";"60,00";"0,05";"12,00"
"13598053207";"18/11/2022 / 10:45:50";"WINZ22";"C";"1";"112.175,00";"executada";"entrada";"1";"112.175,00";"-";"-";"-"
"13598053206";"17/11/2022 / 10:52:55";"WINZ22";"V";"1";"108.570,00";"executada";"saída";"1";"108.570,00";"60,00";"0,06";"12,00"
"13598053205";"17/11/2022 / 10:52:54";"WINZ22";"C";"1";"108.510,00";"executada";"entrada";"1";"108.510,00";"-";"-";"-"
"13598053204";"16/11/2022 / 10:42:49";"WINZ22";"C";"1";"113.690,00";"executada";"saída";"1";"113.690,00";"60,00";"0,05";"12,00"
"13598053203";"16/11/2022 / 10:42:49";"WINZ22";"V";"1";"113.750,00";"executada";"entrada";"1";"113.750,00";"-";"-";"-"
"13598053202";"14/11/2022 / 10:53:51";"WINZ22";"C";"1";"113.655,00";"executada";"saída";"1";"113.655,00";"60,00";"0,05";"12,00"
"13598053201";"14/11/2022 / 10:53:51";"WINZ22";"V";"1";"113.715,00";"executada";"entrada";"1";"113.715,00";"-";"-";"-"
"13598053200";"11/11/2022 / 10:43:38";"WINZ22";"C";"1";"111.810,00";"executada";"saída";"1";"111.810,00";"60,00";"0,05";"12,00"
"13598053199";"11/11/2022 / 10:43:38";"WINZ22";"V";"1";"111.870,00";"executada";"entrada";"1";"111.870,00";"-";"-";"-"
"13598053198";"10/11/2022 / 10:45:37";"WINZ22";"V";"1";"113.125,00";"executada";"saída";"1";"113.125,00";"60,00";"0,05";"12,00"
"13598053197";"10/11/2022 / 10:45:37";"WINZ22";"C";"1";"113.065,00";"executada";"entrada";"1";"113.065,00";"-";"-";"-"
"13598053196";"09/11/2022 / 10:47:56";"WINZ22";"C";"1";"116.660,00";"executada";"saída";"1";"116.660,00";"60,00";"0,05";"12,00"
"13598053195";"09/11/2022 / 10:47:56";"WINZ22";"V";"1";"116.720,00";"executada";"entrada";"1";"116.720,00";"-";"-";"-"
"13598053194";"08/11/2022 / 10:45:52";"WINZ22";"C";"1";"116.655,00";"executada";"saída";"1";"116.655,00";"60,00";"0,05";"12,00"
"13598053193";"08/11/2022 / 10:45:52";"WINZ22";"V";"1";"116.715,00";"executada";"entrada";"1";"116.715,00";"-";"-";"-"
"13598053192";"07/11/2022 / 10:44:08";"WINZ22";"C";"1";"119.120,00";"executada";"saída";"1";"119.120,00";"60,00";"0,05";"12,00"
"13598053191";"07/11/2022 / 10:44:08";"WINZ22";"V";"1";"119.180,00";"executada";"entrada";"1";"119.180,00";"-";"-";"-"
"13598053190";"04/11/2022 / 10:57:21";"WINZ22";"C";"4";"120.235,00";"executada";"saída";"4";"120.235,00";"60,00";"0,05";"48,00"
"13598053189";"04/11/2022 / 10:56:35";"WINZ22";"V";"2";"120.420,00";"executada";"entrada";"2";"120.420,00";"-";"-";"-"
"13598053188";"04/11/2022 / 10:54:03";"WINZ22";"V";"1";"120.060,00";"executada";"entrada";"1";"120.060,00";"-";"-";"-"
"13598053187";"04/11/2022 / 10:54:03";"WINZ22";"V";"1";"120.280,00";"executada";"entrada";"1";"120.280,00";"-";"-";"-"
"13598053186";"03/11/2022 / 10:52:24";"WINZ22";"V";"1";"117.170,00";"executada";"saída";"1";"117.170,00";"60,00";"0,05";"12,00"
"13598053185";"03/11/2022 / 10:52:24";"WINZ22";"C";"1";"117.110,00";"executada";"entrada";"1";"117.110,00";"-";"-";"-"
"13598053184";"01/11/2022 / 10:42:56";"WINZ22";"V";"1";"118.375,00";"executada";"saída";"1";"118.375,00";"60,00";"0,05";"12,00"
"13598053183";"01/11/2022 / 10:42:56";"WINZ22";"C";"1";"118.315,00";"executada";"entrada";"1";"118.315,00";"-";"-";"-"
"13598053182";"31/10/2022 / 11:06:11";"WINZ22";"C";"1";"117.535,00";"executada";"saída";"1";"117.535,00";"60,00";"0,05";"12,00"
"13598053181";"31/10/2022 / 11:06:11";"WINZ22";"V";"1";"117.595,00";"executada";"entrada";"1";"117.595,00";"-";"-";"-"
"13598053180";"28/10/2022 / 10:49:20";"WINZ22";"V";"1";"115.705,00";"executada";"saída";"1";"115.705,00";"60,00";"0,05";"12,00"
"13598053179";"28/10/2022 / 10:49:18";"WINZ22";"C";"1";"115.645,00";"executada";"entrada";"1";"115.645,00";"-";"-";"-"
"13598053178";"27/10/2022 / 10:49:17";"WINZ22";"C";"1";"115.200,00";"executada";"saída";"1";"115.200,00";"60,00";"0,05";"12,00"
"13598053177";"27/10/2022 / 10:49:17";"WINZ22";"V";"1";"115.260,00";"executada";"entrada";"1";"115.260,00";"-";"-";"-"
"13598053176";"26/10/2022 / 10:45:12";"WINZ22";"V";"1";"115.390,00";"executada";"saída";"1";"115.390,00";"60,00";"0,05";"12,00"
"13598053175";"26/10/2022 / 10:45:12";"WINZ22";"C";"1";"115.330,00";"executada";"entrada";"1";"115.330,00";"-";"-";"-"
"13598053174";"25/10/2022 / 10:45:45";"WINZ22";"C";"1";"116.780,00";"executada";"saída";"1";"116.780,00";"60,00";"0,05";"12,00"
"13598053173";"25/10/2022 / 10:45:44";"WINZ22";"V";"1";"116.840,00";"executada";"entrada";"1";"116.840,00";"-";"-";"-"
"13598053172";"24/10/2022 / 10:55:13";"WINZ22";"V";"1";"119.655,00";"executada";"saída";"1";"119.655,00";"60,00";"0,05";"12,00"
"13598053171";"24/10/2022 / 10:55:13";"WINZ22";"C";"1";"119.595,00";"executada";"entrada";"1";"119.595,00";"-";"-";"-"
"13598053170";"21/10/2022 / 11:23:38";"WINZ22";"V";"1";"120.150,00";"executada";"saída";"1";"120.150,00";"60,00";"0,05";"12,00"
"13598053169";"21/10/2022 / 11:23:34";"WINZ22";"C";"1";"120.090,00";"executada";"entrada";"1";"120.090,00";"-";"-";"-"
"13598053168";"20/10/2022 / 10:42:48";"WINZ22";"C";"1";"118.915,00";"executada";"saída";"1";"118.915,00";"60,00";"0,05";"12,00"
"13598053167";"20/10/2022 / 10:42:48";"WINZ22";"V";"1";"118.975,00";"executada";"entrada";"1";"118.975,00";"-";"-";"-"
"13598053166";"19/10/2022 / 10:45:33";"WINZ22";"V";"4";"117.650,00";"executada";"saída";"4";"117.650,00";"60,00";"0,05";"48,00"
"13598053165";"19/10/2022 / 10:43:54";"WINZ22";"C";"2";"117.465,00";"executada";"entrada";"2";"117.465,00";"-";"-";"-"
"13598053164";"19/10/2022 / 10:43:43";"WINZ22";"C";"1";"117.825,00";"executada";"entrada";"1";"117.825,00";"-";"-";"-"
"13598053163";"19/10/2022 / 10:43:43";"WINZ22";"C";"1";"117.605,00";"executada";"entrada";"1";"117.605,00";"-";"-";"-"
"13598053162";"18/10/2022 / 10:44:04";"WINZ22";"V";"1";"117.570,00";"executada";"saída";"1";"117.570,00";"60,00";"0,05";"12,00"
"13598053161";"18/10/2022 / 10:44:04";"WINZ22";"C";"1";"117.510,00";"executada";"entrada";"1";"117.510,00";"-";"-";"-"
"13598053160";"17/10/2022 / 10:50:51";"WINZ22";"C";"2";"115.245,00";"executada";"saída";"2";"115.245,00";"60,00";"0,05";"24,00"
"13598053159";"17/10/2022 / 10:48:02";"WINZ22";"V";"1";"115.415,00";"executada";"entrada";"1";"115.415,00";"-";"-";"-"
"13598053158";"17/10/2022 / 10:48:01";"WINZ22";"V";"1";"115.195,00";"executada";"entrada";"1";"115.195,00";"-";"-";"-"
"13598053157";"14/10/2022 / 10:46:41";"WINZ22";"V";"1";"116.545,00";"executada";"saída";"1";"116.545,00";"60,00";"0,05";"12,00"
"13598053156";"14/10/2022 / 10:46:41";"WINZ22";"C";"1";"116.485,00";"executada";"entrada";"1";"116.485,00";"-";"-";"-"
"13598053155";"13/10/2022 / 10:44:09";"WINZ22";"C";"1";"115.175,00";"executada";"saída";"1";"115.175,00";"60,00";"0,05";"12,00"
"13598053154";"13/10/2022 / 10:44:09";"WINZ22";"V";"1";"115.235,00";"executada";"entrada";"1";"115.235,00";"-";"-";"-"
"13598053153";"11/10/2022 / 10:42:07";"WINV22";"C";"1";"115.410,00";"executada";"saída";"1";"115.410,00";"60,00";"0,05";"12,00"
"13598053152";"11/10/2022 / 10:42:07";"WINV22";"V";"1";"115.470,00";"executada";"entrada";"1";"115.470,00";"-";"-";"-"
"13598053151";"10/10/2022 / 10:42:32";"WINV22";"C";"1";"116.620,00";"executada";"saída";"1";"116.620,00";"60,00";"0,05";"12,00"
"13598053150";"10/10/2022 / 10:42:32";"WINV22";"V";"1";"116.680,00";"executada";"entrada";"1";"116.680,00";"-";"-";"-"
"13598053149";"07/10/2022 / 10:50:04";"WINV22";"C";"1";"117.760,00";"executada";"saída";"1";"117.760,00";"60,00";"0,05";"12,00"
"13598053148";"07/10/2022 / 10:50:04";"WINV22";"V";"1";"117.820,00";"executada";"entrada";"1";"117.820,00";"-";"-";"-"
"13598053147";"06/10/2022 / 10:54:12";"WINV22";"V";"1";"118.465,00";"executada";"saída";"1";"118.465,00";"60,00";"0,05";"12,00"
"13598053146";"06/10/2022 / 10:54:12";"WINV22";"C";"1";"118.405,00";"executada";"entrada";"1";"118.405,00";"-";"-";"-"
"13598053145";"05/10/2022 / 10:47:07";"WINV22";"C";"2";"117.080,00";"executada";"saída";"2";"117.080,00";"60,00";"0,05";"24,00"
"13598053144";"05/10/2022 / 10:44:01";"WINV22";"V";"1";"117.030,00";"executada";"entrada";"1";"117.030,00";"-";"-";"-"
"13598053143";"05/10/2022 / 10:44:01";"WINV22";"V";"1";"117.250,00";"executada";"entrada";"1";"117.250,00";"-";"-";"-"
"13598053142";"04/10/2022 / 10:45:36";"WINV22";"C";"1";"117.965,00";"executada";"saída";"1";"117.965,00";"60,00";"0,05";"12,00"
"13598053141";"04/10/2022 / 10:45:36";"WINV22";"V";"1";"118.025,00";"executada";"entrada";"1";"118.025,00";"-";"-";"-"
"13598053140";"03/10/2022 / 10:47:56";"WINV22";"C";"6";"114.255,00";"executada";"saída";"6";"114.255,00";"58,33";"0,05";"70,00"
"13598053139";"03/10/2022 / 10:46:00";"WINV22";"V";"2";"114.450,00";"executada";"entrada";"2";"114.450,00";"-";"-";"-"
"13598053138";"03/10/2022 / 10:45:30";"WINV22";"V";"2";"114.370,00";"executada";"entrada";"2";"114.370,00";"-";"-";"-"
"13598053137";"03/10/2022 / 10:43:58";"WINV22";"V";"1";"114.010,00";"executada";"entrada";"1";"114.010,00";"-";"-";"-"
"13598053136";"03/10/2022 / 10:43:58";"WINV22";"V";"1";"114.230,00";"executada";"entrada";"1";"114.230,00";"-";"-";"-"
"13598053135";"30/09/2022 / 10:54:24";"WINV22";"C";"10";"108.990,00";"executada";"saída";"10";"108.990,00";"-502,00";"-0,46";"-1.004,00"
"13598053134";"30/09/2022 / 10:50:53";"WINV22";"V";"4";"108.675,00";"executada";"entrada";"4";"108.675,00";"-";"-";"-"
"13598053133";"30/09/2022 / 10:49:48";"WINV22";"V";"2";"108.500,00";"executada";"entrada";"2";"108.500,00";"-";"-";"-"
"13598053132";"30/09/2022 / 10:45:33";"WINV22";"V";"2";"108.420,00";"executada";"entrada";"2";"108.420,00";"-";"-";"-"
"13598053131";"30/09/2022 / 10:42:12";"WINV22";"V";"1";"108.060,00";"executada";"entrada";"1";"108.060,00";"-";"-";"-"
"13598053130";"30/09/2022 / 10:42:12";"WINV22";"V";"1";"108.280,00";"executada";"entrada";"1";"108.280,00";"-";"-";"-"
"13598053129";"29/09/2022 / 10:52:47";"WINV22";"V";"1";"107.155,00";"executada";"saída";"1";"107.155,00";"60,00";"0,06";"12,00"
"13598053128";"29/09/2022 / 10:52:47";"WINV22";"C";"1";"107.095,00";"executada";"entrada";"1";"107.095,00";"-";"-";"-"
"13598053127";"28/09/2022 / 10:44:59";"WINV22";"C";"2";"109.195,00";"executada";"saída";"2";"109.195,00";"60,00";"0,05";"24,00"
"13598053126";"28/09/2022 / 10:43:36";"WINV22";"V";"1";"109.145,00";"executada";"entrada";"1";"109.145,00";"-";"-";"-"
"13598053125";"28/09/2022 / 10:43:36";"WINV22";"V";"1";"109.365,00";"executada";"entrada";"1";"109.365,00";"-";"-";"-"
"13598053124";"27/09/2022 / 10:45:26";"WINV22";"C";"1";"110.365,00";"executada";"saída";"1";"110.365,00";"60,00";"0,05";"12,00"
"13598053123";"27/09/2022 / 10:45:26";"WINV22";"V";"1";"110.425,00";"executada";"entrada";"1";"110.425,00";"-";"-";"-"
"13598053122";"26/09/2022 / 10:44:11";"WINV22";"V";"2";"111.450,00";"executada";"saída";"2";"111.450,00";"60,00";"0,05";"24,00"
"13598053121";"26/09/2022 / 10:42:07";"WINV22";"C";"1";"111.500,00";"executada";"entrada";"1";"111.500,00";"-";"-";"-"
"13598053120";"26/09/2022 / 10:42:07";"WINV22";"C";"1";"111.280,00";"executada";"entrada";"1";"111.280,00";"-";"-";"-"
"13598053119";"23/09/2022 / 10:47:47";"WINV22";"V";"1";"112.510,00";"executada";"saída";"1";"112.510,00";"60,00";"0,05";"12,00"
"13598053118";"23/09/2022 / 10:47:47";"WINV22";"C";"1";"112.450,00";"executada";"entrada";"1";"112.450,00";"-";"-";"-"
"13598053117";"22/09/2022 / 10:45:06";"WINV22";"V";"1";"113.625,00";"executada";"saída";"1";"113.625,00";"60,00";"0,05";"12,00"
"13598053116";"22/09/2022 / 10:45:05";"WINV22";"C";"1";"113.565,00";"executada";"entrada";"1";"113.565,00";"-";"-";"-"
"13598053115";"21/09/2022 / 10:43:56";"WINV22";"C";"1";"113.085,00";"executada";"saída";"1";"113.085,00";"60,00";"0,05";"12,00"
"13598053114";"21/09/2022 / 10:43:56";"WINV22";"V";"1";"113.145,00";"executada";"entrada";"1";"113.145,00";"-";"-";"-"
"13598053113";"20/09/2022 / 10:43:16";"WINV22";"C";"1";"112.490,00";"executada";"saída";"1";"112.490,00";"60,00";"0,05";"12,00"
"13598053112";"20/09/2022 / 10:43:16";"WINV22";"V";"1";"112.550,00";"executada";"entrada";"1";"112.550,00";"-";"-";"-"
"13598053111";"19/09/2022 / 11:01:03";"WINV22";"C";"1";"110.000,00";"executada";"saída";"1";"110.000,00";"60,00";"0,05";"12,00"
"13598053110";"19/09/2022 / 11:01:03";"WINV22";"V";"1";"110.060,00";"executada";"entrada";"1";"110.060,00";"-";"-";"-"
"13598053109";"16/09/2022 / 10:49:00";"WINV22";"V";"1";"109.645,00";"executada";"saída";"1";"109.645,00";"60,00";"0,05";"12,00"
"13598053108";"16/09/2022 / 10:48:58";"WINV22";"C";"1";"109.585,00";"executada";"entrada";"1";"109.585,00";"-";"-";"-"
"13598053107";"15/09/2022 / 10:47:48";"WINV22";"C";"1";"111.320,00";"executada";"saída";"1";"111.320,00";"60,00";"0,05";"12,00"
"13598053106";"15/09/2022 / 10:47:48";"WINV22";"V";"1";"111.380,00";"executada";"entrada";"1";"111.380,00";"-";"-";"-"
"13598053105";"14/09/2022 / 10:42:37";"WINV22";"C";"1";"111.975,00";"executada";"saída";"1";"111.975,00";"60,00";"0,05";"12,00"
"13598053104";"14/09/2022 / 10:42:36";"WINV22";"V";"1";"112.035,00";"executada";"entrada";"1";"112.035,00";"-";"-";"-"
"13598053103";"13/09/2022 / 10:56:07";"WINV22";"V";"1";"113.625,00";"executada";"saída";"1";"113.625,00";"60,00";"0,05";"12,00"
"13598053102";"13/09/2022 / 10:56:06";"WINV22";"C";"1";"113.565,00";"executada";"entrada";"1";"113.565,00";"-";"-";"-"
"13598053101";"12/09/2022 / 10:58:38";"WINV22";"C";"6";"115.105,00";"executada";"saída";"6";"115.105,00";"58,33";"0,05";"70,00"
"13598053100";"12/09/2022 / 10:58:03";"WINV22";"V";"2";"115.300,00";"executada";"entrada";"2";"115.300,00";"-";"-";"-"
"13598053099";"12/09/2022 / 10:53:13";"WINV22";"V";"2";"115.220,00";"executada";"entrada";"2";"115.220,00";"-";"-";"-"
"13598053098";"12/09/2022 / 10:50:18";"WINV22";"V";"1";"114.860,00";"executada";"entrada";"1";"114.860,00";"-";"-";"-"
"13598053097";"12/09/2022 / 10:50:18";"WINV22";"V";"1";"115.080,00";"executada";"entrada";"1";"115.080,00";"-";"-";"-"
"13598053096";"09/09/2022 / 10:43:31";"WINV22";"V";"1";"112.755,00";"executada";"saída";"1";"112.755,00";"60,00";"0,05";"12,00"
"13598053095";"09/09/2022 / 10:43:31";"WINV22";"C";"1";"112.695,00";"executada";"entrada";"1";"112.695,00";"-";"-";"-"
"13598053094";"08/09/2022 / 10:42:56";"WINV22";"V";"1";"111.440,00";"executada";"saída";"1";"111.440,00";"60,00";"0,05";"12,00"
"13598053093";"08/09/2022 / 10:42:56";"WINV22";"C";"1";"111.380,00";"executada";"entrada";"1";"111.380,00";"-";"-";"-"
"13598053092";"06/09/2022 / 10:43:56";"WINV22";"C";"1";"111.445,00";"executada";"saída";"1";"111.445,00";"60,00";"0,05";"12,00"
"13598053091";"06/09/2022 / 10:43:56";"WINV22";"V";"1";"111.505,00";"executada";"entrada";"1";"111.505,00";"-";"-";"-"
"13598053090";"05/09/2022 / 10:50:30";"WINV22";"V";"1";"113.910,00";"executada";"saída";"1";"113.910,00";"60,00";"0,05";"12,00"
"13598053089";"05/09/2022 / 10:50:30";"WINV22";"C";"1";"113.850,00";"executada";"entrada";"1";"113.850,00";"-";"-";"-"
"13598053088";"02/09/2022 / 10:45:07";"WINV22";"V";"1";"112.485,00";"executada";"saída";"1";"112.485,00";"60,00";"0,05";"12,00"
"13598053087";"02/09/2022 / 10:45:07";"WINV22";"C";"1";"112.425,00";"executada";"entrada";"1";"112.425,00";"-";"-";"-"
"13598053086";"01/09/2022 / 10:43:24";"WINV22";"V";"1";"110.780,00";"executada";"saída";"1";"110.780,00";"60,00";"0,05";"12,00"
"13598053085";"01/09/2022 / 10:43:24";"WINV22";"C";"1";"110.720,00";"executada";"entrada";"1";"110.720,00";"-";"-";"-"
"13598053084";"31/08/2022 / 11:00:28";"WINV22";"V";"2";"112.480,00";"executada";"saída";"2";"112.480,00";"60,00";"0,05";"24,00"
"13598053083";"31/08/2022 / 10:59:06";"WINV22";"C";"1";"112.530,00";"executada";"entrada";"1";"112.530,00";"-";"-";"-"
"13598053082";"31/08/2022 / 10:59:06";"WINV22";"C";"1";"112.310,00";"executada";"entrada";"1";"112.310,00";"-";"-";"-"
"13598053081";"30/08/2022 / 11:12:08";"WINV22";"V";"4";"113.190,00";"executada";"saída";"4";"113.190,00";"60,00";"0,05";"48,00"
"13598053080";"30/08/2022 / 11:07:02";"WINV22";"C";"2";"113.005,00";"executada";"entrada";"2";"113.005,00";"-";"-";"-"
"13598053079";"30/08/2022 / 11:03:20";"WINV22";"C";"1";"113.365,00";"executada";"entrada";"1";"113.365,00";"-";"-";"-"
"13598053078";"30/08/2022 / 11:03:20";"WINV22";"C";"1";"113.145,00";"executada";"entrada";"1";"113.145,00";"-";"-";"-"
"13598053077";"29/08/2022 / 10:44:40";"WINV22";"C";"1";"113.910,00";"executada";"saída";"1";"113.910,00";"60,00";"0,05";"12,00"
"13598053076";"29/08/2022 / 10:44:38";"WINV22";"V";"1";"113.970,00";"executada";"entrada";"1";"113.970,00";"-";"-";"-"
"13598053075";"26/08/2022 / 10:50:37";"WINV22";"C";"1";"114.985,00";"executada";"saída";"1";"114.985,00";"60,00";"0,05";"12,00"
"13598053074";"26/08/2022 / 10:50:37";"WINV22";"V";"1";"115.045,00";"executada";"entrada";"1";"115.045,00";"-";"-";"-"
"13598053073";"25/08/2022 / 10:54:30";"WINV22";"V";"1";"115.230,00";"executada";"saída";"1";"115.230,00";"60,00";"0,05";"12,00"
"13598053072";"25/08/2022 / 10:54:30";"WINV22";"C";"1";"115.170,00";"executada";"entrada";"1";"115.170,00";"-";"-";"-"
"13598053071";"24/08/2022 / 11:00:41";"WINV22";"C";"1";"115.255,00";"executada";"saída";"1";"115.255,00";"60,00";"0,05";"12,00"
"13598053070";"24/08/2022 / 11:00:40";"WINV22";"V";"1";"115.315,00";"executada";"entrada";"1";"115.315,00";"-";"-";"-"
"13598053069";"23/08/2022 / 12:18:21";"WINV22";"C";"10";"114.350,00";"executada";"saída";"10";"114.350,00";"-502,00";"-0,44";"-1.004,00"
"13598053068";"23/08/2022 / 10:53:06";"WINV22";"V";"4";"114.035,00";"executada";"entrada";"4";"114.035,00";"-";"-";"-"
"13598053067";"23/08/2022 / 10:48:49";"WINV22";"V";"2";"113.860,00";"executada";"entrada";"2";"113.860,00";"-";"-";"-"
"13598053066";"23/08/2022 / 10:46:28";"WINV22";"V";"2";"113.780,00";"executada";"entrada";"2";"113.780,00";"-";"-";"-"
"13598053065";"23/08/2022 / 10:45:00";"WINV22";"V";"1";"113.420,00";"executada";"entrada";"1";"113.420,00";"-";"-";"-"
"13598053064";"23/08/2022 / 10:45:00";"WINV22";"V";"1";"113.640,00";"executada";"entrada";"1";"113.640,00";"-";"-";"-"
"13598053063";"22/08/2022 / 10:42:55";"WINV22";"C";"1";"111.920,00";"executada";"saída";"1";"111.920,00";"60,00";"0,05";"12,00"
"13598053062";"22/08/2022 / 10:42:53";"WINV22";"V";"1";"111.980,00";"executada";"entrada";"1";"111.980,00";"-";"-";"-"
"13598053061";"19/08/2022 / 11:06:18";"WINV22";"V";"1";"114.165,00";"executada";"saída";"1";"114.165,00";"60,00";"0,05";"12,00"
"13598053060";"19/08/2022 / 11:06:18";"WINV22";"C";"1";"114.105,00";"executada";"entrada";"1";"114.105,00";"-";"-";"-"
"13598053059";"18/08/2022 / 10:49:48";"WINV22";"V";"2";"115.860,00";"executada";"saída";"2";"115.860,00";"60,00";"0,05";"24,00"
"13598053058";"18/08/2022 / 10:45:42";"WINV22";"C";"1";"115.690,00";"executada";"entrada";"1";"115.690,00";"-";"-";"-"
"13598053057";"18/08/2022 / 10:45:41";"WINV22";"C";"1";"115.910,00";"executada";"entrada";"1";"115.910,00";"-";"-";"-"
"13598053056";"17/08/2022 / 11:06:09";"WINV22";"C";"6";"115.305,00";"executada";"saída";"6";"115.305,00";"58,33";"0,05";"70,00"
"13598053055";"17/08/2022 / 10:57:01";"WINV22";"V";"2";"115.500,00";"executada";"entrada";"2";"115.500,00";"-";"-";"-"
"13598053054";"17/08/2022 / 10:51:55";"WINV22";"V";"2";"115.420,00";"executada";"entrada";"2";"115.420,00";"-";"-";"-"
"13598053053";"17/08/2022 / 10:44:20";"WINV22";"V";"1";"115.060,00";"executada";"entrada";"1";"115.060,00";"-";"-";"-"
"13598053052";"17/08/2022 / 10:44:20";"WINV22";"V";"1";"115.280,00";"executada";"entrada";"1";"115.280,00";"-";"-";"-"
"13598053051";"16/08/2022 / 10:42:23";"WINQ22";"C";"1";"113.265,00";"executada";"saída";"1";"113.265,00";"60,00";"0,05";"12,00"
"13598053050";"16/08/2022 / 10:42:21";"WINQ22";"V";"1";"113.325,00";"executada";"entrada";"1";"113.325,00";"-";"-";"-"
"13598053049";"15/08/2022 / 10:43:02";"WINQ22";"V";"1";"111.515,00";"executada";"saída";"1";"111.515,00";"60,00";"0,05";"12,00"
"13598053048";"15/08/2022 / 10:43:02";"WINQ22";"C";"1";"111.455,00";"executada";"entrada";"1";"111.455,00";"-";"-";"-"
"13598053047";"12/08/2022 / 10:50:06";"WINQ22";"C";"2";"111.075,00";"executada";"saída";"2";"111.075,00";"60,00";"0,05";"24,00"
"13598053046";"12/08/2022 / 10:45:01";"WINQ22";"V";"1";"111.245,00";"executada";"entrada";"1";"111.245,00";"-";"-";"-"
"13598053045";"12/08/2022 / 10:45:00";"WINQ22";"V";"1";"111.025,00";"executada";"entrada";"1";"111.025,00";"-";"-";"-"
"13598053044";"11/08/2022 / 10:47:12";"WINQ22";"V";"1";"111.325,00";"executada";"saída";"1";"111.325,00";"60,00";"0,05";"12,00"
"13598053043";"11/08/2022 / 10:47:11";"WINQ22";"C";"1";"111.265,00";"executada";"entrada";"1";"111.265,00";"-";"-";"-"
"13598053042";"10/08/2022 / 10:45:54";"WINQ22";"C";"2";"110.320,00";"executada";"saída";"2";"110.320,00";"60,00";"0,05";"24,00"
"13598053041";"10/08/2022 / 10:42:57";"WINQ22";"V";"1";"110.270,00";"executada";"entrada";"1";"110.270,00";"-";"-";"-"
"13598053040";"10/08/2022 / 10:42:57";"WINQ22";"V";"1";"110.490,00";"executada";"entrada";"1";"110.490,00";"-";"-";"-"
"13598053039";"09/08/2022 / 10:45:04";"WINQ22";"V";"1";"109.185,00";"executada";"saída";"1";"109.185,00";"60,00";"0,06";"12,00"
"13598053038";"09/08/2022 / 10:45:04";"WINQ22";"C";"1";"109.125,00";"executada";"entrada";"1";"109.125,00";"-";"-";"-"
"13598053037";"08/08/2022 / 10:57:45";"WINQ22";"V";"1";"108.460,00";"executada";"saída";"1";"108.460,00";"60,00";"0,06";"12,00"
"13598053036";"08/08/2022 / 10:57:45";"WINQ22";"C";"1";"108.400,00";"executada";"entrada";"1";"108.400,00";"-";"-";"-"
"13598053035";"05/08/2022 / 11:02:42";"WINQ22";"C";"2";"106.840,00";"executada";"saída";"2";"106.840,00";"60,00";"0,06";"24,00"
"13598053034";"05/08/2022 / 11:00:59";"WINQ22";"V";"1";"106.790,00";"executada";"entrada";"1";"106.790,00";"-";"-";"-"
"13598053033";"05/08/2022 / 11:00:59";"WINQ22";"V";"1";"107.010,00";"executada";"entrada";"1";"107.010,00";"-";"-";"-"
"13598053032";"04/08/2022 / 10:51:05";"WINQ22";"C";"2";"105.445,00";"executada";"saída";"2";"105.445,00";"60,00";"0,06";"24,00"
"13598053031";"04/08/2022 / 10:43:27";"WINQ22";"V";"1";"105.395,00";"executada";"entrada";"1";"105.395,00";"-";"-";"-"
"13598053030";"04/08/2022 / 10:43:27";"WINQ22";"V";"1";"105.615,00";"executada";"entrada";"1";"105.615,00";"-";"-";"-"
"13598053029";"03/08/2022 / 10:46:37";"WINQ22";"V";"1";"103.825,00";"executada";"saída";"1";"103.825,00";"60,00";"0,06";"12,00"
"13598053028";"03/08/2022 / 10:46:36";"WINQ22";"C";"1";"103.765,00";"executada";"entrada";"1";"103.765,00";"-";"-";"-"
"13598053027";"02/08/2022 / 10:45:52";"WINQ22";"C";"1";"102.920,00";"executada";"saída";"1";"102.920,00";"60,00";"0,06";"12,00"
"13598053026";"02/08/2022 / 10:45:51";"WINQ22";"V";"1";"102.980,00";"executada";"entrada";"1";"102.980,00";"-";"-";"-"
"13598053025";"01/08/2022 / 10:52:27";"WINQ22";"V";"1";"103.195,00";"executada";"saída";"1";"103.195,00";"60,00";"0,06";"12,00"
"13598053024";"01/08/2022 / 10:52:27";"WINQ22";"C";"1";"103.135,00";"executada";"entrada";"1";"103.135,00";"-";"-";"-"
"13598053023";"29/07/2022 / 10:45:19";"WINQ22";"V";"1";"103.530,00";"executada";"saída";"1";"103.530,00";"60,00";"0,06";"12,00"
"13598053022";"29/07/2022 / 10:45:19";"WINQ22";"C";"1";"103.470,00";"executada";"entrada";"1";"103.470,00";"-";"-";"-"
"13598053021";"28/07/2022 / 11:17:28";"WINQ22";"C";"1";"101.985,00";"executada";"saída";"1";"101.985,00";"60,00";"0,06";"12,00"
"13598053020";"28/07/2022 / 11:17:27";"WINQ22";"V";"1";"102.045,00";"executada";"entrada";"1";"102.045,00";"-";"-";"-"
"13598053019";"27/07/2022 / 10:56:53";"WINQ22";"C";"1";"100.815,00";"executada";"saída";"1";"100.815,00";"60,00";"0,06";"12,00"
"13598053018";"27/07/2022 / 10:56:53";"WINQ22";"V";"1";"100.875,00";"executada";"entrada";"1";"100.875,00";"-";"-";"-"
"13598053017";"26/07/2022 / 10:45:07";"WINQ22";"C";"1";"101.195,00";"executada";"saída";"1";"101.195,00";"60,00";"0,06";"12,00"
"13598053016";"26/07/2022 / 10:45:07";"WINQ22";"V";"1";"101.255,00";"executada";"entrada";"1";"101.255,00";"-";"-";"-"
"13598053015";"25/07/2022 / 10:47:33";"WINQ22";"C";"1";"100.595,00";"executada";"saída";"1";"100.595,00";"60,00";"0,06";"12,00"
"13598053014";"25/07/2022 / 10:47:33";"WINQ22";"V";"1";"100.655,00";"executada";"entrada";"1";"100.655,00";"-";"-";"-"
"13598053013";"22/07/2022 / 10:43:23";"WINQ22";"C";"1";"100.240,00";"executada";"saída";"1";"100.240,00";"60,00";"0,06";"12,00"
"13598053012";"22/07/2022 / 10:43:22";"WINQ22";"V";"1";"100.300,00";"executada";"entrada";"1";"100.300,00";"-";"-";"-"
"13598053011";"21/07/2022 / 10:46:23";"WINQ22";"C";"1";"98.265,00";"executada";"saída";"1";"98.265,00";"60,00";"0,06";"12,00"
"13598053010";"21/07/2022 / 10:46:22";"WINQ22";"V";"1";"98.325,00";"executada";"entrada";"1";"98.325,00";"-";"-";"-"
"13598053009";"20/07/2022 / 11:03:07";"WINQ22";"V";"10";"98.430,00";"executada";"saída";"10";"98.430,00";"58,00";"0,06";"116,00"
"13598053008";"20/07/2022 / 10:57:07";"WINQ22";"C";"4";"98.185,00";"executada";"entrada";"4";"98.185,00";"-";"-";"-"
"13598053007";"20/07/2022 / 10:56:20";"WINQ22";"C";"2";"98.360,00";"executada";"entrada";"2";"98.360,00";"-";"-";"-"
"13598053006";"20/07/2022 / 10:53:15";"WINQ22";"C";"2";"98.440,00";"executada";"entrada";"2";"98.440,00";"-";"-";"-"
"13598053005";"20/07/2022 / 10:45:23";"WINQ22";"C";"1";"98.800,00";"executada";"entrada";"1";"98.800,00";"-";"-";"-"
"13598053004";"20/07/2022 / 10:45:23";"WINQ22";"C";"1";"98.580,00";"executada";"entrada";"1";"98.580,00";"-";"-";"-"
"13598053003";"19/07/2022 / 10:46:39";"WINQ22";"C";"1";"98.320,00";"executada";"saída";"1";"98.320,00";"60,00";"0,06";"12,00"
"13598053002";"19/07/2022 / 10:46:39";"WINQ22";"V";"1";"98.380,00";"executada";"entrada";"1";"98.380,00";"-";"-";"-"
"13598053001";"18/07/2022 / 10:50:34";"WINQ22";"V";"1";"99.000,00";"executada";"saída";"1";"99.000,00";"60,00";"0,06";"12,00"
"13598053000";"18/07/2022 / 10:50:34";"WINQ22";"C";"1";"98.940,00";"executada";"entrada";"1";"98.940,00";"-";"-";"-"
"13598052999";"15/07/2022 / 10:48:52";"WINQ22";"C";"1";"96.330,00";"executada";"saída";"1";"96.330,00";"60,00";"0,06";"12,00"
"13598052998";"15/07/2022 / 10:48:52";"WINQ22";"V";"1";"96.390,00";"executada";"entrada";"1";"96.390,00";"-";"-";"-"
"13598052997";"14/07/2022 / 10:50:18";"WINQ22";"C";"1";"96.860,00";"executada";"saída";"1";"96.860,00";"60,00";"0,06";"12,00"
"13598052996";"14/07/2022 / 10:50:18";"WINQ22";"V";"1";"96.920,00";"executada";"entrada";"1";"96.920,00";"-";"-";"-"
"13598052995";"13/07/2022 / 10:46:45";"WINQ22";"C";"1";"98.880,00";"executada";"saída";"1";"98.880,00";"60,00";"0,06";"12,00"
"13598052994";"13/07/2022 / 10:46:45";"WINQ22";"V";"1";"98.940,00";"executada";"entrada";"1";"98.940,00";"-";"-";"-"
"13598052993";"12/07/2022 / 10:46:05";"WINQ22";"V";"1";"98.630,00";"executada";"saída";"1";"98.630,00";"60,00";"0,06";"12,00"
"13598052992";"12/07/2022 / 10:46:04";"WINQ22";"C";"1";"98.570,00";"executada";"entrada";"1";"98.570,00";"-";"-";"-"
"13598052991";"11/07/2022 / 10:55:41";"WINQ22";"V";"1";"99.855,00";"executada";"saída";"1";"99.855,00";"60,00";"0,06";"12,00"
"13598052990";"11/07/2022 / 10:55:41";"WINQ22";"C";"1";"99.795,00";"executada";"entrada";"1";"99.795,00";"-";"-";"-"
