#;Data/Hora;Ativo;C/V;Quantidade;Preço limite;Status;Tipo;Quantidade executada;Preço médio;Resultado (Abs.);Resultado %;Resultado (R$)
"13653892521";"08/09/2026 / 09:12:30";"WDOV26";"C";"2";"0,00";"executada";"saída";"2";"5.142,50";"-6,00";"-0,12";"-120,00"
"13653886754";"08/09/2026 / 09:04:08";"WINV26";"V";"3";"0,00";"executada";"saída";"3";"189.300,00";"-700,00";"-0,37";"-420,00"
"13653885728";"08/09/2026 / 09:03:20";"WINV26";"V";"3";"191.595,00";"cancelada";"saída";"0";"0,00";"-";"-";"-"
"13653883126";"08/09/2026 / 09:00:55";"WDOV26";"C";"2";"5.130,00";"cancelada";"saída";"0";"0,00";"-";"-";"-"
"13653882958";"08/09/2026 / 08:59:29";"WDOV26";"V";"2";"5.050,00";"executada";"entrada";"2";"5.136,50";"-";"-";"-"
"13653882926";"08/09/2026 / 08:59:24";"WINV26";"C";"3";"190.000,00";"executada";"entrada";"3";"190.000,00";"-";"-";"-"
"13653685121";"03/09/2026 / 10:31:23";"WINV26";"V";"3";"0,00";"executada";"saída";"3";"190.770,00";"1.285,00";"0,68";"771,00"
"13653631613";"03/09/2026 / 09:02:47";"WINV26";"V";"3";"191.595,00";"cancelada";"saída";"0";"0,00";"-";"-";"-"
"13653630391";"03/09/2026 / 09:00:41";"WDOV26";"C";"2";"5.107,50";"executada";"saída";"2";"5.107,50";"8,00";"0,16";"160,00"
"13653630304";"03/09/2026 / 08:59:22";"WDOV26";"V";"2";"5.050,00";"executada";"entrada";"2";"5.115,50";"-";"-";"-"
"13653630276";"03/09/2026 / 08:59:14";"WINV26";"C";"3";"190.000,00";"executada";"entrada";"3";"189.485,00";"-";"-";"-"
"13653518970";"02/09/2026 / 09:06:13";"WDOV26";"V";"2";"0,00";"executada";"saída";"2";"5.183,50";"-6,00";"-0,12";"-120,00"
"13653514995";"02/09/2026 / 09:03:20";"WINV26";"V";"3";"183.805,00";"executada";"saída";"3";"183.805,00";"1.750,00";"0,96";"1.050,00"
"13653514582";"02/09/2026 / 09:00:47";"WDOV26";"V";"2";"5.196,50";"cancelada";"saída";"0";"0,00";"-";"-";"-"
"13653514419";"02/09/2026 / 09:00:24";"WDOV26";"C";"2";"5.250,00";"executada";"entrada";"2";"5.189,50";"-";"-";"-"
"13653514411";"02/09/2026 / 09:00:06";"WINV26";"C";"3";"184.500,00";"executada";"entrada";"3";"182.055,00";"-";"-";"-"
"13653379113";"01/09/2026 / 09:07:15";"WDOV26";"C";"2";"0,00";"executada";"saída";"2";"5.230,50";"-7,00";"-0,13";"-140,00"
"13653374054";"01/09/2026 / 09:02:55";"WINV26";"V";"3";"181.335,00";"executada";"saída";"3";"181.335,00";"1.940,00";"1,08";"1.164,00"
"13653373345";"01/09/2026 / 09:00:50";"WDOV26";"C";"2";"5.216,50";"cancelada";"saída";"0";"0,00";"-";"-";"-"
"13653373277";"01/09/2026 / 08:58:32";"WDOV26";"V";"2";"5.150,00";"executada";"entrada";"2";"5.223,50";"-";"-";"-"
"13653373248";"01/09/2026 / 08:58:28";"WINV26";"C";"3";"182.000,00";"executada";"entrada";"3";"179.395,00";"-";"-";"-"
"13653256440";"31/08/2026 / 09:03:01";"WINV26";"V";"3";"180.070,00";"executada";"saída";"3";"180.070,00";"1.440,00";"0,81";"864,00"
"13653255680";"31/08/2026 / 09:00:58";"WDOV26";"C";"2";"5.211,50";"executada";"saída";"2";"5.211,50";"7,50";"0,14";"150,00"
"13653255466";"31/08/2026 / 08:58:19";"WDOV26";"V";"2";"5.150,00";"executada";"entrada";"2";"5.219,00";"-";"-";"-"
"13653255443";"31/08/2026 / 08:58:15";"WINV26";"C";"3";"179.500,00";"executada";"entrada";"3";"178.630,00";"-";"-";"-"
"13653080398";"28/08/2026 / 09:02:41";"WINV26";"V";"3";"178.815,00";"executada";"saída";"3";"178.815,00";"1.165,00";"0,66";"699,00"
"13653080095";"28/08/2026 / 09:01:04";"WDOU26";"C";"2";"0,00";"executada";"saída";"2";"5.168,00";"-4,50";"-0,09";"-90,00"
"13653079988";"28/08/2026 / 09:00:56";"WDOU26";"C";"2";"5.159,00";"cancelada";"saída";"0";"0,00";"-";"-";"-"
"13653079843";"28/08/2026 / 08:58:49";"WDOU26";"V";"2";"5.100,00";"executada";"entrada";"2";"5.163,50";"-";"-";"-"
"13653079812";"28/08/2026 / 08:58:44";"WINV26";"C";"3";"180.000,00";"executada";"entrada";"3";"177.650,00";"-";"-";"-"
"13652975221";"27/08/2026 / 09:06:07";"WINV26";"V";"3";"0,00";"executada";"saída";"3";"176.825,00";"-850,00";"-0,48";"-510,00"
"13652971296";"27/08/2026 / 09:03:16";"WINV26";"V";"3";"179.410,00";"cancelada";"saída";"0";"0,00";"-";"-";"-"
"13652970897";"27/08/2026 / 09:01:00";"WDOU26";"C";"2";"0,00";"executada";"saída";"2";"5.159,50";"-5,00";"-0,10";"-100,00"
"13652970669";"27/08/2026 / 09:00:35";"WDOU26";"C";"2";"5.150,00";"cancelada";"saída";"0";"0,00";"-";"-";"-"
"13652970558";"27/08/2026 / 08:58:43";"WDOU26";"V";"2";"5.100,00";"executada";"entrada";"2";"5.154,50";"-";"-";"-"
"13652970551";"27/08/2026 / 08:58:34";"WINV26";"C";"3";"180.000,00";"executada";"entrada";"3";"177.675,00";"-";"-";"-"
"13652897152";"26/08/2026 / 10:00:38";"WINV26";"V";"3";"0,00";"executada";"saída";"3";"177.310,00";"-700,00";"-0,39";"-420,00"
"13652867615";"26/08/2026 / 09:03:00";"WINV26";"V";"3";"179.640,00";"cancelada";"saída";"0";"0,00";"-";"-";"-"
"13652867336";"26/08/2026 / 09:01:17";"WDOU26";"C";"2";"0,00";"executada";"saída";"2";"5.155,00";"-4,50";"-0,09";"-90,00"
"13652867196";"26/08/2026 / 09:00:52";"WDOU26";"C";"2";"5.146,00";"cancelada";"saída";"0";"0,00";"-";"-";"-"
"13652867029";"26/08/2026 / 08:59:45";"WDOU26";"V";"2";"5.050,00";"executada";"entrada";"2";"5.150,50";"-";"-";"-"
"13652866987";"26/08/2026 / 08:59:23";"WINV26";"C";"3";"179.500,00";"executada";"entrada";"3";"178.010,00";"-";"-";"-"
"13652835077";"25/08/2026 / 12:38:10";"WINV26";"C";"3";"0,00";"executada";"saída";"3";"175.535,00";"-975,00";"-0,56";"-585,00"
"13652757776";"25/08/2026 / 09:00:45";"WDOU26";"V";"2";"5.164,50";"executada";"saída";"2";"5.164,50";"6,00";"0,12";"120,00"
"13652757205";"25/08/2026 / 09:00:33";"WINV26";"C";"3";"172.515,00";"cancelada";"saída";"0";"0,00";"-";"-";"-"
"13652757090";"25/08/2026 / 08:58:59";"WDOU26";"C";"2";"5.250,00";"executada";"entrada";"2";"5.158,50";"-";"-";"-"
"13652757036";"25/08/2026 / 08:58:48";"WINV26";"V";"3";"172.500,00";"executada";"entrada";"3";"174.560,00";"-";"-";"-"
"13652654262";"24/08/2026 / 09:30:07";"WDOU26";"V";"2";"0,00";"executada";"saída";"2";"5.149,00";"-6,50";"-0,13";"-130,00"
"13652652106";"24/08/2026 / 09:23:48";"WINV26";"C";"3";"0,00";"executada";"saída";"3";"172.315,00";"1.160,00";"0,67";"696,00"
"13652642437";"24/08/2026 / 09:00:55";"WDOU26";"V";"2";"5.162,00";"cancelada";"saída";"0";"0,00";"-";"-";"-"
"13652641823";"24/08/2026 / 09:00:45";"WINV26";"C";"3";"171.725,00";"cancelada";"saída";"0";"0,00";"-";"-";"-"
"13652641653";"24/08/2026 / 08:59:35";"WDOU26";"C";"2";"5.200,00";"executada";"entrada";"2";"5.155,50";"-";"-";"-"
"13652641627";"24/08/2026 / 08:59:25";"WINV26";"V";"3";"172.000,00";"executada";"entrada";"3";"173.475,00";"-";"-";"-"
"13652534606";"21/08/2026 / 09:14:48";"WINV26";"C";"3";"0,00";"executada";"saída";"3";"171.140,00";"1.105,00";"0,64";"663,00"
"13652525331";"21/08/2026 / 09:00:53";"WINV26";"C";"3";"170.585,00";"cancelada";"saída";"0";"0,00";"-";"-";"-"
"13652524985";"21/08/2026 / 09:00:39";"WDOU26";"V";"2";"5.183,50";"executada";"saída";"2";"5.183,50";"6,00";"0,12";"120,00"
"13652524698";"21/08/2026 / 08:58:11";"WDOU26";"C";"2";"5.300,00";"executada";"entrada";"2";"5.177,50";"-";"-";"-"
"13652524660";"21/08/2026 / 08:58:06";"WINV26";"V";"3";"169.000,00";"executada";"entrada";"3";"172.245,00";"-";"-";"-"
"13652304759";"19/08/2026 / 09:08:45";"WINV26";"C";"3";"0,00";"executada";"saída";"3";"170.300,00";"-670,00";"-0,40";"-402,00"
"13652302167";"19/08/2026 / 09:04:41";"WDOU26";"V";"2";"0,00";"executada";"saída";"2";"5.216,00";"-6,00";"-0,11";"-120,00"
"13652297404";"19/08/2026 / 09:00:52";"WDOU26";"V";"2";"5.229,00";"cancelada";"saída";"0";"0,00";"-";"-";"-"
"13652296615";"19/08/2026 / 09:00:34";"WINV26";"C";"3";"168.435,00";"cancelada";"saída";"0";"0,00";"-";"-";"-"
"13652296449";"19/08/2026 / 08:59:23";"WDOU26";"C";"2";"5.300,00";"executada";"entrada";"2";"5.222,00";"-";"-";"-"
"13652296442";"19/08/2026 / 08:59:14";"WINV26";"V";"3";"167.500,00";"executada";"entrada";"3";"169.630,00";"-";"-";"-"
"13652103973";"17/08/2026 / 09:03:07";"WINV26";"C";"3";"0,00";"executada";"saída";"3";"170.730,00";"-490,00";"-0,29";"-294,00"
"13652103497";"17/08/2026 / 09:03:02";"WINV26";"C";"3";"169.825,00";"cancelada";"saída";"0";"0,00";"-";"-";"-"
"13652103288";"17/08/2026 / 09:02:09";"WDOU26";"V";"2";"0,00";"executada";"saída";"2";"5.224,50";"-9,50";"-0,18";"-190,00"
"13652102919";"17/08/2026 / 09:00:55";"WDOU26";"V";"2";"5.243,50";"cancelada";"saída";"0";"0,00";"-";"-";"-"
"13652102697";"17/08/2026 / 08:59:55";"WDOU26";"C";"2";"5.350,00";"executada";"entrada";"2";"5.234,00";"-";"-";"-"
"13652102672";"17/08/2026 / 08:59:31";"WINV26";"V";"3";"168.000,00";"executada";"entrada";"3";"170.240,00";"-";"-";"-"
"13652006231";"14/08/2026 / 09:00:59";"WINV26";"C";"3";"170.700,00";"executada";"saída";"3";"170.700,00";"395,00";"0,23";"237,00"
"13652005913";"14/08/2026 / 09:00:51";"WDOU26";"V";"2";"5.199,00";"executada";"saída";"2";"5.199,00";"6,00";"0,12";"120,00"
"13652005738";"14/08/2026 / 08:59:27";"WDOU26";"C";"2";"5.250,00";"executada";"entrada";"2";"5.193,00";"-";"-";"-"
"13652005718";"14/08/2026 / 08:59:22";"WINV26";"V";"3";"169.000,00";"executada";"entrada";"3";"171.095,00";"-";"-";"-"
"13651821020";"12/08/2026 / 09:00:56";"WDOU26";"V";"2";"5.181,50";"executada";"saída";"2";"5.181,50";"7,00";"0,14";"140,00"
"13651820322";"12/08/2026 / 09:00:47";"WINV26";"C";"3";"171.090,00";"executada";"saída";"3";"171.090,00";"1.165,00";"0,68";"699,00"
"13651820132";"12/08/2026 / 09:00:04";"WDOU26";"C";"2";"5.250,00";"executada";"entrada";"2";"5.174,50";"-";"-";"-"
"13651820096";"12/08/2026 / 08:59:59";"WINV26";"V";"3";"170.000,00";"executada";"entrada";"3";"172.255,00";"-";"-";"-"
"13651768854";"11/08/2026 / 10:31:54";"WINQ26";"C";"3";"0,00";"executada";"saída";"3";"171.510,00";"810,00";"0,47";"486,00"
"13651739762";"11/08/2026 / 09:03:03";"WINQ26";"C";"3";"171.360,00";"cancelada";"saída";"0";"0,00";"-";"-";"-"
"13651739413";"11/08/2026 / 09:00:47";"WDOU26";"V";"2";"5.135,00";"executada";"saída";"2";"5.135,00";"4,50";"0,09";"90,00"
"13651739227";"11/08/2026 / 08:59:13";"WDOU26";"C";"2";"5.200,00";"executada";"entrada";"2";"5.130,50";"-";"-";"-"
"13651739172";"11/08/2026 / 08:59:08";"WINQ26";"V";"3";"170.000,00";"executada";"entrada";"3";"172.320,00";"-";"-";"-"
"13651665158";"10/08/2026 / 09:19:57";"WDOU26";"C";"2";"0,00";"executada";"saída";"2";"5.119,00";"-9,50";"-0,19";"-190,00"
"13651656197";"10/08/2026 / 09:03:19";"WINQ26";"C";"3";"0,00";"executada";"saída";"3";"173.550,00";"-530,00";"-0,31";"-318,00"
"13651655261";"10/08/2026 / 09:02:56";"WINQ26";"C";"3";"171.650,00";"cancelada";"saída";"0";"0,00";"-";"-";"-"
"13651654966";"10/08/2026 / 09:00:50";"WDOU26";"C";"2";"5.096,50";"cancelada";"saída";"0";"0,00";"-";"-";"-"
"13651654904";"10/08/2026 / 09:00:07";"WDOU26";"V";"2";"5.000,00";"executada";"entrada";"2";"5.109,50";"-";"-";"-"
"13651654839";"10/08/2026 / 08:59:41";"WINQ26";"V";"3";"170.000,00";"executada";"entrada";"3";"173.020,00";"-";"-";"-"
"13651583921";"07/08/2026 / 09:30:07";"WDOU26";"V";"2";"0,00";"executada";"saída";"2";"5.118,00";"-5,50";"-0,11";"-110,00"
"13651582581";"07/08/2026 / 09:27:25";"WDOU26";"C";"2";"0,00";"executada";"saída";"2";"5.129,50";"-0,50";"-0,01";"-10,00"
"13651572090";"07/08/2026 / 09:03:08";"WINQ26";"V";"3";"176.805,00";"executada";"saída";"3";"176.805,00";"380,00";"0,22";"228,00"
"13651571482";"07/08/2026 / 09:00:58";"WDOU26";"C";"2";"5.123,50";"executada";"saída";"2";"5.123,50";"-";"-";"-"
"13651571219";"07/08/2026 / 08:59:02";"WDOU26";"V";"2";"5.050,00";"executada";"entrada";"2";"5.129,00";"-";"-";"-"
"13651571209";"07/08/2026 / 08:58:58";"WINQ26";"C";"3";"178.000,00";"executada";"entrada";"3";"176.425,00";"-";"-";"-"
"13651473445";"06/08/2026 / 09:02:54";"WINQ26";"V";"3";"0,00";"executada";"saída";"3";"177.800,00";"-605,00";"-0,34";"-363,00"
"13651473006";"06/08/2026 / 09:02:49";"WINQ26";"V";"3";"178.845,00";"cancelada";"saída";"0";"0,00";"-";"-";"-"
"13651472386";"06/08/2026 / 09:00:44";"WDOU26";"C";"2";"5.144,00";"executada";"saída";"2";"5.144,00";"7,50";"0,15";"150,00"
"13651472296";"06/08/2026 / 09:00:15";"WDOU26";"V";"2";"5.000,00";"executada";"entrada";"2";"5.151,50";"-";"-";"-"
"13651472272";"06/08/2026 / 09:00:12";"WINQ26";"C";"3";"180.500,00";"executada";"entrada";"3";"178.405,00";"-";"-";"-"
"13651367181";"05/08/2026 / 09:03:05";"WINQ26";"V";"3";"179.500,00";"executada";"saída";"3";"179.500,00";"505,00";"0,28";"303,00"
"13651366513";"05/08/2026 / 09:00:51";"WDOU26";"C";"2";"5.140,00";"executada";"saída";"2";"5.140,00";"6,50";"0,13";"130,00"
"13651366299";"05/08/2026 / 08:58:19";"WDOU26";"V";"2";"5.100,00";"executada";"entrada";"2";"5.146,50";"-";"-";"-"
"13651366242";"05/08/2026 / 08:58:14";"WINQ26";"C";"3";"180.000,00";"executada";"entrada";"3";"178.995,00";"-";"-";"-"
"13651271717";"04/08/2026 / 09:09:45";"WDOU26";"C";"2";"0,00";"executada";"saída";"2";"5.114,50";"-6,50";"-0,13";"-130,00"
"13651265822";"04/08/2026 / 09:02:58";"WINQ26";"V";"3";"0,00";"executada";"saída";"3";"179.051,67";"-178,33";"-0,10";"-107,00"
"13651265488";"04/08/2026 / 09:02:50";"WINQ26";"V";"3";"179.575,00";"cancelada";"saída";"0";"0,00";"-";"-";"-"
"13651264842";"04/08/2026 / 09:00:57";"WDOU26";"C";"2";"5.101,50";"cancelada";"saída";"0";"0,00";"-";"-";"-"
"13651264673";"04/08/2026 / 08:58:11";"WDOU26";"V";"2";"5.050,00";"executada";"entrada";"2";"5.108,00";"-";"-";"-"
"13651264644";"04/08/2026 / 08:58:07";"WINQ26";"C";"3";"180.500,00";"executada";"entrada";"3";"179.230,00";"-";"-";"-"
"13651130066";"03/08/2026 / 09:03:29";"WINQ26";"V";"3";"0,00";"executada";"saída";"3";"179.315,00";"-280,00";"-0,16";"-168,00"
"13651129684";"03/08/2026 / 09:03:05";"WINQ26";"V";"3";"180.050,00";"cancelada";"saída";"0";"0,00";"-";"-";"-"
"13651129004";"03/08/2026 / 09:01:00";"WDOU26";"C";"2";"5.100,50";"executada";"saída";"2";"5.100,50";"6,00";"0,12";"120,00"
"13651128859";"03/08/2026 / 08:59:20";"WDOU26";"V";"2";"5.050,00";"executada";"entrada";"2";"5.106,50";"-";"-";"-"
"13651128826";"03/08/2026 / 08:59:17";"WINQ26";"C";"3";"181.000,00";"executada";"entrada";"3";"179.595,00";"-";"-";"-"
"13650988070";"30/07/2026 / 09:01:04";"WINQ26";"V";"3";"0,00";"executada";"saída";"3";"175.425,00";"425,00";"0,24";"255,00"
"13650987637";"30/07/2026 / 09:00:58";"WINQ26";"V";"3";"175.440,00";"cancelada";"saída";"0";"0,00";"-";"-";"-"
"13650987453";"30/07/2026 / 09:00:57";"WDOQ26";"C";"2";"5.099,50";"executada";"saída";"2";"5.099,50";"7,50";"0,15";"150,00"
"13650987158";"30/07/2026 / 08:58:47";"WDOQ26";"V";"2";"5.050,00";"executada";"entrada";"2";"5.107,00";"-";"-";"-"
"13650987120";"30/07/2026 / 08:58:40";"WINQ26";"C";"3";"176.000,00";"executada";"entrada";"3";"175.000,00";"-";"-";"-"
"13650891504";"29/07/2026 / 09:00:54";"WINQ26";"V";"3";"178.530,00";"executada";"saída";"3";"178.530,00";"540,00";"0,30";"324,00"
"13650891338";"29/07/2026 / 09:00:54";"WDOQ26";"C";"2";"5.124,00";"executada";"saída";"2";"5.124,00";"4,00";"0,08";"80,00"
"13650891181";"29/07/2026 / 08:59:50";"WDOQ26";"V";"2";"5.050,00";"executada";"entrada";"2";"5.128,00";"-";"-";"-"
"13650891130";"29/07/2026 / 08:59:39";"WINQ26";"C";"3";"179.000,00";"executada";"entrada";"3";"177.990,00";"-";"-";"-"
"13650803634";"28/07/2026 / 09:03:42";"WDOQ26";"C";"2";"0,00";"executada";"saída";"2";"5.124,50";"-2,50";"-0,05";"-50,00"
"13650801691";"28/07/2026 / 09:01:03";"WINQ26";"C";"3";"0,00";"executada";"saída";"3";"177.448,33";"-443,33";"-0,25";"-266,00"
"13650801250";"28/07/2026 / 09:00:52";"WINQ26";"C";"3";"176.640,00";"cancelada";"saída";"0";"0,00";"-";"-";"-"
"13650801179";"28/07/2026 / 09:00:52";"WDOQ26";"C";"2";"5.117,00";"cancelada";"saída";"0";"0,00";"-";"-";"-"
"13650800835";"28/07/2026 / 09:00:22";"WDOQ26";"V";"2";"5.000,00";"executada";"entrada";"2";"5.122,00";"-";"-";"-"
"13650800795";"28/07/2026 / 09:00:09";"WINQ26";"V";"3";"174.000,00";"executada";"entrada";"3";"177.005,00";"-";"-";"-"
"13650716537";"27/07/2026 / 09:10:19";"WDOQ26";"C";"2";"0,00";"executada";"saída";"2";"5.091,00";"-6,50";"-0,13";"-130,00"
"13650712490";"27/07/2026 / 09:03:43";"WINQ26";"C";"3";"0,00";"executada";"saída";"3";"176.025,00";"-590,00";"-0,34";"-354,00"
"13650711946";"27/07/2026 / 09:03:28";"WINQ26";"C";"3";"175.065,00";"cancelada";"saída";"0";"0,00";"-";"-";"-"
"13650711315";"27/07/2026 / 09:00:51";"WDOQ26";"C";"2";"5.078,50";"cancelada";"saída";"0";"0,00";"-";"-";"-"
"13650711091";"27/07/2026 / 08:58:32";"WDOQ26";"V";"2";"5.000,00";"executada";"entrada";"2";"5.084,50";"-";"-";"-"
"13650711049";"27/07/2026 / 08:58:26";"WINQ26";"V";"3";"172.000,00";"executada";"entrada";"3";"175.435,00";"-";"-";"-"
"13650621147";"24/07/2026 / 09:03:49";"WINQ26";"C";"3";"177.495,00";"executada";"saída";"3";"177.495,00";"360,00";"0,20";"216,00"
"13650620570";"24/07/2026 / 09:00:58";"WDOQ26";"C";"2";"5.079,00";"executada";"saída";"2";"5.079,00";"6,00";"0,12";"120,00"
"13650620265";"24/07/2026 / 08:58:34";"WDOQ26";"V";"2";"5.000,00";"executada";"entrada";"2";"5.085,00";"-";"-";"-"
"13650620227";"24/07/2026 / 08:58:31";"WINQ26";"V";"3";"176.000,00";"executada";"entrada";"3";"177.855,00";"-";"-";"-"
"13650526401";"23/07/2026 / 09:02:39";"WINQ26";"C";"3";"177.925,00";"executada";"saída";"3";"177.925,00";"470,00";"0,26";"282,00"
"13650525546";"23/07/2026 / 09:00:48";"WDOQ26";"C";"2";"5.082,00";"executada";"saída";"2";"5.082,00";"4,50";"0,09";"90,00"
"13650525061";"23/07/2026 / 08:58:52";"WDOQ26";"V";"2";"5.000,00";"executada";"entrada";"2";"5.086,50";"-";"-";"-"
"13650524993";"23/07/2026 / 08:58:46";"WINQ26";"V";"3";"176.000,00";"executada";"entrada";"3";"178.395,00";"-";"-";"-"
"13650441202";"22/07/2026 / 09:03:16";"WINQ26";"C";"3";"0,00";"executada";"saída";"3";"174.655,00";"-410,00";"-0,24";"-246,00"
"13650440732";"22/07/2026 / 09:03:10";"WINQ26";"C";"3";"173.945,00";"cancelada";"saída";"0";"0,00";"-";"-";"-"
"13650440568";"22/07/2026 / 09:02:38";"WDOQ26";"C";"2";"0,00";"executada";"saída";"2";"5.094,00";"-4,50";"-0,09";"-90,00"
"13650440315";"22/07/2026 / 09:00:59";"WDOQ26";"C";"2";"5.085,00";"cancelada";"saída";"0";"0,00";"-";"-";"-"
"13650440092";"22/07/2026 / 08:58:34";"WDOQ26";"V";"2";"5.000,00";"executada";"entrada";"2";"5.089,50";"-";"-";"-"
"13650440084";"22/07/2026 / 08:58:28";"WINQ26";"V";"3";"172.000,00";"executada";"entrada";"3";"174.245,00";"-";"-";"-"
"13650359498";"21/07/2026 / 09:02:54";"WINQ26";"V";"3";"0,00";"executada";"saída";"3";"174.890,00";"-360,00";"-0,21";"-216,00"
"13650358261";"21/07/2026 / 09:00:56";"WDOQ26";"C";"2";"5.089,50";"executada";"saída";"2";"5.089,50";"5,00";"0,10";"100,00"
"13650357208";"21/07/2026 / 08:58:38";"WDOQ26";"V";"2";"5.050,00";"executada";"entrada";"2";"5.094,50";"-";"-";"-"
"13650357163";"21/07/2026 / 08:58:34";"WINQ26";"C";"3";"177.000,00";"executada";"entrada";"3";"175.250,00";"-";"-";"-"
"13650258398";"20/07/2026 / 09:02:51";"WINQ26";"V";"3";"0,00";"executada";"saída";"3";"175.088,33";"-496,67";"-0,28";"-298,00"
"13650258103";"20/07/2026 / 09:02:47";"WINQ26";"V";"3";"175.890,00";"cancelada";"saída";"0";"0,00";"-";"-";"-"
"13650257911";"20/07/2026 / 09:02:39";"WDOQ26";"C";"2";"0,00";"executada";"saída";"2";"5.126,50";"-5,00";"-0,10";"-100,00"
"13650257505";"20/07/2026 / 09:00:50";"WDOQ26";"C";"2";"5.116,50";"cancelada";"saída";"0";"0,00";"-";"-";"-"
"13650257296";"20/07/2026 / 08:59:10";"WDOQ26";"V";"2";"5.050,00";"executada";"entrada";"2";"5.121,50";"-";"-";"-"
"13650257266";"20/07/2026 / 08:59:01";"WINQ26";"C";"3";"178.000,00";"executada";"entrada";"3";"175.585,00";"-";"-";"-"
"13650170188";"17/07/2026 / 09:03:07";"WINQ26";"V";"3";"174.960,00";"executada";"saída";"3";"174.960,00";"405,00";"0,23";"243,00"
"13650169498";"17/07/2026 / 09:00:59";"WDOQ26";"C";"2";"5.125,50";"executada";"saída";"2";"5.125,50";"7,00";"0,14";"140,00"
"13650169242";"17/07/2026 / 08:58:35";"WDOQ26";"V";"2";"5.000,00";"executada";"entrada";"2";"5.132,50";"-";"-";"-"
"13650169200";"17/07/2026 / 08:58:24";"WINQ26";"C";"3";"177.500,00";"executada";"entrada";"3";"174.555,00";"-";"-";"-"
"13650080188";"16/07/2026 / 09:02:34";"WINQ26";"V";"3";"177.850,00";"executada";"saída";"3";"177.850,00";"340,00";"0,19";"204,00"
"13650079083";"16/07/2026 / 09:00:53";"WDOQ26";"C";"2";"5.109,00";"executada";"saída";"2";"5.109,00";"5,50";"0,11";"110,00"
"13650078930";"16/07/2026 / 08:59:16";"WDOQ26";"V";"2";"5.000,00";"executada";"entrada";"2";"5.114,50";"-";"-";"-"
"13650078885";"16/07/2026 / 08:59:08";"WINQ26";"C";"3";"179.000,00";"executada";"entrada";"3";"177.510,00";"-";"-";"-"
"13649992453";"15/07/2026 / 09:06:54";"WDOQ26";"C";"2";"0,00";"executada";"saída";"2";"5.104,00";"-7,50";"-0,15";"-150,00"
"13649990177";"15/07/2026 / 09:02:57";"WINQ26";"V";"3";"0,00";"executada";"saída";"3";"177.840,00";"-215,00";"-0,12";"-129,00"
"13649989791";"15/07/2026 / 09:02:43";"WINQ26";"V";"3";"178.385,00";"cancelada";"saída";"0";"0,00";"-";"-";"-"
"13649989236";"15/07/2026 / 09:00:46";"WDOQ26";"C";"2";"5.088,50";"cancelada";"saída";"0";"0,00";"-";"-";"-"
"13649989082";"15/07/2026 / 08:58:39";"WDOQ26";"V";"2";"5.000,00";"executada";"entrada";"2";"5.096,50";"-";"-";"-"
"13649989024";"15/07/2026 / 08:58:34";"WINQ26";"C";"3";"180.000,00";"executada";"entrada";"3";"178.055,00";"-";"-";"-"
"13649894437";"14/07/2026 / 09:06:35";"WINQ26";"V";"3";"0,00";"executada";"saída";"3";"177.805,00";"-340,00";"-0,19";"-204,00"
"13649891828";"14/07/2026 / 09:02:55";"WINQ26";"V";"3";"178.530,00";"cancelada";"saída";"0";"0,00";"-";"-";"-"
"13649891023";"14/07/2026 / 09:00:54";"WDOQ26";"C";"2";"5.144,50";"executada";"saída";"2";"5.144,50";"5,00";"0,10";"100,00"
"13649890911";"14/07/2026 / 08:58:28";"WDOQ26";"V";"2";"5.050,00";"executada";"entrada";"2";"5.149,50";"-";"-";"-"
"13649890828";"14/07/2026 / 08:58:25";"WINQ26";"C";"3";"179.000,00";"executada";"entrada";"3";"178.145,00";"-";"-";"-"
"13649796838";"13/07/2026 / 09:03:11";"WINQ26";"V";"3";"180.220,00";"executada";"saída";"3";"180.220,00";"545,00";"0,30";"327,00"
"13649796450";"13/07/2026 / 09:01:03";"WDOQ26";"C";"2";"0,00";"executada";"saída";"2";"5.142,00";"-5,00";"-0,10";"-100,00"
"13649796213";"13/07/2026 / 09:00:48";"WDOQ26";"C";"2";"5.131,00";"cancelada";"saída";"0";"0,00";"-";"-";"-"
"13649795958";"13/07/2026 / 08:59:32";"WDOQ26";"V";"2";"5.050,00";"executada";"entrada";"2";"5.137,00";"-";"-";"-"
"13649795913";"13/07/2026 / 08:59:16";"WINQ26";"C";"3";"182.000,00";"executada";"entrada";"3";"179.675,00";"-";"-";"-"
"13649708334";"10/07/2026 / 09:01:22";"WINQ26";"C";"3";"0,00";"executada";"saída";"3";"176.375,00";"-480,00";"-0,27";"-288,00"
"13649707857";"10/07/2026 / 09:00:57";"WINQ26";"C";"3";"175.505,00";"cancelada";"saída";"0";"0,00";"-";"-";"-"
"13649707364";"10/07/2026 / 09:00:51";"WDOQ26";"C";"2";"5.137,00";"executada";"saída";"2";"5.137,00";"5,50";"0,11";"110,00"
"13649707281";"10/07/2026 / 08:58:53";"WDOQ26";"V";"2";"5.050,00";"executada";"entrada";"2";"5.142,50";"-";"-";"-"
"13649707227";"10/07/2026 / 08:58:46";"WINQ26";"V";"3";"173.000,00";"executada";"entrada";"3";"175.895,00";"-";"-";"-"
"13649621285";"09/07/2026 / 09:08:47";"WDOQ26";"V";"2";"0,00";"executada";"saída";"2";"5.174,50";"-5,00";"-0,10";"-100,00"
"13649615071";"09/07/2026 / 09:00:55";"WINQ26";"C";"3";"172.700,00";"executada";"saída";"3";"172.700,00";"320,00";"0,18";"192,00"
"13649614852";"09/07/2026 / 09:00:47";"WDOQ26";"V";"2";"5.184,50";"cancelada";"saída";"0";"0,00";"-";"-";"-"
"13649614752";"09/07/2026 / 08:59:20";"WDOQ26";"C";"2";"5.250,00";"executada";"entrada";"2";"5.179,50";"-";"-";"-"
"13649614685";"09/07/2026 / 08:59:13";"WINQ26";"V";"3";"170.000,00";"executada";"entrada";"3";"173.020,00";"-";"-";"-"
"13649514716";"08/07/2026 / 09:02:41";"WDOQ26";"V";"2";"0,00";"executada";"saída";"2";"5.204,00";"-6,00";"-0,12";"-120,00"
"13649513511";"08/07/2026 / 09:01:00";"WINQ26";"V";"3";"172.665,00";"executada";"saída";"3";"172.665,00";"430,00";"0,25";"258,00"
"13649512973";"08/07/2026 / 09:00:57";"WDOQ26";"V";"2";"5.216,00";"cancelada";"saída";"0";"0,00";"-";"-";"-"
"13649512691";"08/07/2026 / 08:58:48";"WDOQ26";"C";"2";"5.250,00";"executada";"entrada";"2";"5.210,00";"-";"-";"-"
"13649512656";"08/07/2026 / 08:58:45";"WINQ26";"C";"3";"175.500,00";"executada";"entrada";"3";"172.235,00";"-";"-";"-"
"13649415134";"07/07/2026 / 09:03:10";"WINQ26";"V";"3";"174.760,00";"executada";"saída";"3";"174.760,00";"385,00";"0,22";"231,00"
"13649414301";"07/07/2026 / 09:00:53";"WDOQ26";"V";"2";"5.171,50";"executada";"saída";"2";"5.171,50";"6,00";"0,12";"120,00"
"13649414222";"07/07/2026 / 08:58:33";"WDOQ26";"C";"2";"5.250,00";"executada";"entrada";"2";"5.165,50";"-";"-";"-"
"13649414156";"07/07/2026 / 08:58:26";"WINQ26";"C";"3";"176.500,00";"executada";"entrada";"3";"174.375,00";"-";"-";"-"
"13649333554";"06/07/2026 / 09:02:01";"WINQ26";"V";"3";"0,00";"executada";"saída";"3";"176.035,00";"-570,00";"-0,32";"-342,00"
"13649331037";"06/07/2026 / 09:00:54";"WINQ26";"V";"3";"177.030,00";"cancelada";"saída";"0";"0,00";"-";"-";"-"
"13649330658";"06/07/2026 / 09:00:49";"WDOQ26";"V";"2";"5.215,50";"executada";"saída";"2";"5.215,50";"7,00";"0,13";"140,00"
"13649330578";"06/07/2026 / 08:59:01";"WDOQ26";"C";"2";"5.250,00";"executada";"entrada";"2";"5.208,50";"-";"-";"-"
"13649330557";"06/07/2026 / 08:58:52";"WINQ26";"C";"3";"179.000,00";"executada";"entrada";"3";"176.605,00";"-";"-";"-"
"13649265984";"03/07/2026 / 09:23:07";"WDOQ26";"V";"2";"0,00";"executada";"saída";"2";"5.224,00";"-12,00";"-0,23";"-240,00"
"13649256723";"03/07/2026 / 09:02:55";"WINQ26";"V";"3";"176.340,00";"executada";"saída";"3";"176.340,00";"610,00";"0,35";"366,00"
"13649255955";"03/07/2026 / 09:00:52";"WDOQ26";"V";"2";"5.248,50";"cancelada";"saída";"0";"0,00";"-";"-";"-"
"13649255802";"03/07/2026 / 08:59:09";"WDOQ26";"C";"2";"5.300,00";"executada";"entrada";"2";"5.236,00";"-";"-";"-"
"13649255744";"03/07/2026 / 08:59:05";"WINQ26";"C";"3";"177.000,00";"executada";"entrada";"3";"175.730,00";"-";"-";"-"
"13649136817";"02/07/2026 / 09:01:14";"WINQ26";"V";"3";"0,00";"executada";"saída";"3";"173.940,00";"-625,00";"-0,36";"-375,00"
"13649135662";"02/07/2026 / 09:00:48";"WINQ26";"V";"3";"175.070,00";"cancelada";"saída";"0";"0,00";"-";"-";"-"
"13649135637";"02/07/2026 / 09:00:48";"WDOQ26";"V";"2";"5.243,00";"executada";"saída";"2";"5.243,00";"8,00";"0,15";"160,00"
"13649135454";"02/07/2026 / 08:58:55";"WDOQ26";"C";"2";"5.300,00";"executada";"entrada";"2";"5.235,00";"-";"-";"-"
"13649135400";"02/07/2026 / 08:58:48";"WINQ26";"C";"3";"176.000,00";"executada";"entrada";"3";"174.565,00";"-";"-";"-"
"13649029237";"01/07/2026 / 09:02:28";"WINQ26";"V";"3";"0,00";"executada";"saída";"3";"173.625,00";"-385,00";"-0,22";"-231,00"
"13649028140";"01/07/2026 / 09:01:01";"WINQ26";"V";"3";"174.445,00";"cancelada";"saída";"0";"0,00";"-";"-";"-"
"13649027393";"01/07/2026 / 09:00:48";"WDOQ26";"V";"2";"5.215,00";"executada";"saída";"2";"5.215,00";"6,50";"0,12";"130,00"
"13649027196";"01/07/2026 / 08:59:24";"WDOQ26";"C";"2";"5.250,00";"executada";"entrada";"2";"5.208,50";"-";"-";"-"
"13649027160";"01/07/2026 / 08:59:17";"WINQ26";"C";"3";"176.500,00";"executada";"entrada";"3";"174.010,00";"-";"-";"-"
"13648918172";"30/06/2026 / 09:03:20";"WINQ26";"V";"3";"0,00";"executada";"saída";"3";"175.685,00";"-230,00";"-0,13";"-138,00"
"13648917673";"30/06/2026 / 09:03:09";"WINQ26";"V";"3";"176.245,00";"cancelada";"saída";"0";"0,00";"-";"-";"-"
"13648917203";"30/06/2026 / 09:00:48";"WDOQ26";"V";"2";"5.219,00";"executada";"saída";"2";"5.219,00";"7,00";"0,13";"140,00"
"13648917134";"30/06/2026 / 08:59:29";"WDOQ26";"C";"2";"5.300,00";"executada";"entrada";"2";"5.212,00";"-";"-";"-"
"13648917057";"30/06/2026 / 08:59:25";"WINQ26";"C";"3";"178.500,00";"executada";"entrada";"3";"175.915,00";"-";"-";"-"
"13648830912";"29/06/2026 / 09:03:20";"WINQ26";"V";"3";"0,00";"executada";"saída";"3";"176.600,00";"-605,00";"-0,34";"-363,00"
"13648829943";"29/06/2026 / 09:02:58";"WINQ26";"V";"3";"177.585,00";"cancelada";"saída";"0";"0,00";"-";"-";"-"
"13648829440";"29/06/2026 / 09:01:26";"WDON26";"V";"2";"0,00";"executada";"saída";"2";"5.161,50";"-7,00";"-0,14";"-140,00"
"13648828951";"29/06/2026 / 09:00:48";"WDON26";"V";"2";"5.174,50";"cancelada";"saída";"0";"0,00";"-";"-";"-"
"13648828730";"29/06/2026 / 08:59:08";"WDON26";"C";"2";"5.250,00";"executada";"entrada";"2";"5.168,50";"-";"-";"-"
"13648828664";"29/06/2026 / 08:58:59";"WINQ26";"C";"3";"178.500,00";"executada";"entrada";"3";"177.205,00";"-";"-";"-"
"13648546831";"25/06/2026 / 09:03:27";"WINQ26";"C";"3";"0,00";"executada";"saída";"3";"174.755,00";"-450,00";"-0,26";"-270,00"
"13648546174";"25/06/2026 / 09:03:08";"WINQ26";"C";"3";"173.805,00";"cancelada";"saída";"0";"0,00";"-";"-";"-"
"13648545031";"25/06/2026 / 09:00:49";"WDON26";"V";"2";"5.214,00";"executada";"saída";"2";"5.214,00";"7,50";"0,14";"150,00"
"13648544850";"25/06/2026 / 08:58:58";"WDON26";"C";"2";"5.250,00";"executada";"entrada";"2";"5.206,50";"-";"-";"-"
"13648544786";"25/06/2026 / 08:58:54";"WINQ26";"V";"3";"172.500,00";"executada";"entrada";"3";"174.305,00";"-";"-";"-"
"13648408269";"24/06/2026 / 09:03:18";"WINQ26";"C";"3";"174.000,00";"executada";"saída";"3";"174.000,00";"495,00";"0,28";"297,00"
"13648407260";"24/06/2026 / 09:00:47";"WDON26";"V";"2";"5.208,50";"executada";"saída";"2";"5.208,50";"7,50";"0,14";"150,00"
"13648407086";"24/06/2026 / 08:59:12";"WDON26";"C";"2";"5.250,00";"executada";"entrada";"2";"5.201,00";"-";"-";"-"
"13648407038";"24/06/2026 / 08:59:06";"WINQ26";"V";"3";"172.500,00";"executada";"entrada";"3";"174.495,00";"-";"-";"-"
"13648285255";"23/06/2026 / 09:03:05";"WINQ26";"C";"3";"171.675,00";"executada";"saída";"3";"171.675,00";"525,00";"0,30";"315,00"
"13648284837";"23/06/2026 / 09:02:50";"WDON26";"V";"2";"0,00";"executada";"saída";"2";"5.180,00";"-7,00";"-0,14";"-140,00"
"13648283901";"23/06/2026 / 09:00:59";"WDON26";"V";"2";"5.193,50";"cancelada";"saída";"0";"0,00";"-";"-";"-"
"13648283708";"23/06/2026 / 08:59:15";"WDON26";"C";"2";"5.220,00";"executada";"entrada";"2";"5.187,00";"-";"-";"-"
"13648283622";"23/06/2026 / 08:59:09";"WINQ26";"V";"3";"171.000,00";"executada";"entrada";"3";"172.200,00";"-";"-";"-"
"13648178149";"22/06/2026 / 09:11:51";"WDON26";"V";"2";"0,00";"executada";"saída";"2";"5.160,50";"-6,50";"-0,13";"-130,00"
"13648171305";"22/06/2026 / 09:01:04";"WDON26";"V";"2";"5.174,00";"cancelada";"saída";"0";"0,00";"-";"-";"-"
"13648170674";"22/06/2026 / 09:00:52";"WINQ26";"C";"3";"171.205,00";"executada";"saída";"3";"171.205,00";"380,00";"0,22";"228,00"
"13648170607";"22/06/2026 / 08:58:55";"WDON26";"C";"2";"5.200,00";"executada";"entrada";"2";"5.167,00";"-";"-";"-"
"13648170546";"22/06/2026 / 08:58:50";"WINQ26";"V";"3";"170.000,00";"executada";"entrada";"3";"171.585,00";"-";"-";"-"
"13648095244";"19/06/2026 / 09:51:21";"WDON26";"V";"2";"0,00";"executada";"saída";"2";"5.161,00";"-11,50";"-0,22";"-230,00"
"13648079535";"19/06/2026 / 09:03:22";"WINQ26";"C";"3";"171.270,00";"executada";"saída";"3";"171.270,00";"425,00";"0,25";"255,00"
"13648079195";"19/06/2026 / 09:00:56";"WDON26";"V";"2";"5.184,00";"cancelada";"saída";"0";"0,00";"-";"-";"-"
"13648078974";"19/06/2026 / 08:58:48";"WDON26";"C";"2";"5.250,00";"executada";"entrada";"2";"5.172,50";"-";"-";"-"
"13648078908";"19/06/2026 / 08:58:45";"WINQ26";"V";"3";"170.000,00";"executada";"entrada";"3";"171.695,00";"-";"-";"-"
"13647957305";"18/06/2026 / 09:03:04";"WINQ26";"C";"3";"171.255,00";"executada";"saída";"3";"171.255,00";"540,00";"0,31";"324,00"
"13647955965";"18/06/2026 / 09:00:52";"WDON26";"V";"2";"5.160,00";"executada";"saída";"2";"5.160,00";"10,50";"0,20";"210,00"
"13647955748";"18/06/2026 / 08:59:28";"WDON26";"C";"2";"5.220,00";"executada";"entrada";"2";"5.149,50";"-";"-";"-"
"13647955735";"18/06/2026 / 08:59:18";"WINQ26";"V";"3";"170.000,00";"executada";"entrada";"3";"171.795,00";"-";"-";"-"
"13647817661";"17/06/2026 / 09:02:57";"WINQ26";"C";"3";"172.435,00";"executada";"saída";"3";"172.435,00";"380,00";"0,22";"228,00"
"13647817275";"17/06/2026 / 09:00:49";"WDON26";"C";"2";"5.105,50";"executada";"saída";"2";"5.105,50";"7,00";"0,14";"140,00"
"13647817087";"17/06/2026 / 08:59:09";"WDON26";"V";"2";"5.000,00";"executada";"entrada";"2";"5.112,50";"-";"-";"-"
"13647817041";"17/06/2026 / 08:59:03";"WINQ26";"V";"3";"171.000,00";"executada";"entrada";"3";"172.815,00";"-";"-";"-"
"13647707259";"16/06/2026 / 09:01:40";"WDON26";"C";"2";"0,00";"executada";"saída";"2";"5.072,50";"-6,50";"-0,13";"-130,00"
"13647705455";"16/06/2026 / 09:01:01";"WINM26";"C";"3";"170.445,00";"executada";"saída";"3";"170.445,00";"525,00";"0,31";"315,00"
"13647704840";"16/06/2026 / 09:00:46";"WDON26";"C";"2";"5.059,00";"cancelada";"saída";"0";"0,00";"-";"-";"-"
"13647704640";"16/06/2026 / 08:58:28";"WDON26";"V";"2";"5.000,00";"executada";"entrada";"2";"5.066,00";"-";"-";"-"
"13647704589";"16/06/2026 / 08:58:20";"WINM26";"V";"3";"169.000,00";"executada";"entrada";"3";"170.970,00";"-";"-";"-"
"13647603816";"15/06/2026 / 09:01:05";"WDON26";"V";"2";"5.064,50";"executada";"saída";"2";"5.064,50";"8,50";"0,17";"170,00"
"13647603399";"15/06/2026 / 09:00:58";"WINM26";"C";"3";"0,00";"executada";"saída";"3";"172.493,33";"-798,33";"-0,47";"-479,00"
"13647602607";"15/06/2026 / 09:00:49";"WINM26";"C";"3";"171.080,00";"cancelada";"saída";"0";"0,00";"-";"-";"-"
"13647602254";"15/06/2026 / 08:59:18";"WDON26";"C";"2";"5.150,00";"executada";"entrada";"2";"5.056,00";"-";"-";"-"
"13647602219";"15/06/2026 / 08:59:05";"WINM26";"V";"3";"169.000,00";"executada";"entrada";"3";"171.695,00";"-";"-";"-"
"13647403904";"12/06/2026 / 09:03:23";"WINM26";"C";"3";"171.340,00";"executada";"saída";"3";"171.340,00";"550,00";"0,32";"330,00"
"13647403533";"12/06/2026 / 09:00:50";"WDON26";"V";"2";"5.129,50";"executada";"saída";"2";"5.129,50";"11,00";"0,21";"220,00"
"13647403416";"12/06/2026 / 08:59:16";"WDON26";"C";"2";"5.200,00";"executada";"entrada";"2";"5.118,50";"-";"-";"-"
"13647403352";"12/06/2026 / 08:59:10";"WINM26";"V";"3";"169.000,00";"executada";"entrada";"3";"171.890,00";"-";"-";"-"
"13647249035";"11/06/2026 / 09:05:13";"WDON26";"V";"2";"0,00";"executada";"saída";"2";"5.187,50";"-9,50";"-0,18";"-190,00"
"13647246047";"11/06/2026 / 09:02:48";"WINM26";"C";"3";"169.485,00";"executada";"saída";"3";"169.485,00";"410,00";"0,24";"246,00"
"13647245264";"11/06/2026 / 09:00:53";"WDON26";"V";"2";"5.206,50";"cancelada";"saída";"0";"0,00";"-";"-";"-"
"13647245104";"11/06/2026 / 08:59:26";"WDON26";"C";"2";"5.300,00";"executada";"entrada";"2";"5.197,00";"-";"-";"-"
"13647245052";"11/06/2026 / 08:59:20";"WINM26";"V";"3";"167.000,00";"executada";"entrada";"3";"169.895,00";"-";"-";"-"
"13647133962";"10/06/2026 / 09:30:10";"WDON26";"V";"2";"0,00";"executada";"saída";"2";"5.195,00";"-23,00";"-0,44";"-460,00"
"13647121434";"10/06/2026 / 09:02:53";"WINM26";"C";"3";"168.805,00";"executada";"saída";"3";"168.805,00";"455,00";"0,27";"273,00"
"13647120377";"10/06/2026 / 09:00:56";"WDON26";"V";"2";"5.228,00";"cancelada";"saída";"0";"0,00";"-";"-";"-"
"13647120135";"10/06/2026 / 08:58:19";"WDON26";"C";"2";"5.300,00";"executada";"entrada";"2";"5.218,00";"-";"-";"-"
"13647120098";"10/06/2026 / 08:58:14";"WINM26";"V";"3";"168.000,00";"executada";"entrada";"3";"169.260,00";"-";"-";"-"
"13646987312";"09/06/2026 / 09:23:42";"WDON26";"V";"2";"0,00";"executada";"saída";"2";"5.185,00";"-10,50";"-0,20";"-210,00"
"13646978621";"09/06/2026 / 09:05:20";"WINM26";"C";"3";"0,00";"executada";"saída";"3";"170.310,00";"-345,00";"-0,20";"-207,00"
"13646976624";"09/06/2026 / 09:03:08";"WINM26";"C";"3";"169.625,00";"cancelada";"saída";"0";"0,00";"-";"-";"-"
"13646975425";"09/06/2026 / 09:00:45";"WDON26";"V";"2";"5.206,00";"cancelada";"saída";"0";"0,00";"-";"-";"-"
"13646975277";"09/06/2026 / 08:59:41";"WDON26";"C";"2";"5.300,00";"executada";"entrada";"2";"5.195,50";"-";"-";"-"
"13646975227";"09/06/2026 / 08:59:34";"WINM26";"V";"3";"168.000,00";"executada";"entrada";"3";"169.965,00";"-";"-";"-"
"13646864812";"08/06/2026 / 09:03:50";"WINM26";"C";"3";"169.930,00";"executada";"saída";"3";"169.930,00";"425,00";"0,25";"255,00"
"13646864510";"08/06/2026 / 09:03:27";"WDON26";"V";"2";"0,00";"executada";"saída";"2";"5.171,00";"-9,50";"-0,18";"-190,00"
"13646863365";"08/06/2026 / 09:00:51";"WDON26";"V";"2";"5.190,00";"cancelada";"saída";"0";"0,00";"-";"-";"-"
"13646863031";"08/06/2026 / 08:58:46";"WDON26";"C";"2";"5.250,00";"executada";"entrada";"2";"5.180,50";"-";"-";"-"
"13646862947";"08/06/2026 / 08:58:41";"WINM26";"V";"3";"168.000,00";"executada";"entrada";"3";"170.355,00";"-";"-";"-"
"13646742382";"05/06/2026 / 09:27:34";"WDON26";"V";"2";"0,00";"executada";"saída";"2";"5.095,00";"5,50";"0,11";"110,00"
"13646730624";"05/06/2026 / 09:01:15";"WINM26";"C";"3";"0,00";"executada";"saída";"3";"171.605,00";"-515,00";"-0,30";"-309,00"
"13646729490";"05/06/2026 / 09:01:00";"WINM26";"C";"3";"170.580,00";"cancelada";"saída";"0";"0,00";"-";"-";"-"
"13646728849";"05/06/2026 / 09:00:56";"WDON26";"V";"2";"5.097,00";"cancelada";"saída";"0";"0,00";"-";"-";"-"
"13646728544";"05/06/2026 / 08:58:57";"WDON26";"C";"2";"5.150,00";"executada";"entrada";"2";"5.089,50";"-";"-";"-"
"13646728498";"05/06/2026 / 08:58:50";"WINM26";"V";"3";"169.000,00";"executada";"entrada";"3";"171.090,00";"-";"-";"-"
"13646614138";"03/06/2026 / 09:02:50";"WINM26";"C";"3";"174.145,00";"executada";"saída";"3";"174.145,00";"465,00";"0,27";"279,00"
"13646613595";"03/06/2026 / 09:00:46";"WDON26";"V";"2";"5.054,00";"executada";"saída";"2";"5.054,00";"6,50";"0,13";"130,00"
"13646613446";"03/06/2026 / 08:59:11";"WDON26";"C";"2";"5.100,00";"executada";"entrada";"2";"5.047,50";"-";"-";"-"
"13646613396";"03/06/2026 / 08:59:04";"WINM26";"V";"3";"174.000,00";"executada";"entrada";"3";"174.610,00";"-";"-";"-"
"13646497478";"02/06/2026 / 09:11:39";"WINM26";"C";"3";"0,00";"executada";"saída";"3";"173.705,00";"-510,00";"-0,29";"-306,00"
"13646490063";"02/06/2026 / 09:03:10";"WINM26";"C";"3";"172.725,00";"cancelada";"saída";"0";"0,00";"-";"-";"-"
"13646489736";"02/06/2026 / 09:02:41";"WDON26";"V";"2";"0,00";"executada";"saída";"2";"5.043,50";"-6,50";"-0,13";"-130,00"
"13646488886";"02/06/2026 / 09:00:49";"WDON26";"V";"2";"5.057,00";"cancelada";"saída";"0";"0,00";"-";"-";"-"
"13646488648";"02/06/2026 / 08:58:24";"WDON26";"C";"2";"5.150,00";"executada";"entrada";"2";"5.050,00";"-";"-";"-"
"13646488562";"02/06/2026 / 08:58:18";"WINM26";"V";"3";"171.000,00";"executada";"entrada";"3";"173.195,00";"-";"-";"-"
"13646381517";"01/06/2026 / 09:05:38";"WDON26";"V";"2";"0,00";"executada";"saída";"2";"5.062,00";"-7,50";"-0,15";"-150,00"
"13646380270";"01/06/2026 / 09:04:56";"WINM26";"C";"3";"0,00";"executada";"saída";"3";"175.815,00";"-540,00";"-0,31";"-324,00"
"13646375943";"01/06/2026 / 09:00:55";"WDON26";"V";"2";"5.077,00";"cancelada";"saída";"0";"0,00";"-";"-";"-"
"13646375566";"01/06/2026 / 09:00:52";"WINM26";"C";"3";"174.765,00";"cancelada";"saída";"0";"0,00";"-";"-";"-"
"13646375425";"01/06/2026 / 08:58:37";"WDON26";"C";"2";"5.150,00";"executada";"entrada";"2";"5.069,50";"-";"-";"-"
"13646375387";"01/06/2026 / 08:58:31";"WINM26";"V";"3";"173.000,00";"executada";"entrada";"3";"175.275,00";"-";"-";"-"
"13646234411";"29/05/2026 / 09:03:05";"WINM26";"C";"3";"175.505,00";"executada";"saída";"3";"175.505,00";"490,00";"0,28";"294,00"
"13646233861";"29/05/2026 / 09:00:50";"WDON26";"V";"2";"5.081,50";"executada";"saída";"2";"5.081,50";"7,50";"0,15";"150,00"
"13646233666";"29/05/2026 / 08:58:56";"WDON26";"C";"2";"5.150,00";"executada";"entrada";"2";"5.074,00";"-";"-";"-"
"13646233602";"29/05/2026 / 08:58:33";"WINM26";"V";"3";"173.000,00";"executada";"entrada";"3";"175.995,00";"-";"-";"-"
"13646133860";"28/05/2026 / 09:40:18";"WDOM26";"V";"2";"0,00";"executada";"saída";"2";"5.064,00";"-7,00";"-0,14";"-140,00"
"13646121170";"28/05/2026 / 09:19:50";"WINM26";"C";"3";"0,00";"executada";"saída";"3";"176.415,00";"-550,00";"-0,31";"-330,00"
"13646113083";"28/05/2026 / 09:03:20";"WINM26";"C";"3";"175.320,00";"cancelada";"saída";"0";"0,00";"-";"-";"-"
"13646112525";"28/05/2026 / 09:01:00";"WDOM26";"V";"2";"5.078,00";"cancelada";"saída";"0";"0,00";"-";"-";"-"
"13646112167";"28/05/2026 / 08:59:15";"WDOM26";"C";"2";"5.100,00";"executada";"entrada";"2";"5.071,00";"-";"-";"-"
"13646112153";"28/05/2026 / 08:59:15";"WINM26";"V";"3";"174.000,00";"executada";"entrada";"3";"175.865,00";"-";"-";"-"
"13645973895";"27/05/2026 / 09:09:15";"WDOM26";"C";"2";"0,00";"executada";"saída";"2";"5.047,50";"-1,00";"-0,02";"-20,00"
"13645973831";"27/05/2026 / 09:09:12";"WDOM26";"V";"2";"0,00";"executada";"saída";"2";"5.046,50";"-";"-";"-"
"13645969537";"27/05/2026 / 09:02:02";"WINM26";"C";"3";"0,00";"executada";"saída";"3";"177.885,00";"-485,00";"-0,27";"-291,00"
"13645968035";"27/05/2026 / 09:01:00";"WDOM26";"V";"2";"5.046,50";"executada";"saída";"2";"5.046,50";"7,00";"0,14";"140,00"
"13645968027";"27/05/2026 / 09:01:00";"WINM26";"C";"3";"176.940,00";"cancelada";"saída";"0";"0,00";"-";"-";"-"
"13645967116";"27/05/2026 / 08:59:13";"WDOM26";"C";"2";"5.080,00";"executada";"entrada";"2";"5.039,50";"-";"-";"-"
"13645967101";"27/05/2026 / 08:59:07";"WINM26";"V";"3";"177.400,00";"executada";"entrada";"3";"177.400,00";"-";"-";"-"
"13645835668";"26/05/2026 / 09:42:41";"WDOM26";"V";"2";"0,00";"executada";"saída";"2";"5.017,50";"-10,00";"-0,20";"-200,00"
"13645814940";"26/05/2026 / 09:01:03";"WDOM26";"V";"2";"5.037,00";"cancelada";"saída";"0";"0,00";"-";"-";"-"
"13645814136";"26/05/2026 / 09:00:45";"WINM26";"C";"3";"178.380,00";"executada";"saída";"3";"178.380,00";"525,00";"0,29";"315,00"
"13645813843";"26/05/2026 / 08:58:26";"WINM26";"V";"3";"177.000,00";"executada";"entrada";"3";"178.905,00";"-";"-";"-"
"13645813836";"26/05/2026 / 08:58:19";"WDOM26";"C";"2";"5.100,00";"executada";"entrada";"2";"5.027,50";"-";"-";"-"
"13645704127";"25/05/2026 / 09:02:43";"WINM26";"C";"3";"0,00";"executada";"saída";"3";"179.700,00";"-435,00";"-0,24";"-261,00"
"13645702198";"25/05/2026 / 09:01:03";"WDOM26";"V";"2";"0,00";"executada";"saída";"2";"5.015,50";"-7,50";"-0,15";"-150,00"
"13645701674";"25/05/2026 / 09:00:57";"WINM26";"C";"3";"178.840,00";"cancelada";"saída";"0";"0,00";"-";"-";"-"
"13645701196";"25/05/2026 / 09:00:52";"WDOM26";"V";"2";"5.030,50";"cancelada";"saída";"0";"0,00";"-";"-";"-"
"13645700906";"25/05/2026 / 08:59:30";"WDOM26";"C";"2";"5.100,00";"executada";"entrada";"2";"5.023,00";"-";"-";"-"
"13645700872";"25/05/2026 / 08:59:25";"WINM26";"V";"3";"175.500,00";"executada";"entrada";"3";"179.265,00";"-";"-";"-"
"13645566288";"22/05/2026 / 09:19:40";"WINM26";"C";"3";"0,00";"executada";"saída";"3";"178.880,00";"-390,00";"-0,22";"-234,00"
"13645561224";"22/05/2026 / 09:12:40";"WDOM26";"V";"2";"0,00";"executada";"saída";"2";"5.015,50";"-7,00";"-0,14";"-140,00"
"13645553683";"22/05/2026 / 09:00:52";"WDOM26";"V";"2";"5.031,00";"cancelada";"saída";"0";"0,00";"-";"-";"-"
"13645553255";"22/05/2026 / 09:00:46";"WINM26";"C";"3";"178.080,00";"cancelada";"saída";"0";"0,00";"-";"-";"-"
"13645553048";"22/05/2026 / 08:58:26";"WDOM26";"C";"2";"5.100,00";"executada";"entrada";"2";"5.022,50";"-";"-";"-"
"13645553020";"22/05/2026 / 08:58:21";"WINM26";"V";"3";"176.500,00";"executada";"entrada";"3";"178.490,00";"-";"-";"-"
"13645420659";"21/05/2026 / 09:01:55";"WDOM26";"V";"2";"0,00";"executada";"saída";"2";"5.019,00";"-9,00";"-0,18";"-180,00"
"13645420311";"21/05/2026 / 09:01:34";"WINM26";"C";"3";"0,00";"executada";"saída";"3";"178.455,00";"-400,00";"-0,22";"-240,00"
"13645419677";"21/05/2026 / 09:00:59";"WDOM26";"V";"2";"5.037,00";"cancelada";"saída";"0";"0,00";"-";"-";"-"
"13645418931";"21/05/2026 / 09:00:49";"WINM26";"C";"3";"177.575,00";"cancelada";"saída";"0";"0,00";"-";"-";"-"
"13645418640";"21/05/2026 / 08:58:22";"WDOM26";"C";"2";"5.100,00";"executada";"entrada";"2";"5.028,00";"-";"-";"-"
"13645418618";"21/05/2026 / 08:58:16";"WINM26";"V";"3";"176.500,00";"executada";"entrada";"3";"178.055,00";"-";"-";"-"
"13645257688";"20/05/2026 / 09:04:07";"WINM26";"C";"3";"0,00";"executada";"saída";"3";"177.095,00";"-635,00";"-0,36";"-381,00"
"13645254769";"20/05/2026 / 09:00:51";"WINM26";"C";"3";"175.830,00";"cancelada";"saída";"0";"0,00";"-";"-";"-"
"13645254347";"20/05/2026 / 09:00:45";"WDOM26";"V";"2";"5.053,00";"executada";"saída";"2";"5.053,00";"10,50";"0,21";"210,00"
"13645254261";"20/05/2026 / 09:00:07";"WDOM26";"C";"2";"5.150,00";"executada";"entrada";"2";"5.042,50";"-";"-";"-"
"13645254213";"20/05/2026 / 09:00:03";"WINM26";"V";"3";"174.500,00";"executada";"entrada";"3";"176.460,00";"-";"-";"-"
"13645129290";"19/05/2026 / 09:03:08";"WINM26";"C";"3";"178.070,00";"executada";"saída";"3";"178.070,00";"485,00";"0,27";"291,00"
"13645128952";"19/05/2026 / 09:01:36";"WDOM26";"V";"2";"0,00";"executada";"saída";"2";"5.029,00";"-8,50";"-0,17";"-170,00"
"13645128276";"19/05/2026 / 09:00:51";"WDOM26";"V";"2";"5.046,50";"cancelada";"saída";"0";"0,00";"-";"-";"-"
"13645128057";"19/05/2026 / 08:58:56";"WDOM26";"C";"2";"5.100,00";"executada";"entrada";"2";"5.037,50";"-";"-";"-"
"13645128038";"19/05/2026 / 08:58:51";"WINM26";"V";"3";"177.500,00";"executada";"entrada";"3";"178.555,00";"-";"-";"-"
"13644992274";"18/05/2026 / 09:02:24";"WDOM26";"V";"2";"0,00";"executada";"saída";"2";"5.061,50";"-8,00";"-0,16";"-160,00"
"13644990920";"18/05/2026 / 09:01:18";"WINM26";"C";"3";"0,00";"executada";"saída";"3";"179.343,33";"-348,33";"-0,19";"-209,00"
"13644989691";"18/05/2026 / 09:01:03";"WDOM26";"V";"2";"5.082,50";"cancelada";"saída";"0";"0,00";"-";"-";"-"
"13644988949";"18/05/2026 / 09:00:56";"WINM26";"C";"3";"178.450,00";"cancelada";"saída";"0";"0,00";"-";"-";"-"
"13644988678";"18/05/2026 / 08:58:46";"WDOM26";"C";"2";"5.150,00";"executada";"entrada";"2";"5.069,50";"-";"-";"-"
"13644988630";"18/05/2026 / 08:58:39";"WINM26";"V";"3";"177.000,00";"executada";"entrada";"3";"178.995,00";"-";"-";"-"
"13644847887";"15/05/2026 / 09:01:02";"WDOM26";"V";"2";"5.051,50";"executada";"saída";"2";"5.051,50";"10,00";"0,20";"200,00"
"13644846569";"15/05/2026 / 09:00:46";"WINM26";"C";"3";"178.580,00";"executada";"saída";"3";"178.580,00";"415,00";"0,23";"249,00"
"13644846256";"15/05/2026 / 08:58:59";"WDOM26";"C";"2";"5.100,00";"executada";"entrada";"2";"5.041,50";"-";"-";"-"
"13644846233";"15/05/2026 / 08:58:56";"WINM26";"V";"3";"178.000,00";"executada";"entrada";"3";"178.995,00";"-";"-";"-"
"13644845403";"14/05/2026 / 17:39:00";"WINM26";"V";"3";"0,00";"executada";"saída";"3";"180.715,00";"1.245,00";"0,69";"747,00"
"13644727295";"14/05/2026 / 09:03:58";"WINM26";"C";"3";"0,00";"executada";"saída";"3";"179.470,00";"-";"-";"-"
"13644727145";"14/05/2026 / 09:03:45";"WINM26";"C";"3";"0,00";"executada";"saída";"3";"179.455,00";"-405,00";"-0,23";"-243,00"
"13644725343";"14/05/2026 / 09:00:57";"WDOM26";"C";"2";"0,00";"executada";"saída";"2";"5.035,00";"-9,50";"-0,19";"-190,00"
"13644724998";"14/05/2026 / 09:00:47";"WDOM26";"C";"2";"5.013,00";"cancelada";"saída";"0";"0,00";"-";"-";"-"
"13644724755";"14/05/2026 / 08:58:48";"WDOM26";"V";"2";"4.950,00";"executada";"entrada";"2";"5.025,50";"-";"-";"-"
"13644724712";"14/05/2026 / 08:58:47";"WINM26";"V";"3";"177.000,00";"executada";"entrada";"3";"179.050,00";"-";"-";"-"
"13644585933";"13/05/2026 / 09:01:53";"WDOM26";"C";"2";"0,00";"executada";"saída";"2";"4.920,00";"-6,00";"-0,12";"-120,00"
"13644584711";"13/05/2026 / 09:00:58";"WINM26";"C";"3";"182.330,00";"executada";"saída";"3";"182.330,00";"415,00";"0,23";"249,00"
"13644584365";"13/05/2026 / 09:00:51";"WDOM26";"C";"2";"4.908,50";"cancelada";"saída";"0";"0,00";"-";"-";"-"
"13644584183";"13/05/2026 / 09:00:14";"WDOM26";"V";"2";"4.800,00";"executada";"entrada";"2";"4.914,00";"-";"-";"-"
"13644584126";"13/05/2026 / 08:59:52";"WINM26";"V";"3";"180.000,00";"executada";"entrada";"3";"182.745,00";"-";"-";"-"
"13644475368";"12/05/2026 / 09:33:47";"WDOM26";"V";"2";"0,00";"executada";"saída";"2";"4.920,00";"-5,50";"-0,11";"-110,00"
"13644462585";"12/05/2026 / 09:01:23";"WDOM26";"C";"2";"0,00";"executada";"saída";"2";"4.925,50";"-";"-";"-"
"13644461968";"12/05/2026 / 09:01:08";"WDOM26";"C";"2";"0,00";"executada";"saída";"2";"4.925,50";"-0,50";"-0,01";"-10,00"
"13644461807";"12/05/2026 / 09:01:02";"WDOM26";"C";"2";"4.920,00";"cancelada";"saída";"0";"0,00";"-";"-";"-"
"13644461077";"12/05/2026 / 09:00:51";"WINM26";"C";"3";"183.370,00";"executada";"saída";"3";"183.370,00";"425,00";"0,23";"255,00"
"13644460846";"12/05/2026 / 08:57:46";"WDOM26";"V";"2";"4.850,00";"executada";"entrada";"2";"4.925,00";"-";"-";"-"
"13644460810";"12/05/2026 / 08:57:41";"WINM26";"V";"3";"182.000,00";"executada";"entrada";"3";"183.795,00";"-";"-";"-"
"13644264363";"08/05/2026 / 09:28:47";"WDOM26";"C";"2";"0,00";"executada";"saída";"2";"4.934,50";"4,50";"0,09";"90,00"
"13644258285";"08/05/2026 / 09:10:45";"WINM26";"C";"3";"0,00";"executada";"saída";"3";"186.518,33";"-523,33";"-0,28";"-314,00"
"13644253207";"08/05/2026 / 09:00:49";"WINM26";"C";"3";"185.465,00";"cancelada";"saída";"0";"0,00";"-";"-";"-"
"13644252808";"08/05/2026 / 09:00:45";"WDOM26";"C";"2";"4.932,50";"cancelada";"saída";"0";"0,00";"-";"-";"-"
"13644252538";"08/05/2026 / 08:59:10";"WDOM26";"V";"2";"4.900,00";"executada";"entrada";"2";"4.939,00";"-";"-";"-"
"13644252511";"08/05/2026 / 08:59:04";"WINM26";"V";"3";"183.000,00";"executada";"entrada";"3";"185.995,00";"-";"-";"-"
"13643927012";"06/05/2026 / 09:02:55";"WINM26";"C";"3";"191.020,00";"executada";"saída";"3";"191.020,00";"415,00";"0,22";"249,00"
"13643926336";"06/05/2026 / 09:01:08";"WDOM26";"C";"2";"0,00";"executada";"saída";"2";"4.921,00";"-6,50";"-0,13";"-130,00"
"13643925556";"06/05/2026 / 09:00:47";"WDOM26";"C";"2";"4.908,00";"cancelada";"saída";"0";"0,00";"-";"-";"-"
"13643925371";"06/05/2026 / 08:58:54";"WDOM26";"V";"2";"4.870,00";"executada";"entrada";"2";"4.914,50";"-";"-";"-"
"13643925326";"06/05/2026 / 08:58:49";"WINM26";"V";"3";"187.500,00";"executada";"entrada";"3";"191.435,00";"-";"-";"-"
"13643806015";"05/05/2026 / 09:02:58";"WINM26";"C";"3";"189.115,00";"executada";"saída";"3";"189.115,00";"405,00";"0,21";"243,00"
"13643805149";"05/05/2026 / 09:00:48";"WDOM26";"C";"2";"4.971,50";"executada";"saída";"2";"4.971,50";"8,50";"0,17";"170,00"
"13643804819";"05/05/2026 / 08:58:36";"WDOM26";"V";"2";"4.950,00";"executada";"entrada";"2";"4.980,00";"-";"-";"-"
"13643804785";"05/05/2026 / 08:58:30";"WINM26";"V";"3";"186.500,00";"executada";"entrada";"3";"189.520,00";"-";"-";"-"
"13643681734";"04/05/2026 / 09:03:40";"WINM26";"C";"3";"0,00";"executada";"saída";"3";"189.965,00";"-480,00";"-0,25";"-288,00"
"13643680959";"04/05/2026 / 09:03:00";"WINM26";"C";"3";"188.990,00";"cancelada";"saída";"0";"0,00";"-";"-";"-"
"13643680088";"04/05/2026 / 09:00:48";"WDOM26";"C";"2";"4.989,00";"executada";"saída";"2";"4.989,00";"7,00";"0,14";"140,00"
"13643680007";"04/05/2026 / 08:58:06";"WDOM26";"V";"2";"4.950,00";"executada";"entrada";"2";"4.996,00";"-";"-";"-"
"13643679981";"04/05/2026 / 08:58:03";"WINM26";"V";"3";"188.000,00";"executada";"entrada";"3";"189.485,00";"-";"-";"-"
"13643475262";"29/04/2026 / 09:03:42";"WDOK26";"C";"2";"0,00";"executada";"saída";"2";"4.989,00";"-7,50";"-0,15";"-150,00"
"13643473978";"29/04/2026 / 09:02:52";"WINM26";"C";"3";"191.230,00";"executada";"saída";"3";"191.230,00";"435,00";"0,23";"261,00"
"13643473428";"29/04/2026 / 09:00:56";"WDOK26";"C";"2";"4.974,00";"cancelada";"saída";"0";"0,00";"-";"-";"-"
"13643473065";"29/04/2026 / 08:58:40";"WDOK26";"V";"2";"4.950,00";"executada";"entrada";"2";"4.981,50";"-";"-";"-"
"13643473055";"29/04/2026 / 08:58:35";"WINM26";"V";"3";"189.000,00";"executada";"entrada";"3";"191.665,00";"-";"-";"-"
"13643355386";"28/04/2026 / 09:03:19";"WINM26";"C";"3";"191.760,00";"executada";"saída";"3";"191.760,00";"310,00";"0,16";"186,00"
"13643354567";"28/04/2026 / 09:00:59";"WDOK26";"C";"2";"0,00";"executada";"saída";"2";"5.007,00";"-8,00";"-0,16";"-160,00"
"13643353974";"28/04/2026 / 09:00:51";"WDOK26";"C";"2";"4.991,00";"cancelada";"saída";"0";"0,00";"-";"-";"-"
"13643353614";"28/04/2026 / 08:58:10";"WDOK26";"V";"2";"4.950,00";"executada";"entrada";"2";"4.999,00";"-";"-";"-"
"13643353584";"28/04/2026 / 08:58:03";"WINM26";"V";"3";"190.000,00";"executada";"entrada";"3";"192.070,00";"-";"-";"-"
"13643233966";"27/04/2026 / 09:00:56";"WINM26";"C";"3";"0,00";"executada";"saída";"3";"195.058,33";"-303,33";"-0,16";"-182,00"
"13643233587";"27/04/2026 / 09:00:47";"WDOK26";"C";"2";"4.976,50";"executada";"saída";"2";"4.976,50";"11,00";"0,22";"220,00"
"13643233371";"27/04/2026 / 09:00:46";"WINM26";"C";"3";"194.370,00";"cancelada";"saída";"0";"0,00";"-";"-";"-"
"13643233059";"27/04/2026 / 08:59:14";"WDOK26";"V";"2";"4.950,00";"executada";"entrada";"2";"4.987,50";"-";"-";"-"
"13643233032";"27/04/2026 / 08:59:10";"WINM26";"V";"3";"192.000,00";"executada";"entrada";"3";"194.755,00";"-";"-";"-"
"13643117832";"24/04/2026 / 09:07:03";"WINM26";"V";"3";"0,00";"executada";"saída";"3";"194.910,00";"-425,00";"-0,22";"-255,00"
"13643112249";"24/04/2026 / 09:03:21";"WINM26";"V";"3";"195.805,00";"cancelada";"saída";"0";"0,00";"-";"-";"-"
"13643110981";"24/04/2026 / 09:00:51";"WDOK26";"C";"2";"5.003,00";"executada";"saída";"2";"5.003,00";"10,50";"0,21";"210,00"
"13643110656";"24/04/2026 / 08:58:15";"WDOK26";"V";"2";"4.950,00";"executada";"entrada";"2";"5.013,50";"-";"-";"-"
"13643110617";"24/04/2026 / 08:58:09";"WINM26";"C";"3";"196.500,00";"executada";"entrada";"3";"195.335,00";"-";"-";"-"
"13642970663";"23/04/2026 / 09:03:18";"WINM26";"V";"3";"196.760,00";"executada";"saída";"3";"196.760,00";"480,00";"0,24";"288,00"
"13642969580";"23/04/2026 / 09:00:53";"WDOK26";"C";"2";"4.965,00";"executada";"saída";"2";"4.965,00";"8,00";"0,16";"160,00"
"13642969311";"23/04/2026 / 08:58:13";"WDOK26";"V";"2";"4.900,00";"executada";"entrada";"2";"4.973,00";"-";"-";"-"
"13642969277";"23/04/2026 / 08:58:09";"WINM26";"C";"3";"199.000,00";"executada";"entrada";"3";"196.280,00";"-";"-";"-"
"13642845422";"22/04/2026 / 09:05:18";"WDOK26";"C";"2";"0,00";"executada";"saída";"2";"4.982,50";"-5,00";"-0,10";"-100,00"
"13642843409";"22/04/2026 / 09:04:28";"WINM26";"V";"3";"0,00";"executada";"saída";"3";"200.150,00";"-405,00";"-0,20";"-243,00"
"13642840657";"22/04/2026 / 09:03:11";"WINM26";"V";"3";"200.940,00";"cancelada";"saída";"0";"0,00";"-";"-";"-"
"13642839967";"22/04/2026 / 09:01:02";"WDOK26";"C";"2";"4.972,50";"cancelada";"saída";"0";"0,00";"-";"-";"-"
"13642839398";"22/04/2026 / 08:58:25";"WDOK26";"V";"2";"4.900,00";"executada";"entrada";"2";"4.977,50";"-";"-";"-"
"13642839367";"22/04/2026 / 08:58:17";"WINM26";"C";"3";"202.000,00";"executada";"entrada";"3";"200.555,00";"-";"-";"-"
"13642731652";"20/04/2026 / 09:02:38";"WDOK26";"C";"2";"0,00";"executada";"saída";"2";"4.996,00";"-6,50";"-0,13";"-130,00"
"13642730309";"20/04/2026 / 09:01:02";"WINM26";"V";"3";"200.110,00";"executada";"saída";"3";"200.110,00";"445,00";"0,22";"267,00"
"13642729949";"20/04/2026 / 09:00:59";"WDOK26";"C";"2";"4.982,50";"cancelada";"saída";"0";"0,00";"-";"-";"-"
"13642729538";"20/04/2026 / 08:58:03";"WDOK26";"V";"2";"4.950,00";"executada";"entrada";"2";"4.989,50";"-";"-";"-"
"13642729502";"20/04/2026 / 08:57:57";"WINM26";"C";"3";"202.000,00";"executada";"entrada";"3";"199.665,00";"-";"-";"-"
"13642607316";"17/04/2026 / 09:12:19";"WINM26";"V";"3";"0,00";"executada";"saída";"3";"201.180,00";"-350,00";"-0,17";"-210,00"
"13642601025";"17/04/2026 / 09:03:17";"WINM26";"V";"3";"201.895,00";"cancelada";"saída";"0";"0,00";"-";"-";"-"
"13642599914";"17/04/2026 / 09:00:47";"WDOK26";"C";"2";"4.994,00";"executada";"saída";"2";"4.994,00";"5,00";"0,10";"100,00"
"13642599677";"17/04/2026 / 08:58:07";"WDOK26";"V";"2";"4.950,00";"executada";"entrada";"2";"4.999,00";"-";"-";"-"
"13642599648";"17/04/2026 / 08:58:05";"WINM26";"C";"3";"203.000,00";"executada";"entrada";"3";"201.530,00";"-";"-";"-"
"13642484692";"16/04/2026 / 09:03:26";"WINM26";"V";"3";"202.445,00";"executada";"saída";"3";"202.445,00";"375,00";"0,19";"225,00"
"13642484081";"16/04/2026 / 09:00:56";"WDOK26";"C";"2";"5.004,00";"executada";"saída";"2";"5.004,00";"5,50";"0,11";"110,00"
"13642483920";"16/04/2026 / 08:58:32";"WDOK26";"V";"2";"4.950,00";"executada";"entrada";"2";"5.009,50";"-";"-";"-"
"13642483876";"16/04/2026 / 08:58:28";"WINM26";"C";"3";"203.500,00";"executada";"entrada";"3";"202.070,00";"-";"-";"-"
"13642382065";"15/04/2026 / 09:13:30";"WDOK26";"C";"2";"0,00";"executada";"saída";"2";"5.016,00";"-6,50";"-0,13";"-130,00"
"13642376630";"15/04/2026 / 09:03:39";"WINM26";"V";"3";"0,00";"executada";"saída";"3";"202.535,00";"-355,00";"-0,18";"-213,00"
"13642375284";"15/04/2026 / 09:03:03";"WINM26";"V";"3";"203.215,00";"cancelada";"saída";"0";"0,00";"-";"-";"-"
"13642374502";"15/04/2026 / 09:00:49";"WDOK26";"C";"2";"5.003,00";"cancelada";"saída";"0";"0,00";"-";"-";"-"
"13642374246";"15/04/2026 / 08:59:07";"WDOK26";"V";"2";"4.950,00";"executada";"entrada";"2";"5.009,50";"-";"-";"-"
"13642374214";"15/04/2026 / 08:59:00";"WINM26";"C";"3";"205.000,00";"executada";"entrada";"3";"202.890,00";"-";"-";"-"
"13642265088";"14/04/2026 / 09:05:03";"WDOK26";"C";"2";"0,00";"executada";"saída";"2";"4.999,00";"-8,00";"-0,16";"-160,00"
"13642259641";"14/04/2026 / 09:00:59";"WDOK26";"C";"2";"4.983,50";"cancelada";"saída";"0";"0,00";"-";"-";"-"
"13642259514";"14/04/2026 / 09:00:58";"WINJ26";"V";"3";"199.130,00";"executada";"saída";"3";"199.130,00";"470,00";"0,24";"282,00"
"13642259041";"14/04/2026 / 08:58:50";"WDOK26";"V";"2";"4.950,00";"executada";"entrada";"2";"4.991,00";"-";"-";"-"
"13642259011";"14/04/2026 / 08:58:43";"WINJ26";"C";"3";"200.000,00";"executada";"entrada";"3";"198.660,00";"-";"-";"-"
"13642150764";"13/04/2026 / 09:04:06";"WINJ26";"V";"3";"0,00";"executada";"saída";"3";"196.415,00";"-445,00";"-0,23";"-267,00"
"13642148514";"13/04/2026 / 09:01:36";"WDOK26";"C";"2";"0,00";"executada";"saída";"2";"5.056,00";"-8,00";"-0,16";"-160,00"
"13642147412";"13/04/2026 / 09:00:52";"WDOK26";"C";"2";"5.039,50";"cancelada";"saída";"0";"0,00";"-";"-";"-"
"13642147202";"13/04/2026 / 08:58:34";"WDOK26";"V";"2";"5.000,00";"executada";"entrada";"2";"5.048,00";"-";"-";"-"
"13642147155";"13/04/2026 / 08:58:31";"WINJ26";"C";"3";"200.000,00";"executada";"entrada";"3";"196.860,00";"-";"-";"-"
"13642031202";"10/04/2026 / 09:00:48";"WDOK26";"C";"2";"5.078,50";"executada";"saída";"2";"5.078,50";"8,50";"0,17";"170,00"
"13642030880";"10/04/2026 / 09:00:46";"WINJ26";"V";"3";"196.510,00";"executada";"saída";"3";"196.510,00";"580,00";"0,30";"348,00"
"13642030727";"10/04/2026 / 08:59:25";"WDOK26";"V";"2";"5.000,00";"executada";"entrada";"2";"5.087,00";"-";"-";"-"
"13642030690";"10/04/2026 / 08:59:23";"WINJ26";"C";"3";"198.500,00";"executada";"entrada";"3";"195.930,00";"-";"-";"-"
"13641792222";"08/04/2026 / 09:20:01";"WDOK26";"C";"2";"0,00";"executada";"saída";"2";"5.122,50";"-5,50";"-0,11";"-110,00"
"13641783289";"08/04/2026 / 09:08:16";"WINJ26";"V";"3";"0,00";"executada";"saída";"3";"193.600,00";"-540,00";"-0,28";"-324,00"
"13641776384";"08/04/2026 / 09:00:06";"WDOK26";"V";"2";"5.050,00";"executada";"entrada";"2";"5.117,00";"-";"-";"-"
"13641776312";"08/04/2026 / 08:59:55";"WINJ26";"C";"3";"195.000,00";"executada";"entrada";"3";"194.140,00";"-";"-";"-"
"13641633867";"07/04/2026 / 09:01:01";"WINJ26";"V";"3";"188.710,00";"executada";"saída";"3";"188.710,00";"545,00";"0,29";"327,00"
"13641633817";"07/04/2026 / 09:01:00";"WDOK26";"C";"2";"5.163,50";"executada";"saída";"2";"5.163,50";"6,00";"0,12";"120,00"
"13641632868";"07/04/2026 / 08:58:55";"WDOK26";"V";"2";"5.100,00";"executada";"entrada";"2";"5.169,50";"-";"-";"-"
"13641632853";"07/04/2026 / 08:58:49";"WINJ26";"C";"3";"190.000,00";"executada";"entrada";"3";"188.165,00";"-";"-";"-"
"13641632173";"06/04/2026 / 17:39:00";"WINJ26";"V";"3";"0,00";"executada";"saída";"3";"189.015,00";"-190,00";"-0,10";"-114,00"
"13641535353";"06/04/2026 / 09:20:07";"WDOK26";"C";"2";"0,00";"executada";"saída";"2";"5.185,00";"-9,00";"-0,17";"-180,00"
"13641526648";"06/04/2026 / 09:03:15";"WINJ26";"V";"3";"190.105,00";"cancelada";"saída";"0";"0,00";"-";"-";"-"
"13641525662";"06/04/2026 / 09:00:55";"WDOK26";"C";"2";"5.167,00";"cancelada";"saída";"0";"0,00";"-";"-";"-"
"13641525074";"06/04/2026 / 08:57:38";"WDOK26";"V";"2";"5.100,00";"executada";"entrada";"2";"5.176,00";"-";"-";"-"
"13641525060";"06/04/2026 / 08:57:34";"WINJ26";"C";"3";"190.000,00";"executada";"entrada";"3";"189.205,00";"-";"-";"-"
"13641401987";"02/04/2026 / 09:09:25";"WINJ26";"V";"3";"0,00";"executada";"saída";"3";"185.640,00";"-475,00";"-0,26";"-285,00"
"13641395230";"02/04/2026 / 09:04:08";"WINJ26";"V";"3";"186.690,00";"cancelada";"saída";"0";"0,00";"-";"-";"-"
"13641393466";"02/04/2026 / 09:00:55";"WDOK26";"C";"2";"5.211,00";"executada";"saída";"2";"5.211,00";"8,50";"0,16";"170,00"
"13641392901";"02/04/2026 / 08:58:51";"WDOK26";"V";"2";"5.100,00";"executada";"entrada";"2";"5.219,50";"-";"-";"-"
"13641392842";"02/04/2026 / 08:58:49";"WINJ26";"C";"3";"190.000,00";"executada";"entrada";"3";"186.115,00";"-";"-";"-"
"13641274449";"01/04/2026 / 09:06:52";"WDOK26";"C";"2";"0,00";"executada";"saída";"2";"5.195,00";"-7,50";"-0,14";"-150,00"
"13641274133";"01/04/2026 / 09:06:03";"WINJ26";"C";"3";"0,00";"executada";"saída";"3";"189.495,00";"325,00";"0,17";"195,00"
"13641270266";"01/04/2026 / 09:02:53";"WINJ26";"C";"3";"188.985,00";"cancelada";"saída";"0";"0,00";"-";"-";"-"
"13641268293";"01/04/2026 / 09:00:49";"WDOK26";"C";"2";"5.177,50";"expirada";"saída";"0";"0,00";"-";"-";"-"
"13641267915";"01/04/2026 / 08:59:38";"WDOK26";"V";"2";"5.150,00";"executada";"entrada";"2";"5.187,50";"-";"-";"-"
"13641267899";"01/04/2026 / 08:59:23";"WINJ26";"V";"3";"188.000,00";"executada";"entrada";"3";"189.820,00";"-";"-";"-"
"13641127271";"31/03/2026 / 09:17:22";"WDOK26";"C";"2";"0,00";"executada";"saída";"2";"5.269,00";"-9,50";"-0,18";"-190,00"
"13641115671";"31/03/2026 / 09:01:39";"WINJ26";"C";"3";"0,00";"executada";"saída";"3";"185.700,00";"-805,00";"-0,44";"-483,00"
"13641112959";"31/03/2026 / 09:00:58";"WDOK26";"C";"2";"5.250,00";"cancelada";"saída";"0";"0,00";"-";"-";"-"
"13641112684";"31/03/2026 / 09:00:57";"WINJ26";"C";"3";"184.290,00";"cancelada";"saída";"0";"0,00";"-";"-";"-"
"13641112428";"31/03/2026 / 09:00:26";"WDOK26";"V";"2";"5.200,00";"executada";"entrada";"2";"5.259,50";"-";"-";"-"
"13641112381";"31/03/2026 / 09:00:03";"WINJ26";"V";"3";"181.000,00";"executada";"entrada";"3";"184.895,00";"-";"-";"-"
"13640989646";"30/03/2026 / 09:03:14";"WINJ26";"C";"3";"182.325,00";"executada";"saída";"3";"182.325,00";"565,00";"0,31";"339,00"
"13640989085";"30/03/2026 / 09:01:59";"WDOJ26";"C";"2";"0,00";"executada";"saída";"2";"5.242,50";"-10,00";"-0,19";"-200,00"
"13640988255";"30/03/2026 / 09:00:50";"WDOJ26";"C";"2";"5.222,50";"cancelada";"saída";"0";"0,00";"-";"-";"-"
"13640988042";"30/03/2026 / 08:59:10";"WDOJ26";"V";"2";"5.150,00";"executada";"entrada";"2";"5.232,50";"-";"-";"-"
"13640988013";"30/03/2026 / 08:59:06";"WINJ26";"V";"3";"180.000,00";"executada";"entrada";"3";"182.890,00";"-";"-";"-"
"13640688831";"26/03/2026 / 09:00:57";"WINJ26";"C";"3";"184.195,00";"executada";"saída";"3";"184.175,00";"715,00";"0,39";"429,00"
"13640688087";"26/03/2026 / 09:00:53";"WDOJ26";"V";"2";"5.268,00";"executada";"saída";"2";"5.268,00";"11,00";"0,21";"220,00"
"13640687542";"26/03/2026 / 08:59:19";"WDOJ26";"C";"2";"5.350,00";"executada";"entrada";"2";"5.257,00";"-";"-";"-"
"13640687522";"26/03/2026 / 08:59:06";"WINJ26";"V";"3";"184.000,00";"executada";"entrada";"3";"184.890,00";"-";"-";"-"
"13640538309";"25/03/2026 / 09:03:18";"WINJ26";"C";"3";"186.145,00";"executada";"saída";"3";"186.145,00";"730,00";"0,39";"438,00"
"13640536584";"25/03/2026 / 09:00:50";"WDOJ26";"V";"2";"5.234,50";"executada";"saída";"2";"5.234,50";"14,00";"0,27";"280,00"
"13640536085";"25/03/2026 / 08:59:17";"WDOJ26";"C";"2";"5.300,00";"executada";"entrada";"2";"5.220,50";"-";"-";"-"
"13640536066";"25/03/2026 / 08:59:10";"WINJ26";"V";"3";"183.000,00";"executada";"entrada";"3";"186.875,00";"-";"-";"-"
"13640155616";"23/03/2026 / 09:03:03";"WINJ26";"C";"3";"179.140,00";"executada";"saída";"3";"179.140,00";"660,00";"0,37";"396,00"
"13640153851";"23/03/2026 / 09:00:55";"WDOJ26";"V";"2";"5.317,00";"executada";"saída";"2";"5.317,00";"14,50";"0,27";"290,00"
"13640153582";"23/03/2026 / 08:59:45";"WDOJ26";"C";"2";"5.350,00";"executada";"entrada";"2";"5.302,50";"-";"-";"-"
"13640153570";"23/03/2026 / 08:59:42";"WINJ26";"V";"3";"176.000,00";"executada";"entrada";"3";"179.800,00";"-";"-";"-"
"13639813085";"19/03/2026 / 09:01:03";"WINJ26";"C";"3";"179.450,00";"executada";"saída";"3";"179.450,00";"565,00";"0,31";"339,00"
"13639812565";"19/03/2026 / 09:00:57";"WDOJ26";"V";"2";"5.268,00";"executada";"saída";"2";"5.268,00";"11,50";"0,22";"230,00"
"13639812265";"19/03/2026 / 08:59:27";"WDOJ26";"C";"2";"5.350,00";"executada";"entrada";"2";"5.256,50";"-";"-";"-"
"13639812247";"19/03/2026 / 08:59:20";"WINJ26";"V";"3";"178.000,00";"executada";"entrada";"3";"180.015,00";"-";"-";"-"
"13639565966";"17/03/2026 / 09:10:20";"WDOJ26";"V";"2";"0,00";"executada";"saída";"2";"5.235,00";"-18,50";"-0,35";"-370,00"
"13639554225";"17/03/2026 / 09:00:50";"WINJ26";"C";"3";"181.260,00";"executada";"saída";"3";"181.260,00";"680,00";"0,37";"408,00"
"13639554175";"17/03/2026 / 09:00:49";"WDOJ26";"V";"2";"5.271,50";"cancelada";"saída";"0";"0,00";"-";"-";"-"
"13639553951";"17/03/2026 / 08:59:28";"WDOJ26";"C";"2";"5.350,00";"executada";"entrada";"2";"5.253,50";"-";"-";"-"
"13639553915";"17/03/2026 / 08:59:18";"WINJ26";"V";"3";"180.000,00";"executada";"entrada";"3";"181.940,00";"-";"-";"-"
"13639427860";"16/03/2026 / 09:09:28";"WINJ26";"C";"3";"0,00";"executada";"saída";"3";"182.315,00";"-520,00";"-0,29";"-312,00"
"13639422352";"16/03/2026 / 09:01:57";"WDOJ26";"V";"2";"0,00";"executada";"saída";"2";"5.290,50";"-14,50";"-0,27";"-290,00"
"13639420227";"16/03/2026 / 09:00:59";"WDOJ26";"V";"2";"5.320,00";"cancelada";"saída";"0";"0,00";"-";"-";"-"
"13639419741";"16/03/2026 / 09:00:53";"WINJ26";"C";"3";"181.245,00";"cancelada";"saída";"0";"0,00";"-";"-";"-"
"13639419628";"16/03/2026 / 08:58:57";"WDOJ26";"C";"2";"5.400,00";"executada";"entrada";"2";"5.305,00";"-";"-";"-"
"13639419616";"16/03/2026 / 08:58:53";"WINJ26";"V";"3";"177.000,00";"executada";"entrada";"3";"181.795,00";"-";"-";"-"
"13639285045";"13/03/2026 / 10:26:15";"WINJ26";"C";"3";"0,00";"executada";"saída";"3";"182.935,00";"-720,00";"-0,40";"-432,00"
"13639241194";"13/03/2026 / 09:00:54";"WINJ26";"C";"3";"181.495,00";"cancelada";"saída";"0";"0,00";"-";"-";"-"
"13639241066";"13/03/2026 / 09:00:53";"WDOJ26";"C";"2";"5.250,50";"executada";"saída";"2";"5.250,50";"11,00";"0,21";"220,00"
"13639240572";"13/03/2026 / 08:59:27";"WDOJ26";"V";"2";"5.200,00";"executada";"entrada";"2";"5.261,50";"-";"-";"-"
"13639240544";"13/03/2026 / 08:59:24";"WINJ26";"V";"3";"179.000,00";"executada";"entrada";"3";"182.215,00";"-";"-";"-"
"13639086651";"12/03/2026 / 09:06:34";"WDOJ26";"C";"2";"0,00";"executada";"saída";"2";"5.197,00";"-9,00";"-0,17";"-180,00"
"13639081550";"12/03/2026 / 09:00:54";"WDOJ26";"C";"2";"5.179,00";"cancelada";"saída";"0";"0,00";"-";"-";"-"
"13639081531";"12/03/2026 / 09:00:53";"WINJ26";"C";"3";"184.635,00";"executada";"saída";"3";"184.635,00";"695,00";"0,38";"417,00"
"13639081131";"12/03/2026 / 08:59:16";"WDOJ26";"V";"2";"5.100,00";"executada";"entrada";"2";"5.188,00";"-";"-";"-"
"13639081094";"12/03/2026 / 08:59:12";"WINJ26";"V";"3";"184.000,00";"executada";"entrada";"3";"185.330,00";"-";"-";"-"
"13638934678";"11/03/2026 / 09:00:53";"WINJ26";"C";"3";"185.210,00";"executada";"saída";"3";"185.210,00";"785,00";"0,42";"471,00"
"13638934522";"11/03/2026 / 09:00:53";"WDOJ26";"C";"2";"5.181,00";"executada";"saída";"2";"5.181,00";"11,00";"0,21";"220,00"
"13638934338";"11/03/2026 / 09:00:11";"WDOJ26";"V";"2";"5.100,00";"executada";"entrada";"2";"5.192,00";"-";"-";"-"
"13638934274";"11/03/2026 / 09:00:06";"WINJ26";"V";"3";"184.000,00";"executada";"entrada";"3";"185.995,00";"-";"-";"-"
"13638802518";"10/03/2026 / 09:40:39";"WINJ26";"C";"3";"0,00";"executada";"saída";"3";"184.530,00";"-745,00";"-0,41";"-447,00"
"13638775158";"10/03/2026 / 09:00:58";"WINJ26";"C";"3";"183.070,00";"cancelada";"saída";"0";"0,00";"-";"-";"-"
"13638774661";"10/03/2026 / 09:00:53";"WDOJ26";"V";"2";"5.198,00";"executada";"saída";"2";"5.198,00";"12,50";"0,24";"250,00"
"13638774219";"10/03/2026 / 08:59:32";"WDOJ26";"C";"2";"5.250,00";"executada";"entrada";"2";"5.185,50";"-";"-";"-"
"13638774193";"10/03/2026 / 08:59:25";"WINJ26";"V";"3";"180.000,00";"executada";"entrada";"3";"183.785,00";"-";"-";"-"
"13638613921";"09/03/2026 / 09:07:55";"WDOJ26";"V";"2";"0,00";"executada";"saída";"2";"5.295,50";"-17,50";"-0,33";"-350,00"
"13638606563";"09/03/2026 / 09:01:16";"WINJ26";"C";"3";"0,00";"executada";"saída";"3";"181.068,33";"-493,33";"-0,27";"-296,00"
"13638605138";"09/03/2026 / 09:00:54";"WINJ26";"C";"3";"179.910,00";"cancelada";"saída";"0";"0,00";"-";"-";"-"
"13638605066";"09/03/2026 / 09:00:54";"WDOJ26";"V";"2";"5.328,00";"cancelada";"saída";"0";"0,00";"-";"-";"-"
"13638604699";"09/03/2026 / 08:59:09";"WDOJ26";"C";"2";"5.350,00";"executada";"entrada";"2";"5.313,00";"-";"-";"-"
"13638604672";"09/03/2026 / 08:59:05";"WINJ26";"V";"3";"178.000,00";"executada";"entrada";"3";"180.575,00";"-";"-";"-"
"13637882929";"03/03/2026 / 09:02:52";"WINJ26";"V";"3";"0,00";"executada";"saída";"3";"188.085,00";"-670,00";"-0,36";"-402,00"
"13637881804";"03/03/2026 / 09:02:42";"WINJ26";"V";"3";"189.350,00";"cancelada";"saída";"0";"0,00";"-";"-";"-"
"13637881197";"03/03/2026 / 09:01:45";"WDOJ26";"C";"2";"0,00";"executada";"saída";"2";"5.292,50";"-16,00";"-0,30";"-320,00"
"13637879841";"03/03/2026 / 09:00:54";"WDOJ26";"C";"2";"5.263,50";"cancelada";"saída";"0";"0,00";"-";"-";"-"
"13637879504";"03/03/2026 / 08:59:24";"WDOJ26";"V";"2";"5.150,00";"executada";"entrada";"2";"5.276,50";"-";"-";"-"
"13637879475";"03/03/2026 / 08:59:18";"WINJ26";"C";"3";"194.500,00";"executada";"entrada";"3";"188.755,00";"-";"-";"-"
"13637729277";"02/03/2026 / 09:00:48";"WDOJ26";"C";"2";"5.180,50";"executada";"saída";"2";"5.180,50";"7,50";"0,14";"150,00"
"13637729207";"02/03/2026 / 09:00:48";"WINJ26";"V";"3";"190.600,00";"executada";"saída";"3";"190.600,00";"460,00";"0,24";"276,00"
"13637728835";"02/03/2026 / 08:59:02";"WDOJ26";"V";"2";"5.100,00";"executada";"entrada";"2";"5.188,00";"-";"-";"-"
"13637728803";"02/03/2026 / 08:58:55";"WINJ26";"C";"3";"193.500,00";"executada";"entrada";"3";"190.140,00";"-";"-";"-"
"13637593491";"27/02/2026 / 09:03:13";"WDOJ26";"C";"2";"0,00";"executada";"saída";"2";"5.188,00";"-8,00";"-0,15";"-160,00"
"13637591329";"27/02/2026 / 09:01:21";"WINJ26";"V";"3";"0,00";"executada";"saída";"3";"193.395,00";"-765,00";"-0,39";"-459,00"
"13637590284";"27/02/2026 / 09:00:55";"WINJ26";"V";"3";"194.630,00";"cancelada";"saída";"0";"0,00";"-";"-";"-"
"13637590260";"27/02/2026 / 09:00:54";"WDOJ26";"C";"2";"5.172,00";"cancelada";"saída";"0";"0,00";"-";"-";"-"
"13637589814";"27/02/2026 / 08:59:22";"WINJ26";"C";"3";"196.500,00";"executada";"entrada";"3";"194.160,00";"-";"-";"-"
"13637589797";"27/02/2026 / 08:59:12";"WDOJ26";"V";"2";"5.100,00";"executada";"entrada";"2";"5.180,00";"-";"-";"-"
"13637457312";"26/02/2026 / 09:37:20";"WDOH26";"C";"2";"0,00";"executada";"saída";"2";"5.141,50";"-9,00";"-0,18";"-180,00"
"13637439828";"26/02/2026 / 09:01:04";"WINJ26";"V";"3";"194.560,00";"executada";"saída";"3";"194.560,00";"550,00";"0,28";"330,00"
"13637439823";"26/02/2026 / 09:01:04";"WDOH26";"C";"2";"5.123,50";"cancelada";"saída";"0";"0,00";"-";"-";"-"
"13637438867";"26/02/2026 / 08:59:18";"WDOH26";"V";"2";"5.050,00";"executada";"entrada";"2";"5.132,50";"-";"-";"-"
"13637438850";"26/02/2026 / 08:59:10";"WINJ26";"C";"3";"196.000,00";"executada";"entrada";"3";"194.010,00";"-";"-";"-"
"13637314912";"25/02/2026 / 09:00:59";"WINJ26";"V";"3";"197.020,00";"executada";"saída";"3";"197.020,00";"515,00";"0,26";"309,00"
"13637314891";"25/02/2026 / 09:00:59";"WDOH26";"C";"2";"5.137,00";"executada";"saída";"2";"5.137,00";"6,50";"0,13";"130,00"
"13637314197";"25/02/2026 / 08:59:21";"WDOH26";"V";"2";"5.100,00";"executada";"entrada";"2";"5.143,50";"-";"-";"-"
"13637314170";"25/02/2026 / 08:59:12";"WINJ26";"C";"3";"198.000,00";"executada";"entrada";"3";"196.505,00";"-";"-";"-"
"13637156644";"24/02/2026 / 09:00:59";"WINJ26";"V";"3";"193.250,00";"executada";"saída";"3";"193.250,00";"525,00";"0,27";"315,00"
"13637156545";"24/02/2026 / 09:00:58";"WDOH26";"C";"2";"5.171,00";"executada";"saída";"2";"5.171,00";"7,50";"0,14";"150,00"
"13637156179";"24/02/2026 / 08:58:25";"WDOH26";"V";"2";"5.100,00";"executada";"entrada";"2";"5.178,50";"-";"-";"-"
"13637156152";"24/02/2026 / 08:58:21";"WINJ26";"C";"3";"194.500,00";"executada";"entrada";"3";"192.725,00";"-";"-";"-"
"13637035352";"23/02/2026 / 09:26:17";"WDOH26";"C";"2";"0,00";"executada";"saída";"2";"5.198,00";"-6,50";"-0,13";"-130,00"
"13637030629";"23/02/2026 / 09:16:38";"WINJ26";"V";"3";"0,00";"executada";"saída";"3";"193.105,00";"-490,00";"-0,25";"-294,00"
"13637022242";"23/02/2026 / 09:00:47";"WINJ26";"V";"3";"194.090,00";"cancelada";"saída";"0";"0,00";"-";"-";"-"
"13637022142";"23/02/2026 / 09:00:47";"WDOH26";"C";"2";"5.185,00";"cancelada";"saída";"0";"0,00";"-";"-";"-"
"13637021834";"23/02/2026 / 08:59:18";"WDOH26";"V";"2";"5.150,00";"executada";"entrada";"2";"5.191,50";"-";"-";"-"
"13637021800";"23/02/2026 / 08:59:12";"WINJ26";"C";"3";"195.000,00";"executada";"entrada";"3";"193.595,00";"-";"-";"-"
"13636894275";"20/02/2026 / 09:35:12";"WDOH26";"C";"2";"0,00";"executada";"saída";"2";"5.230,00";"-8,00";"-0,15";"-160,00"
"13636880455";"20/02/2026 / 09:01:39";"WINJ26";"V";"3";"0,00";"executada";"saída";"3";"191.905,00";"-445,00";"-0,23";"-267,00"
"13636878854";"20/02/2026 / 09:00:55";"WINJ26";"V";"3";"192.815,00";"cancelada";"saída";"0";"0,00";"-";"-";"-"
"13636878782";"20/02/2026 / 09:00:54";"WDOH26";"C";"2";"5.214,00";"cancelada";"saída";"0";"0,00";"-";"-";"-"
"13636878433";"20/02/2026 / 08:58:54";"WINJ26";"C";"3";"194.000,00";"executada";"entrada";"3";"192.350,00";"-";"-";"-"
"13636878406";"20/02/2026 / 08:58:45";"WDOH26";"V";"2";"5.170,00";"executada";"entrada";"2";"5.222,00";"-";"-";"-"
"13636717621";"19/02/2026 / 09:00:57";"WINJ26";"V";"3";"0,00";"executada";"saída";"3";"189.950,00";"-520,00";"-0,27";"-312,00"
"13636717305";"19/02/2026 / 09:00:49";"WDOH26";"C";"1";"5.252,00";"executada";"saída";"1";"5.252,00";"7,50";"0,14";"75,00"
"13636717266";"19/02/2026 / 09:00:49";"WINJ26";"V";"3";"191.010,00";"cancelada";"saída";"0";"0,00";"-";"-";"-"
"13636716841";"19/02/2026 / 08:58:53";"WDOH26";"V";"1";"5.200,00";"executada";"entrada";"1";"5.259,50";"-";"-";"-"
"13636716810";"19/02/2026 / 08:58:46";"WINJ26";"C";"3";"192.000,00";"executada";"entrada";"3";"190.470,00";"-";"-";"-"
"13636470677";"13/02/2026 / 09:09:49";"WDOH26";"C";"1";"0,00";"executada";"saída";"1";"5.242,50";"-9,00";"-0,17";"-90,00"
"13636466557";"13/02/2026 / 09:01:39";"WING26";"V";"1";"0,00";"executada";"saída";"1";"186.485,00";"-820,00";"-0,44";"-164,00"
"13636465277";"13/02/2026 / 09:00:55";"WING26";"V";"1";"187.865,00";"cancelada";"saída";"0";"0,00";"-";"-";"-"
"13636465143";"13/02/2026 / 09:00:55";"WDOH26";"C";"1";"5.224,00";"cancelada";"saída";"0";"0,00";"-";"-";"-"
"13636464766";"13/02/2026 / 08:59:22";"WING26";"C";"1";"190.000,00";"executada";"entrada";"1";"187.305,00";"-";"-";"-"
"13636464722";"13/02/2026 / 08:59:18";"WDOH26";"V";"1";"5.200,00";"executada";"entrada";"1";"5.233,50";"-";"-";"-"
"13636299154";"12/02/2026 / 09:00:58";"WING26";"V";"3";"191.150,00";"executada";"saída";"3";"191.150,00";"405,00";"0,21";"243,00"
"13636299095";"12/02/2026 / 09:00:58";"WDOH26";"C";"1";"5.187,00";"executada";"saída";"1";"5.187,00";"6,50";"0,13";"65,00"
"13636298770";"12/02/2026 / 09:00:09";"WING26";"C";"3";"192.000,00";"executada";"entrada";"3";"190.745,00";"-";"-";"-"
"13636298713";"12/02/2026 / 08:59:39";"WDOH26";"V";"1";"5.150,00";"executada";"entrada";"1";"5.193,50";"-";"-";"-"
"13636043908";"10/02/2026 / 09:42:32";"WDOH26";"C";"1";"0,00";"executada";"saída";"1";"5.221,50";"-8,00";"-0,15";"-80,00"
"13636029572";"10/02/2026 / 09:01:06";"WING26";"V";"3";"186.370,00";"executada";"saída";"3";"186.370,00";"405,00";"0,22";"243,00"
"13636028412";"10/02/2026 / 09:00:50";"WDOH26";"C";"1";"5.205,00";"cancelada";"saída";"0";"0,00";"-";"-";"-"
"13636028067";"10/02/2026 / 08:58:26";"WDOH26";"V";"1";"5.175,00";"executada";"entrada";"1";"5.213,50";"-";"-";"-"
"13636028041";"10/02/2026 / 08:58:23";"WING26";"C";"3";"188.500,00";"executada";"entrada";"3";"185.965,00";"-";"-";"-"
"13635895531";"09/02/2026 / 09:00:55";"WDOH26";"C";"1";"5.218,50";"executada";"saída";"1";"5.218,50";"11,00";"0,21";"110,00"
"13635895343";"09/02/2026 / 09:00:54";"WING26";"V";"3";"184.255,00";"executada";"saída";"3";"184.255,00";"470,00";"0,26";"282,00"
"13635894865";"09/02/2026 / 08:59:26";"WDOH26";"V";"1";"5.200,00";"executada";"entrada";"1";"5.229,50";"-";"-";"-"
"13635894841";"09/02/2026 / 08:59:19";"WING26";"C";"3";"185.500,00";"executada";"entrada";"3";"183.785,00";"-";"-";"-"
"13635501177";"05/02/2026 / 09:00:56";"WING26";"V";"3";"182.880,00";"executada";"saída";"3";"182.880,00";"505,00";"0,28";"303,00"
"13635500829";"05/02/2026 / 09:00:54";"WDOH26";"C";"1";"5.267,00";"executada";"saída";"1";"5.267,00";"8,50";"0,16";"85,00"
"13635500296";"05/02/2026 / 08:58:45";"WDOH26";"V";"1";"5.200,00";"executada";"entrada";"1";"5.275,50";"-";"-";"-"
"13635500267";"05/02/2026 / 08:58:43";"WING26";"C";"3";"184.500,00";"executada";"entrada";"3";"182.375,00";"-";"-";"-"
"13635352206";"04/02/2026 / 09:03:00";"WING26";"V";"3";"0,00";"executada";"saída";"3";"186.630,00";"-555,00";"-0,30";"-333,00"
"13635348269";"04/02/2026 / 09:00:53";"WING26";"V";"3";"187.735,00";"cancelada";"saída";"0";"0,00";"-";"-";"-"
"13635348075";"04/02/2026 / 09:00:52";"WDOH26";"C";"1";"5.256,50";"executada";"saída";"1";"5.256,50";"11,00";"0,21";"110,00"
"13635347786";"04/02/2026 / 08:58:28";"WDOH26";"V";"1";"5.200,00";"executada";"entrada";"1";"5.267,50";"-";"-";"-"
"13635347764";"04/02/2026 / 08:58:22";"WING26";"C";"3";"187.500,00";"executada";"entrada";"3";"187.185,00";"-";"-";"-"
"13635201865";"03/02/2026 / 09:00:53";"WING26";"V";"3";"185.010,00";"executada";"saída";"3";"185.010,00";"505,00";"0,27";"303,00"
"13635201751";"03/02/2026 / 09:00:53";"WDOH26";"C";"1";"5.265,00";"executada";"saída";"1";"5.265,00";"10,00";"0,19";"100,00"
"13635201341";"03/02/2026 / 08:59:15";"WDOH26";"V";"1";"5.250,00";"executada";"entrada";"1";"5.275,00";"-";"-";"-"
"13635201309";"03/02/2026 / 08:59:12";"WING26";"C";"3";"185.500,00";"executada";"entrada";"3";"184.505,00";"-";"-";"-"
"13633929223";"22/01/2026 / 09:01:27";"WDOG26";"C";"1";"0,00";"executada";"saída";"1";"5.335,00";"-8,00";"-0,15";"-80,00"
"13633927776";"22/01/2026 / 09:00:49";"WING26";"V";"3";"174.275,00";"executada";"saída";"3";"174.275,00";"490,00";"0,28";"294,00"
"13633927605";"22/01/2026 / 09:00:48";"WDOG26";"C";"1";"5.319,50";"cancelada";"saída";"0";"0,00";"-";"-";"-"
"13633927451";"22/01/2026 / 08:59:10";"WDOG26";"V";"1";"5.300,00";"executada";"entrada";"1";"5.327,00";"-";"-";"-"
"13633927430";"22/01/2026 / 08:59:07";"WING26";"C";"3";"175.000,00";"executada";"entrada";"3";"173.785,00";"-";"-";"-"
"13633837355";"21/01/2026 / 09:00:49";"WING26";"V";"3";"168.300,00";"executada";"saída";"3";"168.300,00";"500,00";"0,30";"300,00"
"13633837293";"21/01/2026 / 09:00:49";"WDOG26";"C";"1";"5.375,00";"executada";"saída";"1";"5.375,00";"8,00";"0,15";"80,00"
"13633836781";"21/01/2026 / 08:59:58";"WDOG26";"V";"1";"5.350,00";"executada";"entrada";"1";"5.383,00";"-";"-";"-"
"13633836754";"21/01/2026 / 08:59:43";"WING26";"C";"3";"169.000,00";"executada";"entrada";"3";"167.800,00";"-";"-";"-"
"13633728418";"20/01/2026 / 09:01:27";"WING26";"V";"3";"0,00";"executada";"saída";"3";"165.515,00";"-290,00";"-0,17";"-174,00"
"13633726822";"20/01/2026 / 09:00:56";"WING26";"V";"3";"166.055,00";"cancelada";"saída";"0";"0,00";"-";"-";"-"
"13633725871";"20/01/2026 / 09:00:48";"WDOG26";"C";"1";"5.387,50";"executada";"saída";"1";"5.387,50";"6,00";"0,11";"60,00"
"13633725591";"20/01/2026 / 08:59:21";"WDOG26";"V";"1";"5.350,00";"executada";"entrada";"1";"5.393,50";"-";"-";"-"
"13633725562";"20/01/2026 / 08:59:15";"WING26";"C";"3";"168.000,00";"executada";"entrada";"3";"165.805,00";"-";"-";"-"
"13633632676";"19/01/2026 / 09:00:49";"WDOG26";"C";"1";"5.390,50";"executada";"saída";"1";"5.390,50";"6,00";"0,11";"60,00"
"13633632482";"19/01/2026 / 09:00:48";"WING26";"V";"3";"166.030,00";"executada";"saída";"3";"166.085,00";"300,00";"0,18";"180,00"
"13633632141";"19/01/2026 / 08:59:33";"WDOG26";"V";"1";"5.350,00";"executada";"entrada";"1";"5.396,50";"-";"-";"-"
"13633632112";"19/01/2026 / 08:59:30";"WING26";"C";"3";"168.000,00";"executada";"entrada";"3";"165.785,00";"-";"-";"-"
"13633553766";"16/01/2026 / 09:02:43";"WING26";"V";"3";"167.670,00";"executada";"saída";"3";"167.670,00";"245,00";"0,15";"147,00"
"13633553216";"16/01/2026 / 09:01:00";"WDOG26";"C";"1";"0,00";"executada";"saída";"1";"5.390,00";"-5,00";"-0,09";"-50,00"
"13633553016";"16/01/2026 / 09:00:56";"WDOG26";"C";"1";"5.377,00";"cancelada";"saída";"0";"0,00";"-";"-";"-"
"13633552926";"16/01/2026 / 08:58:20";"WDOG26";"V";"1";"5.350,00";"executada";"entrada";"1";"5.385,00";"-";"-";"-"
"13633552901";"16/01/2026 / 08:58:18";"WING26";"C";"3";"169.000,00";"executada";"entrada";"3";"167.425,00";"-";"-";"-"
"13633452029";"15/01/2026 / 09:03:02";"WING26";"V";"3";"167.335,00";"executada";"saída";"3";"167.335,00";"330,00";"0,20";"198,00"
"13633451174";"15/01/2026 / 09:00:53";"WDOG26";"C";"1";"5.400,50";"executada";"saída";"1";"5.400,50";"11,00";"0,20";"110,00"
"13633450872";"15/01/2026 / 08:59:18";"WDOG26";"V";"1";"5.350,00";"executada";"entrada";"1";"5.411,50";"-";"-";"-"
"13633450839";"15/01/2026 / 08:59:14";"WING26";"C";"3";"169.000,00";"executada";"entrada";"3";"167.005,00";"-";"-";"-"
"13633362377";"14/01/2026 / 09:39:35";"WDOG26";"C";"1";"0,00";"executada";"saída";"1";"5.399,50";"-6,50";"-0,12";"-65,00"
"13633353652";"14/01/2026 / 09:03:07";"WING26";"V";"3";"164.325,00";"executada";"saída";"3";"164.325,00";"270,00";"0,16";"162,00"
"13633352653";"14/01/2026 / 09:00:51";"WDOG26";"C";"1";"5.386,50";"cancelada";"saída";"0";"0,00";"-";"-";"-"
"13633352394";"14/01/2026 / 08:59:39";"WDOG26";"V";"1";"5.350,00";"executada";"entrada";"1";"5.393,00";"-";"-";"-"
"13633352374";"14/01/2026 / 08:59:35";"WING26";"C";"3";"165.000,00";"executada";"entrada";"3";"164.055,00";"-";"-";"-"
"13633281696";"13/01/2026 / 09:07:00";"WING26";"V";"3";"0,00";"executada";"saída";"3";"165.240,00";"-250,00";"-0,15";"-150,00"
"13633281251";"13/01/2026 / 09:06:33";"WDOG26";"C";"1";"0,00";"executada";"saída";"1";"5.405,00";"-8,00";"-0,15";"-80,00"
"13633278767";"13/01/2026 / 09:02:59";"WING26";"V";"3";"165.730,00";"cancelada";"saída";"0";"0,00";"-";"-";"-"
"13633278165";"13/01/2026 / 09:00:49";"WDOG26";"C";"1";"5.389,00";"cancelada";"saída";"0";"0,00";"-";"-";"-"
"13633277806";"13/01/2026 / 08:59:28";"WDOG26";"V";"1";"5.350,00";"executada";"entrada";"1";"5.397,00";"-";"-";"-"
"13633277779";"13/01/2026 / 08:59:26";"WING26";"C";"3";"166.500,00";"executada";"entrada";"3";"165.490,00";"-";"-";"-"
"13633187670";"12/01/2026 / 09:05:10";"WING26";"V";"3";"0,00";"executada";"saída";"3";"165.210,00";"-295,00";"-0,18";"-177,00"
"13633183905";"12/01/2026 / 09:02:59";"WING26";"V";"3";"165.785,00";"cancelada";"saída";"0";"0,00";"-";"-";"-"
"13633182271";"12/01/2026 / 09:00:47";"WDOG26";"C";"1";"5.381,00";"executada";"saída";"1";"5.381,00";"6,50";"0,12";"65,00"
"13633182132";"12/01/2026 / 08:58:26";"WDOG26";"V";"1";"5.350,00";"executada";"entrada";"1";"5.387,50";"-";"-";"-"
"13633182103";"12/01/2026 / 08:58:21";"WING26";"C";"3";"166.500,00";"executada";"entrada";"3";"165.505,00";"-";"-";"-"
"13633071399";"09/01/2026 / 09:00:53";"WING26";"V";"3";"165.390,00";"executada";"saída";"3";"165.535,00";"380,00";"0,23";"228,00"
"13633071295";"09/01/2026 / 09:00:52";"WDOG26";"C";"1";"5.423,00";"executada";"saída";"1";"5.423,00";"5,00";"0,09";"50,00"
"13633070793";"09/01/2026 / 08:59:25";"WDOG26";"V";"1";"5.350,00";"executada";"entrada";"1";"5.428,00";"-";"-";"-"
"13633070766";"09/01/2026 / 08:59:19";"WING26";"C";"3";"166.000,00";"executada";"entrada";"3";"165.155,00";"-";"-";"-"
"13632961473";"08/01/2026 / 09:03:52";"WING26";"V";"3";"164.160,00";"executada";"saída";"3";"164.160,00";"255,00";"0,16";"153,00"
"13632960279";"08/01/2026 / 09:00:48";"WDOG26";"C";"1";"5.417,50";"executada";"saída";"1";"5.417,50";"6,00";"0,11";"60,00"
"13632959748";"08/01/2026 / 08:58:52";"WDOG26";"V";"1";"5.350,00";"executada";"entrada";"1";"5.423,50";"-";"-";"-"
"13632959725";"08/01/2026 / 08:58:46";"WING26";"C";"3";"165.500,00";"executada";"entrada";"3";"163.905,00";"-";"-";"-"
"13632852054";"07/01/2026 / 09:04:14";"WING26";"V";"3";"0,00";"executada";"saída";"3";"165.940,00";"-315,00";"-0,19";"-189,00"
"13632851923";"07/01/2026 / 09:04:11";"WDOG26";"C";"1";"0,00";"executada";"saída";"1";"5.409,00";"-6,50";"-0,12";"-65,00"
"13632849361";"07/01/2026 / 09:03:20";"WING26";"V";"3";"166.580,00";"cancelada";"saída";"0";"0,00";"-";"-";"-"
"13632848357";"07/01/2026 / 09:00:57";"WDOG26";"C";"1";"5.395,00";"cancelada";"saída";"0";"0,00";"-";"-";"-"
"13632848002";"07/01/2026 / 08:57:40";"WDOG26";"V";"1";"5.350,00";"executada";"entrada";"1";"5.402,50";"-";"-";"-"
"13632847970";"07/01/2026 / 08:57:35";"WING26";"C";"3";"167.500,00";"executada";"entrada";"3";"166.255,00";"-";"-";"-"
"13632760154";"06/01/2026 / 09:03:19";"WING26";"V";"3";"164.890,00";"executada";"saída";"3";"164.890,00";"310,00";"0,19";"186,00"
"13632759131";"06/01/2026 / 09:00:53";"WDOG26";"C";"1";"5.440,50";"executada";"saída";"1";"5.440,50";"8,00";"0,15";"80,00"
"13632759042";"06/01/2026 / 08:58:32";"WDOG26";"V";"1";"5.400,00";"executada";"entrada";"1";"5.448,50";"-";"-";"-"
"13632759015";"06/01/2026 / 08:58:29";"WING26";"C";"3";"166.000,00";"executada";"entrada";"3";"164.580,00";"-";"-";"-"
"13632655879";"05/01/2026 / 09:03:22";"WING26";"V";"3";"163.475,00";"executada";"saída";"3";"163.475,00";"310,00";"0,19";"186,00"
"13632654670";"05/01/2026 / 09:00:48";"WDOG26";"V";"1";"5.465,50";"executada";"saída";"1";"5.465,50";"10,00";"0,18";"100,00"
"13632654274";"05/01/2026 / 09:00:28";"WDOG26";"C";"1";"5.550,00";"executada";"entrada";"1";"5.455,50";"-";"-";"-"
"13632654259";"05/01/2026 / 09:00:16";"WING26";"C";"3";"164.000,00";"executada";"entrada";"3";"163.165,00";"-";"-";"-"
"13632251388";"26/12/2025 / 09:00:58";"WING26";"C";"3";"162.620,00";"executada";"saída";"3";"162.620,00";"310,00";"0,19";"186,00"
"13632251247";"26/12/2025 / 09:00:58";"WDOF26";"V";"1";"5.558,50";"executada";"saída";"1";"5.558,50";"8,00";"0,14";"80,00"
"13632250932";"26/12/2025 / 09:00:10";"WDOF26";"C";"1";"5.650,00";"executada";"entrada";"1";"5.550,50";"-";"-";"-"
"13632250873";"26/12/2025 / 08:59:58";"WING26";"V";"3";"161.000,00";"executada";"entrada";"3";"162.930,00";"-";"-";"-"
"13632150140";"23/12/2025 / 09:01:15";"WING26";"C";"3";"0,00";"executada";"saída";"3";"161.525,00";"-285,00";"-0,18";"-171,00"
"13632148757";"23/12/2025 / 09:00:53";"WDOF26";"V";"1";"5.598,00";"executada";"saída";"1";"5.598,00";"9,00";"0,16";"90,00"
"13632148621";"23/12/2025 / 09:00:52";"WING26";"C";"3";"160.950,00";"cancelada";"saída";"0";"0,00";"-";"-";"-"
"13632148131";"23/12/2025 / 08:59:16";"WDOF26";"C";"1";"5.650,00";"executada";"entrada";"1";"5.589,00";"-";"-";"-"
"13632148108";"23/12/2025 / 08:59:11";"WING26";"V";"3";"160.000,00";"executada";"entrada";"3";"161.240,00";"-";"-";"-"
"13632030218";"22/12/2025 / 09:02:22";"WING26";"C";"3";"0,00";"executada";"saída";"3";"162.380,00";"-330,00";"-0,20";"-198,00"
"13632027642";"22/12/2025 / 09:00:48";"WING26";"C";"3";"161.750,00";"cancelada";"saída";"0";"0,00";"-";"-";"-"
"13632027547";"22/12/2025 / 09:00:47";"WDOF26";"V";"1";"5.547,50";"executada";"saída";"1";"5.547,50";"8,50";"0,15";"85,00"
"13632027157";"22/12/2025 / 08:59:35";"WDOF26";"C";"1";"5.600,00";"executada";"entrada";"1";"5.539,00";"-";"-";"-"
"13632027133";"22/12/2025 / 08:59:32";"WING26";"V";"3";"160.000,00";"executada";"entrada";"3";"162.050,00";"-";"-";"-"
"13631471176";"16/12/2025 / 09:03:20";"WINZ25";"V";"1";"0,00";"executada";"saída";"1";"161.300,00";"45,00";"0,03";"9,00"
"13631470602";"16/12/2025 / 09:03:11";"WINZ25";"V";"1";"161.685,00";"cancelada";"saída";"0";"0,00";"-";"-";"-"
"13631468235";"16/12/2025 / 09:00:55";"WDOF26";"V";"3";"5.447,00";"executada";"saída";"3";"5.447,00";"8,00";"0,15";"240,00"
"13631468052";"16/12/2025 / 08:59:35";"WDOF26";"C";"3";"5.500,00";"executada";"entrada";"3";"5.439,00";"-";"-";"-"
"13631468027";"16/12/2025 / 08:59:23";"WINZ25";"C";"1";"164.000,00";"executada";"entrada";"1";"161.255,00";"-";"-";"-"
"13631361382";"15/12/2025 / 09:02:55";"WINZ25";"V";"3";"162.025,00";"executada";"saída";"3";"162.025,00";"445,00";"0,28";"267,00"
"13631359910";"15/12/2025 / 09:00:47";"WDOF26";"V";"1";"5.430,00";"executada";"saída";"1";"5.430,00";"9,50";"0,18";"95,00"
"13631359593";"15/12/2025 / 08:58:29";"WDOF26";"C";"1";"5.500,00";"executada";"entrada";"1";"5.420,50";"-";"-";"-"
"13631359567";"15/12/2025 / 08:58:26";"WINZ25";"C";"3";"162.000,00";"executada";"entrada";"3";"161.580,00";"-";"-";"-"
"13630741878";"05/12/2025 / 11:28:10";"WINZ25";"V";"3";"0,00";"executada";"saída";"3";"164.940,00";"-315,00";"-0,19";"-189,00"
"13630711959";"05/12/2025 / 09:12:43";"WDOF26";"C";"1";"0,00";"executada";"saída";"1";"5.332,00";"-5,00";"-0,09";"-50,00"
"13630706635";"05/12/2025 / 09:03:16";"WINZ25";"V";"3";"165.555,00";"cancelada";"saída";"0";"0,00";"-";"-";"-"
"13630705443";"05/12/2025 / 09:00:47";"WDOF26";"C";"1";"5.322,00";"cancelada";"saída";"0";"0,00";"-";"-";"-"
"13630705254";"05/12/2025 / 08:58:59";"WDOF26";"V";"1";"5.300,00";"executada";"entrada";"1";"5.327,00";"-";"-";"-"
"13630705226";"05/12/2025 / 08:58:54";"WINZ25";"C";"3";"166.500,00";"executada";"entrada";"3";"165.255,00";"-";"-";"-"
"13630616249";"04/12/2025 / 09:02:48";"WINZ25";"V";"3";"162.885,00";"executada";"saída";"3";"162.885,00";"225,00";"0,14";"135,00"
"13630615760";"04/12/2025 / 09:01:02";"WDOF26";"C";"1";"5.329,50";"executada";"saída";"1";"5.329,50";"6,00";"0,11";"60,00"
"13630615430";"04/12/2025 / 09:00:51";"WDOF26";"V";"1";"5.300,00";"executada";"entrada";"1";"5.335,50";"-";"-";"-"
"13630615411";"04/12/2025 / 09:00:51";"WINZ25";"C";"3";"163.000,00";"executada";"entrada";"3";"162.660,00";"-";"-";"-"
"13630545794";"03/12/2025 / 09:39:23";"WDOF26";"C";"1";"0,00";"executada";"saída";"1";"5.354,50";"-5,00";"-0,09";"-50,00"
"13630529962";"03/12/2025 / 09:02:32";"WINZ25";"V";"3";"162.695,00";"executada";"saída";"3";"162.695,00";"310,00";"0,19";"186,00"
"13630528659";"03/12/2025 / 09:00:58";"WDOF26";"C";"1";"5.344,00";"cancelada";"saída";"0";"0,00";"-";"-";"-"
"13630528228";"03/12/2025 / 08:58:26";"WDOF26";"V";"1";"5.300,00";"executada";"entrada";"1";"5.349,50";"-";"-";"-"
"13630528192";"03/12/2025 / 08:58:20";"WINZ25";"C";"3";"163.500,00";"executada";"entrada";"3";"162.385,00";"-";"-";"-"
"13630444365";"02/12/2025 / 09:02:36";"WINZ25";"V";"3";"160.315,00";"executada";"saída";"3";"160.315,00";"285,00";"0,18";"171,00"
"13630443725";"02/12/2025 / 09:00:56";"WDOF26";"C";"1";"5.382,50";"executada";"saída";"1";"5.382,50";"5,00";"0,09";"50,00"
"13630443241";"02/12/2025 / 08:59:38";"WDOF26";"V";"1";"5.300,00";"executada";"entrada";"1";"5.387,50";"-";"-";"-"
"13630443221";"02/12/2025 / 08:59:33";"WINZ25";"C";"3";"161.000,00";"executada";"entrada";"3";"160.030,00";"-";"-";"-"
"13630362581";"01/12/2025 / 09:03:13";"WINZ25";"V";"3";"160.280,00";"executada";"saída";"3";"160.280,00";"275,00";"0,17";"165,00"
"13630361348";"01/12/2025 / 09:00:54";"WDOF26";"C";"1";"5.364,50";"executada";"saída";"1";"5.364,50";"6,50";"0,12";"65,00"
"13630361294";"01/12/2025 / 08:59:22";"WDOF26";"V";"1";"5.300,00";"executada";"entrada";"1";"5.371,00";"-";"-";"-"
"13630361265";"01/12/2025 / 08:59:20";"WINZ25";"C";"3";"161.500,00";"executada";"entrada";"3";"160.005,00";"-";"-";"-"
"13630279764";"28/11/2025 / 09:03:29";"WDOF26";"C";"1";"5.382,50";"executada";"saída";"1";"5.382,50";"5,00";"0,09";"50,00"
"13630277435";"28/11/2025 / 09:00:53";"WINZ25";"V";"3";"159.695,00";"executada";"saída";"3";"159.695,00";"205,00";"0,13";"123,00"
"13630276925";"28/11/2025 / 08:59:05";"WDOF26";"V";"1";"5.300,00";"executada";"entrada";"1";"5.387,50";"-";"-";"-"
"13630276892";"28/11/2025 / 08:58:58";"WINZ25";"C";"3";"161.000,00";"executada";"entrada";"3";"159.490,00";"-";"-";"-"
"13630244144";"27/11/2025 / 11:05:10";"WINZ25";"V";"3";"0,00";"executada";"saída";"3";"159.495,00";"-325,00";"-0,20";"-195,00"
"13630215355";"27/11/2025 / 09:03:04";"WINZ25";"V";"3";"160.140,00";"cancelada";"saída";"0";"0,00";"-";"-";"-"
"13630214111";"27/11/2025 / 09:00:54";"WDOZ25";"C";"1";"5.333,00";"executada";"saída";"1";"5.333,00";"6,50";"0,12";"65,00"
"13630213645";"27/11/2025 / 08:58:03";"WDOZ25";"V";"1";"5.250,00";"executada";"entrada";"1";"5.339,50";"-";"-";"-"
"13630213609";"27/11/2025 / 08:58:01";"WINZ25";"C";"3";"161.000,00";"executada";"entrada";"3";"159.820,00";"-";"-";"-"
"13630141229";"26/11/2025 / 09:03:04";"WINZ25";"V";"3";"157.850,00";"executada";"saída";"3";"157.850,00";"345,00";"0,22";"207,00"
"13630140335";"26/11/2025 / 09:00:38";"WDOZ25";"C";"1";"5.376,50";"executada";"saída";"1";"5.376,50";"8,00";"0,15";"80,00"
"13630140267";"26/11/2025 / 08:58:32";"WDOZ25";"V";"1";"5.300,00";"executada";"entrada";"1";"5.384,50";"-";"-";"-"
"13630140253";"26/11/2025 / 08:58:28";"WINZ25";"C";"3";"158.500,00";"executada";"entrada";"3";"157.505,00";"-";"-";"-"
"13630055797";"25/11/2025 / 09:24:35";"WINZ25";"V";"3";"0,00";"executada";"saída";"3";"156.560,00";"-330,00";"-0,21";"-198,00"
"13630045044";"25/11/2025 / 09:03:08";"WINZ25";"V";"3";"157.185,00";"cancelada";"saída";"0";"0,00";"-";"-";"-"
"13630043765";"25/11/2025 / 09:00:34";"WDOZ25";"C";"1";"5.383,00";"executada";"saída";"1";"5.383,00";"8,50";"0,16";"85,00"
"13630043621";"25/11/2025 / 08:57:38";"WDOZ25";"V";"1";"5.300,00";"executada";"entrada";"1";"5.391,50";"-";"-";"-"
"13630043580";"25/11/2025 / 08:57:33";"WINZ25";"C";"3";"158.000,00";"executada";"entrada";"3";"156.890,00";"-";"-";"-"
"13629968579";"24/11/2025 / 09:06:08";"WINZ25";"V";"3";"0,00";"executada";"saída";"3";"156.395,00";"-360,00";"-0,23";"-216,00"
"13629964574";"24/11/2025 / 09:03:04";"WINZ25";"V";"3";"157.140,00";"cancelada";"saída";"0";"0,00";"-";"-";"-"
"13629963466";"24/11/2025 / 09:00:55";"WDOZ25";"C";"1";"5.394,00";"executada";"saída";"1";"5.394,00";"13,50";"0,25";"135,00"
"13629963133";"24/11/2025 / 08:58:56";"WDOZ25";"V";"1";"5.300,00";"executada";"entrada";"1";"5.407,50";"-";"-";"-"
"13629963110";"24/11/2025 / 08:58:53";"WINZ25";"C";"3";"157.500,00";"executada";"entrada";"3";"156.755,00";"-";"-";"-"
"13629848730";"21/11/2025 / 09:02:59";"WINZ25";"V";"3";"155.465,00";"executada";"saída";"3";"155.465,00";"260,00";"0,17";"156,00"
"13629847549";"21/11/2025 / 09:01:05";"WDOZ25";"C";"1";"0,00";"executada";"saída";"1";"5.367,00";"-5,00";"-0,09";"-50,00"
"13629846407";"21/11/2025 / 09:00:48";"WDOZ25";"C";"1";"5.356,50";"cancelada";"saída";"0";"0,00";"-";"-";"-"
"13629845812";"21/11/2025 / 08:58:23";"WDOZ25";"V";"1";"5.300,00";"executada";"entrada";"1";"5.362,00";"-";"-";"-"
"13629845784";"21/11/2025 / 08:58:06";"WINZ25";"C";"3";"158.000,00";"executada";"entrada";"3";"155.205,00";"-";"-";"-"
"13629776256";"19/11/2025 / 09:24:42";"WDOZ25";"C";"1";"0,00";"executada";"saída";"1";"5.342,50";"-6,50";"-0,12";"-65,00"
"13629772977";"19/11/2025 / 09:18:46";"WINZ25";"V";"3";"0,00";"executada";"saída";"3";"158.025,00";"-340,00";"-0,21";"-204,00"
"13629765616";"19/11/2025 / 09:03:00";"WINZ25";"V";"3";"158.720,00";"cancelada";"saída";"0";"0,00";"-";"-";"-"
"13629764992";"19/11/2025 / 09:00:55";"WDOZ25";"C";"1";"5.329,50";"cancelada";"saída";"0";"0,00";"-";"-";"-"
"13629764786";"19/11/2025 / 08:59:32";"WDOZ25";"V";"1";"5.300,00";"executada";"entrada";"1";"5.336,00";"-";"-";"-"
"13629764740";"19/11/2025 / 08:59:27";"WINZ25";"C";"3";"159.000,00";"executada";"entrada";"3";"158.365,00";"-";"-";"-"
"13629677973";"18/11/2025 / 09:26:03";"WDOZ25";"C";"1";"0,00";"executada";"saída";"1";"5.356,50";"-6,00";"-0,11";"-60,00"
"13629672352";"18/11/2025 / 09:09:54";"WINZ25";"V";"3";"0,00";"executada";"saída";"3";"157.845,00";"-260,00";"-0,16";"-156,00"
"13629667403";"18/11/2025 / 09:03:31";"WINZ25";"V";"3";"158.385,00";"cancelada";"saída";"0";"0,00";"-";"-";"-"
"13629666047";"18/11/2025 / 09:00:34";"WDOZ25";"C";"1";"5.344,50";"cancelada";"saída";"0";"0,00";"-";"-";"-"
"13629665900";"18/11/2025 / 08:58:49";"WDOZ25";"V";"1";"5.250,00";"executada";"entrada";"1";"5.350,50";"-";"-";"-"
"13629665880";"18/11/2025 / 08:58:45";"WINZ25";"C";"3";"160.000,00";"executada";"entrada";"3";"158.105,00";"-";"-";"-"
"13629553819";"17/11/2025 / 09:04:50";"WINZ25";"V";"3";"0,00";"executada";"saída";"3";"159.335,00";"-255,00";"-0,16";"-153,00"
"13629550868";"17/11/2025 / 09:03:13";"WINZ25";"V";"3";"159.860,00";"cancelada";"saída";"0";"0,00";"-";"-";"-"
"13629550167";"17/11/2025 / 09:00:44";"WDOZ25";"C";"1";"5.310,00";"executada";"saída";"1";"5.310,00";"6,50";"0,12";"65,00"
"13629549830";"17/11/2025 / 08:59:18";"WDOZ25";"V";"1";"5.250,00";"executada";"entrada";"1";"5.316,50";"-";"-";"-"
"13629549811";"17/11/2025 / 08:59:13";"WINZ25";"C";"3";"161.000,00";"executada";"entrada";"3";"159.590,00";"-";"-";"-"
"13629428203";"14/11/2025 / 09:03:03";"WINZ25";"V";"3";"158.580,00";"executada";"saída";"3";"158.580,00";"280,00";"0,18";"168,00"
"13629425748";"14/11/2025 / 09:00:32";"WDOZ25";"C";"1";"5.318,50";"executada";"saída";"1";"5.318,50";"6,00";"0,11";"60,00"
"13629425532";"14/11/2025 / 08:59:38";"WDOZ25";"V";"1";"5.290,00";"executada";"entrada";"1";"5.324,50";"-";"-";"-"
"13629425484";"14/11/2025 / 08:59:16";"WINZ25";"C";"3";"159.000,00";"executada";"entrada";"3";"158.300,00";"-";"-";"-"
"13629317825";"13/11/2025 / 09:03:03";"WINZ25";"V";"3";"0,00";"executada";"saída";"3";"159.695,00";"-260,00";"-0,16";"-156,00"
"13629316980";"13/11/2025 / 09:02:52";"WINZ25";"V";"3";"160.230,00";"cancelada";"saída";"0";"0,00";"-";"-";"-"
"13629316598";"13/11/2025 / 09:02:33";"WDOZ25";"C";"1";"0,00";"executada";"saída";"1";"5.305,50";"-4,50";"-0,08";"-45,00"
"13629314633";"13/11/2025 / 09:00:50";"WDOZ25";"C";"1";"5.296,00";"cancelada";"saída";"0";"0,00";"-";"-";"-"
"13629314510";"13/11/2025 / 08:59:16";"WDOZ25";"V";"1";"5.250,00";"executada";"entrada";"1";"5.301,00";"-";"-";"-"
"13629314477";"13/11/2025 / 08:59:12";"WINZ25";"C";"3";"161.000,00";"executada";"entrada";"3";"159.955,00";"-";"-";"-"
"13629260042";"12/11/2025 / 10:54:39";"WINZ25";"V";"3";"0,00";"executada";"saída";"3";"159.696,67";"-308,33";"-0,19";"-185,00"
"13629231613";"12/11/2025 / 09:03:54";"WDOZ25";"C";"1";"5.292,00";"executada";"saída";"1";"5.292,00";"6,00";"0,11";"60,00"
"13629230691";"12/11/2025 / 09:03:20";"WINZ25";"V";"3";"160.320,00";"cancelada";"saída";"0";"0,00";"-";"-";"-"
"13629230146";"12/11/2025 / 08:57:51";"WINZ25";"C";"3";"161.000,00";"executada";"entrada";"3";"160.005,00";"-";"-";"-"
"13629230128";"12/11/2025 / 08:57:45";"WDOZ25";"V";"1";"5.200,00";"executada";"entrada";"1";"5.298,00";"-";"-";"-"
"13629142585";"11/11/2025 / 09:03:10";"WINZ25";"V";"3";"158.205,00";"executada";"saída";"3";"158.205,00";"260,00";"0,16";"156,00"
"13629141160";"11/11/2025 / 09:00:42";"WDOZ25";"C";"1";"5.307,50";"executada";"saída";"1";"5.307,50";"5,50";"0,10";"55,00"
"13629140860";"11/11/2025 / 08:57:43";"WDOZ25";"V";"1";"5.250,00";"executada";"entrada";"1";"5.313,00";"-";"-";"-"
"13629140834";"11/11/2025 / 08:57:40";"WINZ25";"C";"3";"159.000,00";"executada";"entrada";"3";"157.945,00";"-";"-";"-"
"13629064655";"10/11/2025 / 09:03:12";"WINZ25";"V";"3";"0,00";"executada";"saída";"3";"156.910,00";"-195,00";"-0,12";"-117,00"
"13629064108";"10/11/2025 / 09:02:59";"WINZ25";"V";"3";"157.320,00";"cancelada";"saída";"0";"0,00";"-";"-";"-"
"13629060974";"10/11/2025 / 09:00:42";"WDOZ25";"C";"1";"5.334,00";"executada";"saída";"1";"5.334,00";"5,50";"0,10";"55,00"
"13629060652";"10/11/2025 / 08:58:39";"WDOZ25";"V";"1";"5.300,00";"executada";"entrada";"1";"5.339,50";"-";"-";"-"
"13629060630";"10/11/2025 / 08:58:35";"WINZ25";"C";"3";"159.000,00";"executada";"entrada";"3";"157.105,00";"-";"-";"-"
"13628976219";"07/11/2025 / 09:04:06";"WINZ25";"V";"3";"0,00";"executada";"saída";"3";"155.470,00";"-170,00";"-0,11";"-102,00"
"13628975013";"07/11/2025 / 09:03:05";"WINZ25";"V";"3";"155.840,00";"cancelada";"saída";"0";"0,00";"-";"-";"-"
"13628973723";"07/11/2025 / 09:00:32";"WDOZ25";"C";"1";"5.369,50";"executada";"saída";"1";"5.369,50";"6,00";"0,11";"60,00"
"13628973662";"07/11/2025 / 08:58:24";"WDOZ25";"V";"1";"5.300,00";"executada";"entrada";"1";"5.375,50";"-";"-";"-"
"13628973651";"07/11/2025 / 08:58:20";"WINZ25";"C";"3";"157.000,00";"executada";"entrada";"3";"155.640,00";"-";"-";"-"
"13628858752";"06/11/2025 / 09:03:03";"WINZ25";"V";"3";"155.750,00";"executada";"saída";"3";"155.750,00";"290,00";"0,19";"174,00"
"13628857120";"06/11/2025 / 09:00:52";"WDOZ25";"C";"1";"5.373,00";"executada";"saída";"1";"5.373,00";"6,50";"0,12";"65,00"
"13628857006";"06/11/2025 / 09:00:09";"WDOZ25";"V";"1";"5.300,00";"executada";"entrada";"1";"5.379,50";"-";"-";"-"
"13628856942";"06/11/2025 / 08:59:58";"WINZ25";"C";"3";"157.000,00";"executada";"entrada";"3";"155.460,00";"-";"-";"-"
"13628764102";"05/11/2025 / 09:03:22";"WINZ25";"V";"3";"153.115,00";"executada";"saída";"3";"153.115,00";"260,00";"0,17";"156,00"
"13628762183";"05/11/2025 / 09:00:45";"WDOZ25";"C";"1";"5.425,00";"executada";"saída";"1";"5.425,00";"7,50";"0,14";"75,00"
"13628762070";"05/11/2025 / 08:59:13";"WDOZ25";"V";"1";"5.400,00";"executada";"entrada";"1";"5.432,50";"-";"-";"-"
"13628762049";"05/11/2025 / 08:59:09";"WINZ25";"C";"3";"154.000,00";"executada";"entrada";"3";"152.855,00";"-";"-";"-"
"13628682160";"04/11/2025 / 09:04:40";"WDOZ25";"C";"1";"0,00";"executada";"saída";"1";"5.423,50";"-6,50";"-0,12";"-65,00"
"13628679146";"04/11/2025 / 09:03:12";"WINZ25";"V";"3";"152.210,00";"executada";"saída";"3";"152.210,00";"255,00";"0,17";"153,00"
"13628677029";"04/11/2025 / 09:00:49";"WDOZ25";"C";"1";"5.410,50";"cancelada";"saída";"0";"0,00";"-";"-";"-"
"13628676458";"04/11/2025 / 08:59:11";"WDOZ25";"V";"1";"5.300,00";"executada";"entrada";"1";"5.417,00";"-";"-";"-"
"13628676420";"04/11/2025 / 08:59:08";"WINZ25";"C";"3";"154.000,00";"executada";"entrada";"3";"151.955,00";"-";"-";"-"
"13628595770";"03/11/2025 / 09:02:12";"WDOZ25";"C";"1";"0,00";"executada";"saída";"1";"5.416,00";"-7,00";"-0,13";"-70,00"
"13628595762";"03/11/2025 / 09:02:12";"WINZ25";"V";"3";"0,00";"executada";"saída";"3";"152.050,00";"-180,00";"-0,12";"-108,00"
"13628591685";"03/11/2025 / 09:00:44";"WDOZ25";"C";"1";"5.404,00";"cancelada";"saída";"0";"0,00";"-";"-";"-"
"13628591037";"03/11/2025 / 09:00:36";"WINZ25";"V";"3";"152.420,00";"cancelada";"saída";"0";"0,00";"-";"-";"-"
"13628590903";"03/11/2025 / 08:58:58";"WDOZ25";"V";"1";"5.300,00";"executada";"entrada";"1";"5.409,00";"-";"-";"-"
"13628590880";"03/11/2025 / 08:58:53";"WINZ25";"C";"3";"153.000,00";"executada";"entrada";"3";"152.230,00";"-";"-";"-"
"13628495975";"31/10/2025 / 09:00:58";"WINZ25";"V";"3";"151.775,00";"executada";"saída";"3";"151.775,00";"285,00";"0,19";"171,00"
"13628495728";"31/10/2025 / 09:00:54";"WDOZ25";"C";"1";"5.418,50";"executada";"saída";"1";"5.418,50";"6,00";"0,11";"60,00"
"13628495253";"31/10/2025 / 08:58:31";"WDOZ25";"V";"1";"5.350,00";"executada";"entrada";"1";"5.424,50";"-";"-";"-"
"13628495221";"31/10/2025 / 08:58:26";"WINZ25";"C";"3";"153.000,00";"executada";"entrada";"3";"151.490,00";"-";"-";"-"
"13628413233";"30/10/2025 / 09:01:26";"WINZ25";"V";"3";"0,00";"executada";"saída";"3";"150.745,00";"-260,00";"-0,17";"-156,00"
"13628411486";"30/10/2025 / 09:00:49";"WINZ25";"V";"3";"151.260,00";"cancelada";"saída";"0";"0,00";"-";"-";"-"
"13628410679";"30/10/2025 / 09:00:43";"WDOX25";"C";"1";"0,00";"executada";"saída";"1";"5.369,50";"-4,50";"-0,08";"-45,00"
"13628410211";"30/10/2025 / 09:00:39";"WDOX25";"C";"1";"5.359,00";"cancelada";"saída";"0";"0,00";"-";"-";"-"
"13628409868";"30/10/2025 / 08:59:28";"WDOX25";"V";"1";"5.300,00";"executada";"entrada";"1";"5.365,00";"-";"-";"-"
"13628409820";"30/10/2025 / 08:59:23";"WINZ25";"C";"3";"152.500,00";"executada";"entrada";"3";"151.005,00";"-";"-";"-"
"13628312545";"29/10/2025 / 09:00:37";"WINZ25";"V";"3";"150.730,00";"executada";"saída";"3";"150.730,00";"260,00";"0,17";"156,00"
"13628312075";"29/10/2025 / 09:00:32";"WDOX25";"C";"1";"5.361,50";"executada";"saída";"1";"5.361,50";"5,00";"0,09";"50,00"
"13628311959";"29/10/2025 / 08:59:17";"WDOX25";"V";"1";"5.300,00";"executada";"entrada";"1";"5.366,50";"-";"-";"-"
"13628311921";"29/10/2025 / 08:59:12";"WINZ25";"C";"3";"151.000,00";"executada";"entrada";"3";"150.470,00";"-";"-";"-"
"13628238866";"28/10/2025 / 09:10:08";"WDOX25";"C";"1";"0,00";"executada";"saída";"1";"5.391,50";"-6,50";"-0,12";"-65,00"
"13628238036";"28/10/2025 / 09:08:55";"WINZ25";"V";"3";"0,00";"executada";"saída";"3";"149.208,33";"-316,67";"-0,21";"-190,00"
"13628233721";"28/10/2025 / 09:01:00";"WDOX25";"C";"1";"5.378,50";"cancelada";"saída";"0";"0,00";"-";"-";"-"
"13628232922";"28/10/2025 / 09:00:45";"WINZ25";"V";"3";"149.850,00";"cancelada";"saída";"0";"0,00";"-";"-";"-"
"13628232729";"28/10/2025 / 08:57:51";"WDOX25";"V";"1";"5.350,00";"executada";"entrada";"1";"5.385,00";"-";"-";"-"
"13628232703";"28/10/2025 / 08:57:44";"WINZ25";"C";"3";"150.500,00";"executada";"entrada";"3";"149.525,00";"-";"-";"-"
"13628155642";"27/10/2025 / 09:08:54";"WDOX25";"C";"1";"0,00";"executada";"saída";"1";"5.378,00";"-6,00";"-0,11";"-60,00"
"13628148237";"27/10/2025 / 09:00:58";"WDOX25";"C";"1";"5.366,00";"cancelada";"saída";"0";"0,00";"-";"-";"-"
"13628146924";"27/10/2025 / 09:00:33";"WINZ25";"V";"3";"150.310,00";"executada";"saída";"3";"150.310,00";"230,00";"0,15";"138,00"
"13628146656";"27/10/2025 / 08:59:32";"WDOX25";"V";"1";"5.300,00";"executada";"entrada";"1";"5.372,00";"-";"-";"-"
"13628146617";"27/10/2025 / 08:59:29";"WINZ25";"C";"3";"151.000,00";"executada";"entrada";"3";"150.080,00";"-";"-";"-"
"13628049000";"24/10/2025 / 09:30:07";"WDOX25";"V";"1";"0,00";"executada";"saída";"1";"5.381,50";"-16,00";"-0,30";"-160,00"
"13628033370";"24/10/2025 / 09:00:59";"WDOX25";"V";"1";"5.402,50";"cancelada";"saída";"0";"0,00";"-";"-";"-"
"13628032206";"24/10/2025 / 09:00:35";"WINZ25";"V";"3";"148.795,00";"executada";"saída";"3";"148.795,00";"245,00";"0,16";"147,00"
"13628031926";"24/10/2025 / 08:57:48";"WDOX25";"C";"1";"5.450,00";"executada";"entrada";"1";"5.397,50";"-";"-";"-"
"13628031883";"24/10/2025 / 08:57:45";"WINZ25";"C";"3";"150.000,00";"executada";"entrada";"3";"148.550,00";"-";"-";"-"
"13627937276";"23/10/2025 / 09:01:35";"WDOX25";"V";"1";"0,00";"executada";"saída";"1";"5.409,50";"-5,00";"-0,09";"-50,00"
"13627936928";"23/10/2025 / 09:01:19";"WINZ25";"C";"3";"0,00";"executada";"saída";"3";"148.223,33";"-268,33";"-0,18";"-161,00"
"13627935734";"23/10/2025 / 09:00:56";"WINZ25";"C";"3";"147.695,00";"cancelada";"saída";"0";"0,00";"-";"-";"-"
"13627935261";"23/10/2025 / 09:00:49";"WDOX25";"V";"1";"5.420,00";"cancelada";"saída";"0";"0,00";"-";"-";"-"
"13627935208";"23/10/2025 / 08:59:54";"WDOX25";"C";"1";"5.500,00";"executada";"entrada";"1";"5.414,50";"-";"-";"-"
"13627935167";"23/10/2025 / 08:59:38";"WINZ25";"V";"3";"146.000,00";"executada";"entrada";"3";"147.955,00";"-";"-";"-"
"13627812470";"22/10/2025 / 09:01:05";"WDOX25";"V";"1";"0,00";"executada";"saída";"1";"5.403,00";"-5,00";"-0,09";"-50,00"
"13627809826";"22/10/2025 / 09:00:44";"WINZ25";"C";"3";"146.760,00";"executada";"saída";"3";"146.760,00";"230,00";"0,16";"138,00"
"13627809354";"22/10/2025 / 09:00:38";"WDOX25";"V";"1";"5.413,50";"cancelada";"saída";"0";"0,00";"-";"-";"-"
"13627809162";"22/10/2025 / 08:58:08";"WDOX25";"C";"1";"5.500,00";"executada";"entrada";"1";"5.408,00";"-";"-";"-"
"13627809126";"22/10/2025 / 08:58:03";"WINZ25";"V";"3";"146.000,00";"executada";"entrada";"3";"146.990,00";"-";"-";"-"
"13627692830";"21/10/2025 / 09:01:55";"WDOX25";"V";"1";"0,00";"executada";"saída";"1";"5.399,00";"-6,00";"-0,11";"-60,00"
"13627690230";"21/10/2025 / 09:00:41";"WINZ25";"C";"3";"146.870,00";"executada";"saída";"3";"146.870,00";"225,00";"0,15";"135,00"
"13627689406";"21/10/2025 / 09:00:37";"WDOX25";"V";"1";"5.411,00";"cancelada";"saída";"0";"0,00";"-";"-";"-"
"13627689101";"21/10/2025 / 08:58:06";"WDOX25";"C";"1";"5.450,00";"executada";"entrada";"1";"5.405,00";"-";"-";"-"
"13627689060";"21/10/2025 / 08:58:00";"WINZ25";"V";"3";"146.000,00";"executada";"entrada";"3";"147.095,00";"-";"-";"-"
"13627569681";"17/10/2025 / 09:06:48";"WINZ25";"C";"3";"0,00";"executada";"saída";"3";"145.213,33";"-333,33";"-0,23";"-200,00"
"13627567375";"17/10/2025 / 09:05:28";"WDOX25";"V";"1";"0,00";"executada";"saída";"1";"5.461,50";"-8,50";"-0,16";"-85,00"
"13627562452";"17/10/2025 / 09:00:49";"WINZ25";"C";"3";"144.540,00";"cancelada";"saída";"0";"0,00";"-";"-";"-"
"13627562086";"17/10/2025 / 09:00:35";"WDOX25";"V";"1";"5.479,00";"cancelada";"saída";"0";"0,00";"-";"-";"-"
"13627562034";"17/10/2025 / 08:58:32";"WDOX25";"C";"1";"5.550,00";"executada";"entrada";"1";"5.470,00";"-";"-";"-"
"13627561994";"17/10/2025 / 08:58:28";"WINZ25";"V";"3";"144.000,00";"executada";"entrada";"3";"144.880,00";"-";"-";"-"
"13627432112";"16/10/2025 / 09:24:32";"WDOX25";"V";"1";"0,00";"executada";"saída";"1";"5.459,50";"-11,00";"-0,20";"-110,00"
"13627417662";"16/10/2025 / 09:00:56";"WINZ25";"C";"3";"145.340,00";"executada";"saída";"3";"145.340,00";"390,00";"0,27";"234,00"
"13627416898";"16/10/2025 / 09:00:38";"WDOX25";"V";"1";"5.480,50";"cancelada";"saída";"0";"0,00";"-";"-";"-"
"13627416727";"16/10/2025 / 08:58:59";"WDOX25";"C";"1";"5.550,00";"executada";"entrada";"1";"5.470,50";"-";"-";"-"
"13627416687";"16/10/2025 / 08:58:54";"WINZ25";"V";"3";"144.500,00";"executada";"entrada";"3";"145.730,00";"-";"-";"-"
"13627322308";"15/10/2025 / 10:30:44";"WDOX25";"V";"1";"0,00";"executada";"saída";"1";"5.469,00";"-14,00";"-0,26";"-140,00"
"13627281520";"15/10/2025 / 09:00:57";"WDOX25";"V";"1";"5.496,50";"cancelada";"saída";"0";"0,00";"-";"-";"-"
"13627280240";"15/10/2025 / 09:00:35";"WINZ25";"C";"3";"144.785,00";"executada";"saída";"3";"144.785,00";"355,00";"0,24";"213,00"
"13627280045";"15/10/2025 / 08:59:59";"WDOX25";"C";"1";"5.600,00";"executada";"entrada";"1";"5.483,00";"-";"-";"-"
"13627280015";"15/10/2025 / 08:59:37";"WINZ25";"V";"3";"144.000,00";"executada";"entrada";"3";"145.140,00";"-";"-";"-"
"13627174999";"14/10/2025 / 09:18:01";"WINV25";"C";"3";"0,00";"executada";"saída";"3";"140.975,00";"-390,00";"-0,28";"-234,00"
"13627165870";"14/10/2025 / 09:02:54";"WINV25";"C";"3";"140.230,00";"cancelada";"saída";"0";"0,00";"-";"-";"-"
"13627163147";"14/10/2025 / 09:00:33";"WDOX25";"V";"1";"5.521,50";"executada";"saída";"1";"5.521,50";"15,00";"0,27";"150,00"
"13627162859";"14/10/2025 / 08:59:31";"WDOX25";"C";"1";"5.550,00";"executada";"entrada";"1";"5.506,50";"-";"-";"-"
"13627162836";"14/10/2025 / 08:59:27";"WINV25";"V";"3";"140.000,00";"executada";"entrada";"3";"140.585,00";"-";"-";"-"
"13627071945";"13/10/2025 / 09:04:05";"WDOX25";"V";"1";"0,00";"executada";"saída";"1";"5.503,00";"-17,50";"-0,32";"-175,00"
"13627071258";"13/10/2025 / 09:03:22";"WINV25";"C";"3";"0,00";"executada";"saída";"3";"141.850,00";"-305,00";"-0,22";"-183,00"
"13627069396";"13/10/2025 / 09:02:49";"WINV25";"C";"3";"141.250,00";"cancelada";"saída";"0";"0,00";"-";"-";"-"
"13627065388";"13/10/2025 / 09:00:42";"WDOX25";"V";"1";"5.538,00";"cancelada";"saída";"0";"0,00";"-";"-";"-"
"13627064944";"13/10/2025 / 08:58:47";"WDOX25";"C";"1";"5.600,00";"executada";"entrada";"1";"5.520,50";"-";"-";"-"
"13627064888";"13/10/2025 / 08:58:42";"WINV25";"V";"3";"139.000,00";"executada";"entrada";"3";"141.545,00";"-";"-";"-"
"13626920117";"10/10/2025 / 09:34:42";"WINV25";"C";"3";"0,00";"executada";"saída";"3";"142.440,00";"-300,00";"-0,21";"-180,00"
"13626907014";"10/10/2025 / 09:03:12";"WINV25";"C";"3";"141.850,00";"cancelada";"saída";"0";"0,00";"-";"-";"-"
"13626906003";"10/10/2025 / 09:00:45";"WDOX25";"C";"1";"5.393,50";"executada";"saída";"1";"5.393,50";"5,50";"0,10";"55,00"
"13626905895";"10/10/2025 / 08:58:40";"WDOX25";"V";"1";"5.300,00";"executada";"entrada";"1";"5.399,00";"-";"-";"-"
"13626905848";"10/10/2025 / 08:58:32";"WINV25";"V";"3";"141.000,00";"executada";"entrada";"3";"142.140,00";"-";"-";"-"
"13626808040";"09/10/2025 / 09:03:49";"WINV25";"C";"3";"0,00";"executada";"saída";"3";"143.070,00";"-175,00";"-0,12";"-105,00"
"13626807236";"09/10/2025 / 09:03:31";"WINV25";"C";"3";"142.685,00";"cancelada";"saída";"0";"0,00";"-";"-";"-"
"13626805865";"09/10/2025 / 09:01:00";"WDOX25";"C";"1";"5.353,50";"executada";"saída";"1";"5.353,50";"6,00";"0,11";"60,00"
"13626805478";"09/10/2025 / 08:59:46";"WDOX25";"V";"1";"5.300,00";"executada";"entrada";"1";"5.359,50";"-";"-";"-"
"13626805424";"09/10/2025 / 08:59:32";"WINV25";"V";"3";"141.000,00";"executada";"entrada";"3";"142.895,00";"-";"-";"-"
"13626734116";"08/10/2025 / 09:17:10";"WINV25";"C";"3";"0,00";"executada";"saída";"3";"141.941,67";"-246,67";"-0,17";"-148,00"
"13626726568";"08/10/2025 / 09:03:32";"WINV25";"C";"3";"141.440,00";"cancelada";"saída";"0";"0,00";"-";"-";"-"
"13626726060";"08/10/2025 / 09:02:14";"WDOX25";"C";"1";"0,00";"executada";"saída";"1";"5.394,00";"-6,50";"-0,12";"-65,00"
"13626724929";"08/10/2025 / 09:00:41";"WDOX25";"C";"1";"5.381,00";"cancelada";"saída";"0";"0,00";"-";"-";"-"
"13626724910";"08/10/2025 / 09:00:12";"WDOX25";"V";"1";"5.300,00";"executada";"entrada";"1";"5.387,50";"-";"-";"-"
"13626724820";"08/10/2025 / 09:00:03";"WINV25";"V";"3";"140.500,00";"executada";"entrada";"3";"141.695,00";"-";"-";"-"
"13626646379";"07/10/2025 / 09:05:38";"WDOX25";"C";"1";"0,00";"executada";"saída";"1";"5.359,50";"-5,50";"-0,10";"-55,00"
"13626643971";"07/10/2025 / 09:03:35";"WINV25";"C";"3";"143.400,00";"executada";"saída";"3";"143.400,00";"245,00";"0,17";"147,00"
"13626642278";"07/10/2025 / 09:00:57";"WDOX25";"C";"1";"5.349,00";"cancelada";"saída";"0";"0,00";"-";"-";"-"
"13626642058";"07/10/2025 / 08:59:04";"WDOX25";"V";"1";"5.300,00";"executada";"entrada";"1";"5.354,00";"-";"-";"-"
"13626641989";"07/10/2025 / 08:59:00";"WINV25";"V";"3";"143.000,00";"executada";"entrada";"3";"143.645,00";"-";"-";"-"
"13626545298";"06/10/2025 / 09:00:52";"WDOX25";"C";"1";"5.375,00";"executada";"saída";"1";"5.375,00";"6,50";"0,12";"65,00"
"13626545105";"06/10/2025 / 09:00:51";"WINV25";"C";"3";"144.635,00";"executada";"saída";"3";"144.635,00";"220,00";"0,15";"132,00"
"13626544295";"06/10/2025 / 08:58:43";"WDOX25";"V";"1";"5.300,00";"executada";"entrada";"1";"5.381,50";"-";"-";"-"
"13626544228";"06/10/2025 / 08:58:36";"WINV25";"V";"3";"143.500,00";"executada";"entrada";"3";"144.855,00";"-";"-";"-"
"13626444736";"03/10/2025 / 09:02:53";"WDOX25";"C";"1";"0,00";"executada";"saída";"1";"5.379,00";"-9,50";"-0,18";"-95,00"
"13626442968";"03/10/2025 / 09:01:42";"WINV25";"V";"3";"0,00";"executada";"saída";"3";"144.726,67";"-278,33";"-0,19";"-167,00"
"13626441614";"03/10/2025 / 09:00:59";"WDOX25";"C";"1";"5.360,00";"cancelada";"saída";"0";"0,00";"-";"-";"-"
"13626440854";"03/10/2025 / 09:00:38";"WINV25";"V";"3";"145.285,00";"cancelada";"saída";"0";"0,00";"-";"-";"-"
"13626440541";"03/10/2025 / 08:59:06";"WDOX25";"V";"1";"5.300,00";"executada";"entrada";"1";"5.369,50";"-";"-";"-"
"13626440504";"03/10/2025 / 08:59:00";"WINV25";"C";"3";"146.000,00";"executada";"entrada";"3";"145.005,00";"-";"-";"-"
"13626318983";"02/10/2025 / 09:00:58";"WDOX25";"C";"1";"5.352,50";"executada";"saída";"1";"5.352,50";"6,50";"0,12";"65,00"
"13626318461";"02/10/2025 / 09:00:48";"WINV25";"V";"3";"0,00";"executada";"saída";"3";"146.485,00";"-270,00";"-0,18";"-162,00"
"13626317658";"02/10/2025 / 09:00:38";"WINV25";"V";"3";"147.005,00";"cancelada";"saída";"0";"0,00";"-";"-";"-"
"13626317343";"02/10/2025 / 08:57:18";"WDOX25";"V";"1";"5.300,00";"executada";"entrada";"1";"5.359,00";"-";"-";"-"
"13626317303";"02/10/2025 / 08:57:12";"WINV25";"C";"3";"148.000,00";"executada";"entrada";"3";"146.755,00";"-";"-";"-"
"13626223204";"01/10/2025 / 09:10:48";"WDOX25";"C";"1";"0,00";"executada";"saída";"1";"5.354,50";"-7,50";"-0,14";"-75,00"
"13626212340";"01/10/2025 / 09:01:00";"WINV25";"V";"3";"147.425,00";"executada";"saída";"3";"147.425,00";"215,00";"0,15";"129,00"
"13626212009";"01/10/2025 / 09:00:55";"WDOX25";"C";"1";"5.340,00";"cancelada";"saída";"0";"0,00";"-";"-";"-"
"13626211369";"01/10/2025 / 08:59:10";"WDOX25";"V";"1";"5.300,00";"executada";"entrada";"1";"5.347,00";"-";"-";"-"
"13626211294";"01/10/2025 / 08:59:04";"WINV25";"C";"3";"148.500,00";"executada";"entrada";"3";"147.210,00";"-";"-";"-"
"13626132445";"30/09/2025 / 09:06:02";"WDOX25";"C";"1";"0,00";"executada";"saída";"1";"5.364,00";"-9,50";"-0,18";"-95,00"
"13626131426";"30/09/2025 / 09:05:47";"WINV25";"V";"3";"0,00";"executada";"saída";"3";"147.085,00";"-320,00";"-0,22";"-192,00"
"13626126728";"30/09/2025 / 09:00:37";"WDOX25";"C";"1";"5.347,00";"cancelada";"saída";"0";"0,00";"-";"-";"-"
"13626126008";"30/09/2025 / 09:00:32";"WINV25";"V";"3";"147.695,00";"cancelada";"saída";"0";"0,00";"-";"-";"-"
"13626125899";"30/09/2025 / 08:59:06";"WDOX25";"V";"1";"5.300,00";"executada";"entrada";"1";"5.354,50";"-";"-";"-"
"13626125842";"30/09/2025 / 08:59:03";"WINV25";"C";"3";"148.000,00";"executada";"entrada";"3";"147.405,00";"-";"-";"-"
"13626029374";"29/09/2025 / 09:00:54";"WDOV25";"C";"1";"5.337,50";"executada";"saída";"1";"5.337,50";"7,00";"0,13";"70,00"
"13626029355";"29/09/2025 / 09:00:54";"WINV25";"V";"3";"147.065,00";"executada";"saída";"3";"147.065,00";"425,00";"0,29";"255,00"
"13626028161";"29/09/2025 / 08:58:59";"WDOV25";"V";"1";"5.300,00";"executada";"entrada";"1";"5.344,50";"-";"-";"-"
"13626028083";"29/09/2025 / 08:58:55";"WINV25";"C";"3";"147.500,00";"executada";"entrada";"3";"146.640,00";"-";"-";"-"
"13625935395";"26/09/2025 / 09:01:18";"WINV25";"V";"3";"0,00";"executada";"saída";"3";"146.170,00";"-380,00";"-0,26";"-228,00"
"13625933520";"26/09/2025 / 09:00:47";"WINV25";"V";"3";"146.900,00";"cancelada";"saída";"0";"0,00";"-";"-";"-"
"13625932978";"26/09/2025 / 09:00:42";"WDOV25";"C";"1";"5.360,50";"executada";"saída";"1";"5.360,50";"9,00";"0,17";"90,00"
"13625932863";"26/09/2025 / 08:58:21";"WDOV25";"V";"1";"5.300,00";"executada";"entrada";"1";"5.369,50";"-";"-";"-"
"13625932771";"26/09/2025 / 08:58:18";"WINV25";"C";"3";"148.000,00";"executada";"entrada";"3";"146.550,00";"-";"-";"-"
"13625796637";"25/09/2025 / 09:00:53";"WINV25";"V";"3";"148.225,00";"executada";"saída";"3";"148.225,00";"220,00";"0,15";"132,00"
"13625795791";"25/09/2025 / 09:00:35";"WDOV25";"C";"1";"5.324,00";"executada";"saída";"1";"5.324,00";"6,50";"0,12";"65,00"
"13625795418";"25/09/2025 / 08:59:39";"WDOV25";"V";"1";"5.250,00";"executada";"entrada";"1";"5.330,50";"-";"-";"-"
"13625795317";"25/09/2025 / 08:59:33";"WINV25";"C";"3";"149.500,00";"executada";"entrada";"3";"148.005,00";"-";"-";"-"
"13625715399";"24/09/2025 / 09:31:12";"WDOV25";"C";"1";"0,00";"executada";"saída";"1";"5.308,50";"-7,00";"-0,13";"-70,00"
"13625705618";"24/09/2025 / 09:01:23";"WINV25";"V";"3";"0,00";"executada";"saída";"3";"147.260,00";"-335,00";"-0,23";"-201,00"
"13625703913";"24/09/2025 / 09:00:59";"WINV25";"V";"3";"147.910,00";"cancelada";"saída";"0";"0,00";"-";"-";"-"
"13625703536";"24/09/2025 / 09:00:56";"WDOV25";"C";"1";"5.294,50";"cancelada";"saída";"0";"0,00";"-";"-";"-"
"13625702622";"24/09/2025 / 08:57:44";"WDOV25";"V";"1";"5.230,00";"executada";"entrada";"1";"5.301,50";"-";"-";"-"
"13625702532";"24/09/2025 / 08:57:27";"WINV25";"C";"3";"148.500,00";"executada";"entrada";"3";"147.595,00";"-";"-";"-"
"13625461058";"23/09/2025 / 09:00:41";"WINV25";"V";"3";"146.460,00";"executada";"saída";"3";"146.460,00";"320,00";"0,22";"192,00"
"13625460667";"23/09/2025 / 09:00:37";"WDOV25";"C";"1";"5.339,00";"executada";"saída";"1";"5.339,00";"8,00";"0,15";"80,00"
"13625460366";"23/09/2025 / 08:59:45";"WDOV25";"V";"1";"5.300,00";"executada";"entrada";"1";"5.347,00";"-";"-";"-"
"13625460300";"23/09/2025 / 08:59:28";"WINV25";"C";"3";"147.000,00";"executada";"entrada";"3";"146.140,00";"-";"-";"-"
"13625345684";"22/09/2025 / 09:02:22";"WINV25";"V";"3";"0,00";"executada";"saída";"3";"146.445,00";"-235,00";"-0,16";"-141,00"
"13625345520";"22/09/2025 / 09:02:15";"WDOV25";"C";"1";"0,00";"executada";"saída";"1";"5.342,00";"-7,50";"-0,14";"-75,00"
"13625343044";"22/09/2025 / 09:01:02";"WINV25";"V";"3";"146.900,00";"cancelada";"saída";"0";"0,00";"-";"-";"-"
"13625342197";"22/09/2025 / 09:00:40";"WDOV25";"C";"1";"5.327,00";"cancelada";"saída";"0";"0,00";"-";"-";"-"
"13625342121";"22/09/2025 / 08:58:38";"WDOV25";"V";"1";"5.250,00";"executada";"entrada";"1";"5.334,50";"-";"-";"-"
"13625342048";"22/09/2025 / 08:58:34";"WINV25";"C";"3";"148.500,00";"executada";"entrada";"3";"146.680,00";"-";"-";"-"
"13625252156";"19/09/2025 / 09:08:18";"WDOV25";"C";"1";"0,00";"executada";"saída";"1";"5.347,50";"-10,00";"-0,19";"-100,00"
"13625245164";"19/09/2025 / 09:01:26";"WINV25";"V";"3";"0,00";"executada";"saída";"3";"146.541,67";"-193,33";"-0,13";"-116,00"
"13625244384";"19/09/2025 / 09:01:18";"WINV25";"V";"3";"146.965,00";"cancelada";"saída";"0";"0,00";"-";"-";"-"
"13625243878";"19/09/2025 / 09:01:16";"WDOV25";"C";"1";"5.328,50";"cancelada";"saída";"0";"0,00";"-";"-";"-"
"13625241497";"19/09/2025 / 08:58:21";"WDOV25";"V";"1";"5.250,00";"executada";"entrada";"1";"5.337,50";"-";"-";"-"
"13625241395";"19/09/2025 / 08:58:18";"WINV25";"C";"3";"148.000,00";"executada";"entrada";"3";"146.735,00";"-";"-";"-"
"13625138497";"18/09/2025 / 09:02:34";"WINV25";"V";"3";"0,00";"executada";"saída";"3";"146.796,67";"-308,33";"-0,21";"-185,00"
"13625135651";"18/09/2025 / 09:01:07";"WDOV25";"C";"1";"5.303,00";"executada";"saída";"1";"5.302,50";"6,50";"0,12";"65,00"
"13625135622";"18/09/2025 / 09:01:07";"WINV25";"V";"3";"147.425,00";"cancelada";"saída";"0";"0,00";"-";"-";"-"
"13625134658";"18/09/2025 / 08:58:22";"WDOV25";"V";"1";"5.250,00";"executada";"entrada";"1";"5.309,00";"-";"-";"-"
"13625134558";"18/09/2025 / 08:58:17";"WINV25";"C";"3";"148.500,00";"executada";"entrada";"3";"147.105,00";"-";"-";"-"
"13625005258";"17/09/2025 / 09:24:28";"WDOV25";"C";"1";"0,00";"executada";"saída";"1";"5.323,50";"-6,50";"-0,12";"-65,00"
"13624993799";"17/09/2025 / 09:01:05";"WDOV25";"C";"1";"5.311,00";"cancelada";"saída";"0";"0,00";"-";"-";"-"
"13624993786";"17/09/2025 / 09:01:05";"WINV25";"V";"3";"145.710,00";"executada";"saída";"3";"145.710,00";"305,00";"0,21";"183,00"
"13624992841";"17/09/2025 / 08:58:31";"WDOV25";"V";"1";"5.250,00";"executada";"entrada";"1";"5.317,00";"-";"-";"-"
"13624992732";"17/09/2025 / 08:58:26";"WINV25";"C";"3";"146.500,00";"executada";"entrada";"3";"145.405,00";"-";"-";"-"
"13624907780";"16/09/2025 / 09:30:38";"WDOV25";"C";"1";"0,00";"executada";"saída";"1";"5.329,50";"-5,50";"-0,10";"-55,00"
"13624892740";"16/09/2025 / 09:02:58";"WDOV25";"C";"1";"5.317,50";"cancelada";"saída";"0";"0,00";"-";"-";"-"
"13624890129";"16/09/2025 / 09:01:15";"WINV25";"V";"3";"145.880,00";"executada";"saída";"3";"145.880,00";"255,00";"0,18";"153,00"
"13624888901";"16/09/2025 / 08:59:47";"WDOV25";"V";"1";"5.250,00";"executada";"entrada";"1";"5.324,00";"-";"-";"-"
"13624888809";"16/09/2025 / 08:59:38";"WINV25";"C";"3";"146.500,00";"executada";"entrada";"3";"145.625,00";"-";"-";"-"
"13624776886";"15/09/2025 / 09:01:09";"WDOV25";"C";"1";"5.362,00";"executada";"saída";"1";"5.362,00";"7,00";"0,13";"70,00"
"13624776557";"15/09/2025 / 09:01:08";"WINV25";"V";"3";"144.460,00";"executada";"saída";"3";"144.460,00";"305,00";"0,21";"183,00"
"13624774677";"15/09/2025 / 08:58:42";"WDOV25";"V";"1";"5.300,00";"executada";"entrada";"1";"5.369,00";"-";"-";"-"
"13624774579";"15/09/2025 / 08:58:40";"WINV25";"C";"3";"145.000,00";"executada";"entrada";"3";"144.155,00";"-";"-";"-"
"13624670742";"12/09/2025 / 09:22:40";"WINV25";"V";"3";"0,00";"executada";"saída";"3";"144.055,00";"-345,00";"-0,24";"-207,00"
"13624659176";"12/09/2025 / 09:01:13";"WDOV25";"C";"1";"0,00";"executada";"saída";"1";"5.423,50";"-1,00";"-0,02";"-10,00"
"13624659122";"12/09/2025 / 09:01:13";"WINV25";"V";"3";"144.735,00";"cancelada";"saída";"0";"0,00";"-";"-";"-"
"13624657872";"12/09/2025 / 09:00:44";"WDOV25";"C";"1";"5.416,50";"cancelada";"saída";"0";"0,00";"-";"-";"-"
"13624657288";"12/09/2025 / 08:59:47";"WINV25";"C";"3";"146.000,00";"executada";"entrada";"3";"144.400,00";"-";"-";"-"
"13624657215";"12/09/2025 / 08:59:45";"WDOV25";"V";"1";"5.350,00";"executada";"entrada";"1";"5.422,50";"-";"-";"-"
"13624528142";"11/09/2025 / 09:05:51";"WDOV25";"C";"1";"0,00";"executada";"saída";"1";"5.440,00";"-5,50";"-0,10";"-55,00"
"13624520764";"11/09/2025 / 09:01:01";"WINV25";"V";"3";"144.385,00";"executada";"saída";"3";"144.385,00";"230,00";"0,16";"138,00"
"13624520049";"11/09/2025 / 09:00:37";"WDOV25";"C";"1";"5.429,50";"cancelada";"saída";"0";"0,00";"-";"-";"-"
"13624519861";"11/09/2025 / 08:58:35";"WDOV25";"V";"1";"5.380,00";"executada";"entrada";"1";"5.434,50";"-";"-";"-"
"13624519791";"11/09/2025 / 08:58:30";"WINV25";"C";"3";"145.000,00";"executada";"entrada";"3";"144.155,00";"-";"-";"-"
"13624413043";"10/09/2025 / 09:02:03";"WINV25";"V";"3";"0,00";"executada";"saída";"3";"143.590,00";"-195,00";"-0,14";"-117,00"
"13624411311";"10/09/2025 / 09:01:09";"WDOV25";"C";"1";"5.454,50";"executada";"saída";"1";"5.454,50";"5,50";"0,10";"55,00"
"13624411300";"10/09/2025 / 09:01:09";"WINV25";"V";"3";"143.990,00";"cancelada";"saída";"0";"0,00";"-";"-";"-"
"13624410352";"10/09/2025 / 08:58:27";"WDOV25";"V";"1";"5.400,00";"executada";"entrada";"1";"5.460,00";"-";"-";"-"
"13624410234";"10/09/2025 / 08:58:22";"WINV25";"C";"3";"145.000,00";"executada";"entrada";"3";"143.785,00";"-";"-";"-"
"13624334125";"09/09/2025 / 09:17:34";"WDOV25";"C";"1";"0,00";"executada";"saída";"1";"5.456,00";"-6,50";"-0,12";"-65,00"
"13624329995";"09/09/2025 / 09:03:33";"WINV25";"V";"3";"0,00";"executada";"saída";"3";"143.660,00";"-275,00";"-0,19";"-165,00"
"13624326224";"09/09/2025 / 09:01:01";"WDOV25";"C";"1";"5.443,00";"cancelada";"saída";"0";"0,00";"-";"-";"-"
"13624326102";"09/09/2025 / 09:01:00";"WINV25";"V";"3";"144.185,00";"cancelada";"saída";"0";"0,00";"-";"-";"-"
"13624325675";"09/09/2025 / 08:58:09";"WDOV25";"V";"1";"5.400,00";"executada";"entrada";"1";"5.449,50";"-";"-";"-"
"13624325556";"09/09/2025 / 08:58:05";"WINV25";"C";"3";"145.000,00";"executada";"entrada";"3";"143.935,00";"-";"-";"-"
"13624271534";"08/09/2025 / 10:31:10";"WINV25";"V";"3";"0,00";"executada";"saída";"3";"144.525,00";"-330,00";"-0,23";"-198,00"
"13624265323";"08/09/2025 / 10:11:19";"WDOV25";"C";"1";"0,00";"executada";"saída";"1";"5.447,50";"-9,00";"-0,17";"-90,00"
"13624247579";"08/09/2025 / 09:01:11";"WDOV25";"C";"1";"5.429,50";"cancelada";"saída";"0";"0,00";"-";"-";"-"
"13624246419";"08/09/2025 / 09:00:45";"WINV25";"V";"3";"145.210,00";"cancelada";"saída";"0";"0,00";"-";"-";"-"
"13624246236";"08/09/2025 / 08:58:39";"WDOV25";"V";"1";"5.400,00";"executada";"entrada";"1";"5.438,50";"-";"-";"-"
"13624246135";"08/09/2025 / 08:58:32";"WINV25";"C";"3";"146.000,00";"executada";"entrada";"3";"144.855,00";"-";"-";"-"
"13624121066";"05/09/2025 / 09:04:06";"WINV25";"V";"3";"0,00";"executada";"saída";"3";"143.385,00";"140,00";"0,10";"84,00"
"13624118218";"05/09/2025 / 09:01:12";"WDOV25";"C";"1";"0,00";"executada";"saída";"1";"5.470,00";"-7,00";"-0,13";"-70,00"
"13624116643";"05/09/2025 / 09:00:59";"WDOV25";"C";"1";"5.456,00";"cancelada";"saída";"0";"0,00";"-";"-";"-"
"13624116623";"05/09/2025 / 09:00:58";"WINV25";"V";"3";"143.475,00";"cancelada";"saída";"0";"0,00";"-";"-";"-"
"13624115940";"05/09/2025 / 08:57:15";"WDOV25";"V";"1";"5.400,00";"executada";"entrada";"1";"5.463,00";"-";"-";"-"
"13624115823";"05/09/2025 / 08:57:10";"WINV25";"C";"3";"144.000,00";"executada";"entrada";"3";"143.245,00";"-";"-";"-"
"13624030061";"04/09/2025 / 09:00:54";"WINV25";"V";"3";"141.995,00";"executada";"saída";"3";"141.995,00";"240,00";"0,17";"144,00"
"13624030051";"04/09/2025 / 09:00:54";"WDOV25";"C";"1";"5.490,50";"executada";"saída";"1";"5.490,50";"8,50";"0,15";"85,00"
"13624029584";"04/09/2025 / 08:59:05";"WDOV25";"V";"1";"5.400,00";"executada";"entrada";"1";"5.499,00";"-";"-";"-"
"13624029494";"04/09/2025 / 08:59:02";"WINV25";"C";"3";"143.000,00";"executada";"entrada";"3";"141.755,00";"-";"-";"-"
"13623944122";"03/09/2025 / 09:03:50";"WINV25";"V";"3";"0,00";"executada";"saída";"3";"142.375,00";"-330,00";"-0,23";"-198,00"
"13623940395";"03/09/2025 / 09:00:57";"WINV25";"V";"3";"143.030,00";"cancelada";"saída";"0";"0,00";"-";"-";"-"
"13623940372";"03/09/2025 / 09:00:56";"WDOV25";"C";"1";"5.488,00";"executada";"saída";"1";"5.488,00";"10,50";"0,19";"105,00"
"13623940107";"03/09/2025 / 08:59:03";"WDOV25";"V";"1";"5.400,00";"executada";"entrada";"1";"5.498,50";"-";"-";"-"
"13623939990";"03/09/2025 / 08:59:01";"WINV25";"C";"3";"144.000,00";"executada";"entrada";"3";"142.705,00";"-";"-";"-"
"13623744606";"01/09/2025 / 09:05:40";"WDOV25";"C";"1";"0,00";"executada";"saída";"1";"5.468,50";"-5,50";"-0,10";"-55,00"
"13623742050";"01/09/2025 / 09:02:53";"WINV25";"V";"3";"144.145,00";"executada";"saída";"3";"144.145,00";"235,00";"0,16";"141,00"
"13623741394";"01/09/2025 / 09:01:03";"WDOV25";"C";"1";"5.457,00";"cancelada";"saída";"0";"0,00";"-";"-";"-"
"13623740597";"01/09/2025 / 08:59:04";"WDOV25";"V";"1";"5.400,00";"executada";"entrada";"1";"5.463,00";"-";"-";"-"
"13623740502";"01/09/2025 / 08:59:01";"WINV25";"C";"3";"145.000,00";"executada";"entrada";"3";"143.910,00";"-";"-";"-"
"13623659956";"29/08/2025 / 09:03:08";"WDOV25";"C";"1";"0,00";"executada";"saída";"1";"5.466,00";"-6,50";"-0,12";"-65,00"
"13623659915";"29/08/2025 / 09:03:07";"WINV25";"V";"3";"143.360,00";"executada";"saída";"3";"143.360,00";"350,00";"0,24";"210,00"
"13623658421";"29/08/2025 / 09:01:02";"WDOV25";"C";"1";"5.453,00";"cancelada";"saída";"0";"0,00";"-";"-";"-"
"13623657887";"29/08/2025 / 08:59:04";"WDOV25";"V";"1";"5.400,00";"executada";"entrada";"1";"5.459,50";"-";"-";"-"
"13623657806";"29/08/2025 / 08:59:02";"WINV25";"C";"3";"144.500,00";"executada";"entrada";"3";"143.010,00";"-";"-";"-"
"13623555956";"28/08/2025 / 09:03:18";"WINV25";"V";"3";"142.395,00";"executada";"saída";"3";"142.395,00";"240,00";"0,17";"144,00"
"13623554995";"28/08/2025 / 09:01:03";"WDOU25";"C";"1";"5.411,00";"executada";"saída";"1";"5.411,00";"6,00";"0,11";"60,00"
"13623554552";"28/08/2025 / 08:59:10";"WDOU25";"V";"1";"5.350,00";"executada";"entrada";"1";"5.417,00";"-";"-";"-"
"13623554513";"28/08/2025 / 08:59:05";"WINV25";"C";"3";"143.000,00";"executada";"entrada";"3";"142.155,00";"-";"-";"-"
"13623445077";"27/08/2025 / 09:01:14";"WINV25";"V";"3";"0,00";"executada";"saída";"3";"139.696,67";"-408,33";"-0,29";"-245,00"
"13623444705";"27/08/2025 / 09:01:11";"WDOU25";"C";"1";"5.448,50";"executada";"saída";"1";"5.448,50";"6,00";"0,11";"60,00"
"13623444547";"27/08/2025 / 09:01:10";"WINV25";"V";"3";"140.330,00";"cancelada";"saída";"0";"0,00";"-";"-";"-"
"13623442966";"27/08/2025 / 08:58:17";"WDOU25";"V";"1";"5.350,00";"executada";"entrada";"1";"5.454,50";"-";"-";"-"
"13623442936";"27/08/2025 / 08:58:12";"WINV25";"C";"3";"141.500,00";"executada";"entrada";"3";"140.105,00";"-";"-";"-"
"13623356684";"26/08/2025 / 09:06:53";"WINV25";"V";"3";"0,00";"executada";"saída";"3";"140.255,00";"-275,00";"-0,20";"-165,00"
"13623350965";"26/08/2025 / 09:02:57";"WDOU25";"C";"1";"0,00";"executada";"saída";"1";"5.411,00";"-1,50";"-0,03";"-15,00"
"13623350647";"26/08/2025 / 09:02:52";"WINV25";"V";"3";"140.805,00";"cancelada";"saída";"0";"0,00";"-";"-";"-"
"13623349287";"26/08/2025 / 09:00:59";"WDOU25";"C";"1";"5.403,00";"cancelada";"saída";"0";"0,00";"-";"-";"-"
"13623349123";"26/08/2025 / 08:59:47";"WDOU25";"V";"1";"5.300,00";"executada";"entrada";"1";"5.409,50";"-";"-";"-"
"13623349101";"26/08/2025 / 08:59:44";"WINV25";"C";"3";"142.000,00";"executada";"entrada";"3";"140.530,00";"-";"-";"-"
"13623554509";"25/08/2025 / 09:03:33";"WINV25";"C";"3";"141.695,00";"executada";"saída";"3";"141.245,00";"-465,00";"-0,33";"-279,00"
"13623554511";"25/08/2025 / 09:03:17";"WDOU25";"C";"1";"5.427,50";"executada";"saída";"1";"5.427,50";"11,00";"0,20";"110,00"
"13623554510";"25/08/2025 / 09:02:13";"WDOU25";"V";"1";"5.430,00";"executada";"entrada";"1";"5.438,50";"-";"-";"-"
"13623554508";"25/08/2025 / 08:59:46";"WINV25";"V";"3";"139.300,00";"executada";"entrada";"3";"140.780,00";"-";"-";"-"
"13623275111";"22/08/2025 / 09:04:19";"WINV25";"C";"3";"138.055,00";"executada";"saída";"3";"137.550,00";"-385,00";"-0,28";"-231,00"
"13623275083";"22/08/2025 / 09:00:48";"WDOU25";"C";"1";"5.480,00";"executada";"saída";"1";"5.480,00";"6,50";"0,12";"65,00"
"13623275082";"22/08/2025 / 08:58:57";"WDOU25";"V";"1";"5.400,00";"executada";"entrada";"1";"5.486,50";"-";"-";"-"
"13623275110";"22/08/2025 / 08:58:52";"WINV25";"V";"3";"136.000,00";"executada";"entrada";"3";"137.165,00";"-";"-";"-"
"13623275081";"21/08/2025 / 09:07:24";"WDOU25";"C";"1";"5.539,50";"executada";"saída";"1";"5.510,00";"-7,00";"-0,13";"-70,00"
"13623275109";"21/08/2025 / 09:01:08";"WINV25";"V";"3";"136.210,00";"executada";"saída";"3";"136.676,67";"-283,33";"-0,21";"-170,00"
"13623275080";"21/08/2025 / 08:58:31";"WDOU25";"V";"1";"5.400,00";"executada";"entrada";"1";"5.503,00";"-";"-";"-"
"13623275108";"21/08/2025 / 08:58:26";"WINV25";"C";"3";"138.000,00";"executada";"entrada";"3";"136.960,00";"-";"-";"-"
"13623275107";"20/08/2025 / 09:12:16";"WINV25";"V";"3";"136.000,00";"executada";"saída";"3";"136.515,00";"-280,00";"-0,20";"-168,00"
"13623275079";"20/08/2025 / 09:00:42";"WDOU25";"C";"1";"5.505,00";"executada";"saída";"1";"5.505,00";"8,00";"0,15";"80,00"
"13623275078";"20/08/2025 / 08:59:22";"WDOU25";"V";"1";"5.450,00";"executada";"entrada";"1";"5.513,00";"-";"-";"-"
"13623275106";"20/08/2025 / 08:59:18";"WINV25";"C";"3";"138.000,00";"executada";"entrada";"3";"136.795,00";"-";"-";"-"
"13623275077";"19/08/2025 / 09:03:33";"WDOU25";"C";"1";"5.487,00";"executada";"saída";"1";"5.457,50";"-6,00";"-0,11";"-60,00"
"13623275105";"19/08/2025 / 09:00:51";"WINV25";"V";"3";"139.390,00";"executada";"saída";"3";"139.885,00";"-285,00";"-0,20";"-171,00"
"13623275104";"19/08/2025 / 08:59:29";"WINV25";"C";"3";"141.000,00";"executada";"entrada";"3";"140.170,00";"-";"-";"-"
"13623275076";"19/08/2025 / 08:59:28";"WDOU25";"V";"1";"5.400,00";"executada";"entrada";"1";"5.451,50";"-";"-";"-"
"13623275103";"18/08/2025 / 09:01:10";"WINV25";"V";"3";"138.510,00";"executada";"saída";"3";"139.035,00";"-260,00";"-0,19";"-156,00"
"13623275075";"18/08/2025 / 09:01:09";"WDOU25";"C";"1";"5.458,50";"executada";"saída";"1";"5.429,00";"-7,00";"-0,13";"-70,00"
"13623275102";"18/08/2025 / 08:59:17";"WINV25";"C";"3";"139.500,00";"executada";"entrada";"3";"139.295,00";"-";"-";"-"
"13623275074";"18/08/2025 / 08:59:06";"WDOU25";"V";"1";"5.380,00";"executada";"entrada";"1";"5.422,00";"-";"-";"-"
"13623275101";"15/08/2025 / 09:01:14";"WINV25";"V";"3";"138.710,00";"executada";"saída";"3";"139.235,00";"-265,00";"-0,19";"-159,00"
"13623275073";"15/08/2025 / 09:00:37";"WDOU25";"C";"1";"5.420,00";"executada";"saída";"1";"5.420,00";"8,00";"0,15";"80,00"
"13623275072";"15/08/2025 / 08:59:48";"WDOU25";"V";"1";"5.350,00";"executada";"entrada";"1";"5.428,00";"-";"-";"-"
"13623275100";"15/08/2025 / 08:59:47";"WINV25";"C";"3";"140.500,00";"executada";"entrada";"3";"139.500,00";"-";"-";"-"
"13623275071";"14/08/2025 / 09:00:42";"WDOU25";"C";"1";"5.418,50";"executada";"saída";"1";"5.418,50";"7,00";"0,13";"70,00"
"13623275099";"14/08/2025 / 09:00:33";"WINV25";"V";"3";"139.730,00";"executada";"saída";"3";"139.730,00";"250,00";"0,18";"150,00"
"13623275070";"14/08/2025 / 08:57:47";"WDOU25";"V";"1";"5.350,00";"executada";"entrada";"1";"5.425,50";"-";"-";"-"
"13623275098";"14/08/2025 / 08:57:42";"WINV25";"C";"3";"140.500,00";"executada";"entrada";"3";"139.480,00";"-";"-";"-"
"13623275069";"13/08/2025 / 09:12:41";"WDOU25";"C";"1";"5.450,50";"executada";"saída";"1";"5.421,00";"-8,00";"-0,15";"-80,00"
"13623275097";"13/08/2025 / 09:00:39";"WINV25";"V";"3";"141.415,00";"executada";"saída";"3";"141.415,00";"285,00";"0,20";"171,00"
"13623275068";"13/08/2025 / 08:59:24";"WDOU25";"V";"1";"5.350,00";"executada";"entrada";"1";"5.413,00";"-";"-";"-"
"13623275096";"13/08/2025 / 08:59:19";"WINV25";"C";"3";"142.000,00";"executada";"entrada";"3";"141.130,00";"-";"-";"-"
"13623275095";"12/08/2025 / 09:01:00";"WINQ25";"C";"3";"136.095,00";"executada";"saída";"3";"136.095,00";"240,00";"0,18";"144,00"
"13623275067";"12/08/2025 / 09:00:49";"WDOU25";"C";"1";"5.461,50";"executada";"saída";"1";"5.461,50";"7,00";"0,13";"70,00"
"13623275066";"12/08/2025 / 08:59:22";"WDOU25";"V";"1";"5.400,00";"executada";"entrada";"1";"5.468,50";"-";"-";"-"
"13623275094";"12/08/2025 / 08:59:18";"WINQ25";"V";"3";"135.000,00";"executada";"entrada";"3";"136.335,00";"-";"-";"-"
"13623275093";"11/08/2025 / 09:10:19";"WINQ25";"C";"3";"136.835,00";"executada";"saída";"3";"136.355,00";"-250,00";"-0,18";"-150,00"
"13623275065";"11/08/2025 / 09:08:35";"WDOU25";"C";"1";"5.506,50";"executada";"saída";"1";"5.477,00";"-7,00";"-0,13";"-70,00"
"13623275064";"11/08/2025 / 08:58:32";"WDOU25";"V";"1";"5.400,00";"executada";"entrada";"1";"5.470,00";"-";"-";"-"
"13623275092";"11/08/2025 / 08:58:26";"WINQ25";"V";"3";"135.000,00";"executada";"entrada";"3";"136.105,00";"-";"-";"-"
"13623275063";"08/08/2025 / 09:08:52";"WDOU25";"C";"1";"5.494,00";"executada";"saída";"1";"5.464,00";"-7,00";"-0,13";"-70,00"
"13623275091";"08/08/2025 / 09:00:59";"WINQ25";"C";"3";"136.420,00";"executada";"saída";"3";"136.420,00";"285,00";"0,21";"171,00"
"13623275062";"08/08/2025 / 08:59:05";"WDOU25";"V";"1";"5.400,00";"executada";"entrada";"1";"5.457,00";"-";"-";"-"
"13623275090";"08/08/2025 / 08:59:01";"WINQ25";"V";"3";"136.000,00";"executada";"entrada";"3";"136.705,00";"-";"-";"-"
"13623275089";"07/08/2025 / 09:43:08";"WINQ25";"C";"3";"136.040,00";"executada";"saída";"3";"135.540,00";"-315,00";"-0,23";"-189,00"
"13623275061";"07/08/2025 / 09:01:00";"WDOU25";"C";"1";"5.492,00";"executada";"saída";"1";"5.492,00";"6,00";"0,11";"60,00"
"13623275060";"07/08/2025 / 08:58:20";"WDOU25";"V";"1";"5.400,00";"executada";"entrada";"1";"5.498,00";"-";"-";"-"
"13623275088";"07/08/2025 / 08:58:18";"WINQ25";"V";"3";"133.500,00";"executada";"entrada";"3";"135.225,00";"-";"-";"-"
"13623275087";"06/08/2025 / 09:02:51";"WINQ25";"C";"3";"134.590,00";"executada";"saída";"3";"134.085,00";"-325,00";"-0,24";"-195,00"
"13623275059";"06/08/2025 / 09:00:51";"WDOU25";"C";"1";"5.530,50";"executada";"saída";"1";"5.530,50";"8,00";"0,14";"80,00"
"13623275058";"06/08/2025 / 08:59:05";"WDOU25";"V";"1";"5.500,00";"executada";"entrada";"1";"5.538,50";"-";"-";"-"
"13623275086";"06/08/2025 / 08:58:58";"WINQ25";"V";"3";"132.000,00";"executada";"entrada";"3";"133.760,00";"-";"-";"-"
"13623275085";"05/08/2025 / 09:01:59";"WINQ25";"C";"3";"133.705,00";"executada";"saída";"3";"133.705,00";"-945,00";"-0,71";"-567,00"
"13623275057";"05/08/2025 / 09:00:55";"WDOU25";"C";"1";"5.561,50";"executada";"saída";"1";"5.561,50";"9,00";"0,16";"90,00"
"13623275056";"05/08/2025 / 08:59:29";"WDOU25";"V";"1";"5.500,00";"executada";"entrada";"1";"5.570,50";"-";"-";"-"
"13623275084";"05/08/2025 / 08:59:27";"WINQ25";"V";"3";"132.000,00";"executada";"entrada";"3";"132.760,00";"-";"-";"-"
"13621754244";"01/08/2025 / 09:28:21";"WDOU25";"V";"1";"5.633,00";"executada";"saída";"1";"5.663,00";"1,00";"0,02";"10,00"
"13621754159";"01/08/2025 / 09:28:19";"WINQ25";"C";"3";"133.225,00";"executada";"saída";"3";"132.720,00";"185,00";"0,14";"111,00"
"13621754243";"01/08/2025 / 08:59:23";"WDOU25";"C";"1";"5.700,00";"executada";"entrada";"1";"5.662,00";"-";"-";"-"
"13621754156";"01/08/2025 / 08:59:18";"WINQ25";"V";"3";"132.000,00";"executada";"entrada";"3";"132.905,00";"-";"-";"-"
"13621754242";"31/07/2025 / 09:00:54";"WDOU25";"V";"1";"5.624,00";"executada";"saída";"1";"5.624,00";"14,00";"0,25";"140,00"
"13621754154";"31/07/2025 / 09:00:33";"WINQ25";"C";"3";"133.545,00";"executada";"saída";"3";"133.545,00";"435,00";"0,32";"261,00"
"13621754241";"31/07/2025 / 08:59:56";"WDOU25";"C";"1";"5.700,00";"executada";"entrada";"1";"5.610,00";"-";"-";"-"
"13621754152";"31/07/2025 / 08:59:52";"WINQ25";"V";"3";"133.000,00";"executada";"entrada";"3";"133.980,00";"-";"-";"-"
"13621754150";"30/07/2025 / 09:00:59";"WINQ25";"C";"3";"133.215,00";"executada";"saída";"3";"133.215,00";"220,00";"0,16";"132,00"
"13621754240";"30/07/2025 / 09:00:55";"WDOQ25";"V";"1";"5.590,00";"executada";"saída";"1";"5.590,00";"9,50";"0,17";"95,00"
"13621754239";"30/07/2025 / 08:58:18";"WDOQ25";"C";"1";"5.650,00";"executada";"entrada";"1";"5.580,50";"-";"-";"-"
"13621754148";"30/07/2025 / 08:58:15";"WINQ25";"V";"3";"132.500,00";"executada";"entrada";"3";"133.435,00";"-";"-";"-"
"13621754238";"29/07/2025 / 09:05:38";"WDOQ25";"V";"1";"5.565,50";"executada";"saída";"1";"5.596,50";"-7,50";"-0,13";"-75,00"
"13621754146";"29/07/2025 / 09:01:04";"WINQ25";"C";"3";"133.845,00";"executada";"saída";"3";"133.416,67";"-266,67";"-0,20";"-160,00"
"13621754237";"29/07/2025 / 08:58:39";"WDOQ25";"C";"1";"5.650,00";"executada";"entrada";"1";"5.604,00";"-";"-";"-"
"13621754144";"29/07/2025 / 08:58:35";"WINQ25";"V";"3";"132.000,00";"executada";"entrada";"3";"133.150,00";"-";"-";"-"
"13621754236";"25/07/2025 / 09:08:11";"WDOQ25";"V";"1";"5.502,50";"executada";"saída";"1";"5.533,00";"-7,00";"-0,13";"-70,00"
"13621754143";"25/07/2025 / 09:00:42";"WINQ25";"C";"3";"135.345,00";"executada";"saída";"3";"134.820,00";"-290,00";"-0,22";"-174,00"
"13621754140";"25/07/2025 / 09:00:08";"WINQ25";"V";"3";"133.000,00";"executada";"entrada";"3";"134.530,00";"-";"-";"-"
"13621754235";"25/07/2025 / 08:59:37";"WDOQ25";"C";"1";"5.600,00";"executada";"entrada";"1";"5.540,00";"-";"-";"-"
"13621754138";"24/07/2025 / 09:00:45";"WINQ25";"C";"3";"135.750,00";"executada";"saída";"3";"135.750,00";"315,00";"0,23";"189,00"
"13621754234";"24/07/2025 / 09:00:31";"WDOQ25";"V";"1";"5.541,50";"executada";"saída";"1";"5.541,50";"7,00";"0,13";"70,00"
"13621754233";"24/07/2025 / 08:58:12";"WDOQ25";"C";"1";"5.600,00";"executada";"entrada";"1";"5.534,50";"-";"-";"-"
"13621754137";"24/07/2025 / 08:58:08";"WINQ25";"V";"3";"135.000,00";"executada";"entrada";"3";"136.065,00";"-";"-";"-"
"13621754134";"23/07/2025 / 09:00:57";"WINQ25";"C";"3";"135.440,00";"executada";"saída";"3";"135.440,00";"235,00";"0,17";"141,00"
"13621754232";"23/07/2025 / 09:00:51";"WDOQ25";"V";"1";"5.582,00";"executada";"saída";"1";"5.582,00";"7,00";"0,13";"70,00"
"13621754231";"23/07/2025 / 08:58:56";"WDOQ25";"C";"1";"5.650,00";"executada";"entrada";"1";"5.575,00";"-";"-";"-"
"13621754133";"23/07/2025 / 08:58:50";"WINQ25";"V";"3";"134.000,00";"executada";"entrada";"3";"135.675,00";"-";"-";"-"
"13621754230";"22/07/2025 / 09:12:26";"WDOQ25";"V";"1";"5.547,50";"executada";"saída";"1";"5.577,50";"-7,00";"-0,13";"-70,00"
"13621754131";"22/07/2025 / 09:00:51";"WINQ25";"C";"3";"134.985,00";"executada";"saída";"3";"134.985,00";"265,00";"0,20";"159,00"
"13621754129";"22/07/2025 / 09:00:22";"WINQ25";"V";"3";"135.000,00";"executada";"entrada";"3";"135.250,00";"-";"-";"-"
"13621754229";"22/07/2025 / 08:59:55";"WDOQ25";"C";"1";"5.590,00";"executada";"entrada";"1";"5.584,50";"-";"-";"-"
"13621754127";"21/07/2025 / 09:08:52";"WINQ25";"C";"3";"135.225,00";"executada";"saída";"3";"135.045,00";"-905,00";"-0,67";"-543,00"
"13621754228";"21/07/2025 / 09:00:57";"WDOQ25";"V";"1";"5.619,50";"executada";"saída";"1";"5.619,50";"9,50";"0,17";"95,00"
"13621754227";"21/07/2025 / 08:58:48";"WDOQ25";"C";"1";"5.650,00";"executada";"entrada";"1";"5.610,00";"-";"-";"-"
"13621754124";"21/07/2025 / 08:58:47";"WINQ25";"V";"3";"133.500,00";"executada";"entrada";"3";"134.140,00";"-";"-";"-"
"13621754226";"18/07/2025 / 09:14:32";"WDOQ25";"V";"1";"5.539,50";"executada";"saída";"1";"5.569,50";"-11,50";"-0,21";"-115,00"
"13621754122";"18/07/2025 / 09:00:33";"WINQ25";"C";"3";"136.285,00";"executada";"saída";"3";"136.285,00";"280,00";"0,21";"168,00"
"13621754225";"18/07/2025 / 08:59:27";"WDOQ25";"C";"1";"5.650,00";"executada";"entrada";"1";"5.581,00";"-";"-";"-"
"13621754120";"18/07/2025 / 08:59:26";"WINQ25";"V";"3";"135.000,00";"executada";"entrada";"3";"136.565,00";"-";"-";"-"
"13621754119";"17/07/2025 / 09:00:55";"WINQ25";"C";"3";"135.920,00";"executada";"saída";"3";"135.920,00";"290,00";"0,21";"174,00"
"13621754224";"17/07/2025 / 09:00:33";"WDOQ25";"V";"1";"5.611,50";"executada";"saída";"1";"5.611,50";"10,50";"0,19";"105,00"
"13621754223";"17/07/2025 / 08:58:16";"WDOQ25";"C";"1";"5.650,00";"executada";"entrada";"1";"5.601,00";"-";"-";"-"
"13621754116";"17/07/2025 / 08:58:14";"WINQ25";"V";"3";"135.500,00";"executada";"entrada";"3";"136.210,00";"-";"-";"-"
"13621754222";"16/07/2025 / 09:00:56";"WDOQ25";"V";"1";"5.596,50";"executada";"saída";"1";"5.596,50";"11,50";"0,21";"115,00"
"13621754115";"16/07/2025 / 09:00:53";"WINQ25";"C";"3";"136.315,00";"executada";"saída";"3";"136.315,00";"325,00";"0,24";"195,00"
"13621754221";"16/07/2025 / 08:58:48";"WDOQ25";"C";"1";"5.650,00";"executada";"entrada";"1";"5.585,00";"-";"-";"-"
"13621754112";"16/07/2025 / 08:58:42";"WINQ25";"V";"3";"135.000,00";"executada";"entrada";"3";"136.640,00";"-";"-";"-"
"13621754220";"15/07/2025 / 09:29:29";"WDOQ25";"V";"1";"5.571,00";"executada";"saída";"1";"5.601,00";"2,00";"0,04";"20,00"
"13621754110";"15/07/2025 / 09:29:25";"WINQ25";"C";"3";"137.050,00";"executada";"saída";"3";"136.550,00";"330,00";"0,24";"198,00"
"13621754219";"15/07/2025 / 08:58:21";"WDOQ25";"C";"1";"5.700,00";"executada";"entrada";"1";"5.599,00";"-";"-";"-"
"13621754108";"15/07/2025 / 08:58:20";"WINQ25";"V";"3";"135.500,00";"executada";"entrada";"3";"136.880,00";"-";"-";"-"
"13621754218";"14/07/2025 / 09:22:10";"WDOQ25";"V";"1";"5.548,00";"executada";"saída";"1";"5.579,00";"-12,50";"-0,22";"-125,00"
"13621754106";"14/07/2025 / 09:00:58";"WINQ25";"C";"3";"138.145,00";"executada";"saída";"3";"137.615,00";"-245,00";"-0,18";"-147,00"
"13621754217";"14/07/2025 / 08:57:47";"WDOQ25";"C";"1";"5.700,00";"executada";"entrada";"1";"5.591,50";"-";"-";"-"
"13621754105";"14/07/2025 / 08:57:44";"WINQ25";"V";"3";"136.500,00";"executada";"entrada";"3";"137.370,00";"-";"-";"-"
"13621754216";"11/07/2025 / 09:01:00";"WDOQ25";"V";"1";"5.602,50";"executada";"saída";"1";"5.602,50";"23,00";"0,41";"230,00"
"13621754102";"11/07/2025 / 09:00:48";"WINQ25";"C";"3";"137.740,00";"executada";"saída";"3";"137.740,00";"360,00";"0,26";"216,00"
"13621754215";"11/07/2025 / 08:58:38";"WDOQ25";"C";"1";"5.650,00";"executada";"entrada";"1";"5.579,50";"-";"-";"-"
"13621754100";"11/07/2025 / 08:58:35";"WINQ25";"V";"3";"136.500,00";"executada";"entrada";"3";"138.100,00";"-";"-";"-"
"13621754097";"10/07/2025 / 09:18:02";"WINQ25";"V";"3";"136.455,00";"executada";"saída";"3";"137.020,00";"-300,00";"-0,22";"-180,00"
"13621754214";"10/07/2025 / 09:06:32";"WDOQ25";"C";"1";"5.628,00";"executada";"saída";"1";"5.628,00";"15,50";"0,27";"155,00"
"13621754213";"10/07/2025 / 09:00:08";"WDOQ25";"V";"1";"5.500,00";"executada";"entrada";"1";"5.643,50";"-";"-";"-"
"13621754095";"10/07/2025 / 09:00:08";"WINQ25";"C";"3";"139.000,00";"executada";"entrada";"3";"137.320,00";"-";"-";"-"
"13621754212";"09/07/2025 / 09:16:50";"WDOQ25";"C";"1";"5.527,50";"executada";"saída";"1";"5.497,50";"-9,50";"-0,17";"-95,00"
"13621754094";"09/07/2025 / 09:01:01";"WINQ25";"V";"3";"140.545,00";"executada";"saída";"3";"141.050,00";"-230,00";"-0,16";"-138,00"
"13621754211";"09/07/2025 / 08:58:17";"WDOQ25";"V";"1";"5.400,00";"executada";"entrada";"1";"5.488,00";"-";"-";"-"
"13621754091";"09/07/2025 / 08:58:10";"WINQ25";"C";"3";"142.000,00";"executada";"entrada";"3";"141.280,00";"-";"-";"-"
"13621754089";"08/07/2025 / 09:01:55";"WINQ25";"V";"3";"140.965,00";"executada";"saída";"3";"141.470,00";"-200,00";"-0,14";"-120,00"
"13621754210";"08/07/2025 / 09:00:45";"WDOQ25";"C";"1";"5.498,50";"executada";"saída";"1";"5.498,50";"7,00";"0,13";"70,00"
"13621754209";"08/07/2025 / 08:57:47";"WDOQ25";"V";"1";"5.450,00";"executada";"entrada";"1";"5.505,50";"-";"-";"-"
"13621754088";"08/07/2025 / 08:57:41";"WINQ25";"C";"3";"142.500,00";"executada";"entrada";"3";"141.670,00";"-";"-";"-"
"13621754208";"07/07/2025 / 09:02:44";"WDOQ25";"C";"1";"5.509,00";"executada";"saída";"1";"5.480,00";"-6,00";"-0,11";"-60,00"
"13621754085";"07/07/2025 / 09:01:05";"WINQ25";"V";"3";"142.525,00";"executada";"saída";"3";"142.990,00";"-370,00";"-0,26";"-222,00"
"13621754207";"07/07/2025 / 08:58:53";"WDOQ25";"V";"1";"5.400,00";"executada";"entrada";"1";"5.474,00";"-";"-";"-"
"13621754084";"07/07/2025 / 08:58:51";"WINQ25";"C";"3";"145.000,00";"executada";"entrada";"3";"143.360,00";"-";"-";"-"
"13621754081";"04/07/2025 / 09:00:55";"WINQ25";"V";"3";"142.980,00";"executada";"saída";"3";"142.980,00";"305,00";"0,21";"183,00"
"13621754206";"04/07/2025 / 09:00:47";"WDOQ25";"C";"1";"5.448,00";"executada";"saída";"1";"5.448,00";"7,50";"0,14";"75,00"
"13621754205";"04/07/2025 / 08:58:57";"WDOQ25";"V";"1";"5.400,00";"executada";"entrada";"1";"5.455,50";"-";"-";"-"
"13621754080";"04/07/2025 / 08:58:45";"WINQ25";"C";"3";"144.500,00";"executada";"entrada";"3";"142.675,00";"-";"-";"-"
"13621754204";"03/07/2025 / 09:26:58";"WDOQ25";"C";"1";"5.494,50";"executada";"saída";"1";"5.465,00";"0,00";"0,00";"0,00"
"13621754078";"03/07/2025 / 09:00:33";"WINQ25";"V";"3";"141.410,00";"executada";"saída";"3";"141.410,00";"250,00";"0,18";"150,00"
"13621754203";"03/07/2025 / 08:59:08";"WDOQ25";"V";"1";"5.400,00";"executada";"entrada";"1";"5.465,00";"-";"-";"-"
"13621754076";"03/07/2025 / 08:59:05";"WINQ25";"C";"3";"142.500,00";"executada";"entrada";"3";"141.160,00";"-";"-";"-"
"13621754202";"02/07/2025 / 09:02:41";"WDOQ25";"C";"1";"5.540,50";"executada";"saída";"1";"5.511,50";"-9,50";"-0,17";"-95,00"
"13621754073";"02/07/2025 / 09:01:17";"WINQ25";"V";"3";"141.080,00";"executada";"saída";"3";"141.575,00";"-255,00";"-0,18";"-153,00"
"13621754201";"02/07/2025 / 08:58:10";"WDOQ25";"V";"1";"5.400,00";"executada";"entrada";"1";"5.502,00";"-";"-";"-"
"13621754072";"02/07/2025 / 08:58:04";"WINQ25";"C";"3";"142.500,00";"executada";"entrada";"3";"141.830,00";"-";"-";"-"
"13621754200";"01/07/2025 / 09:32:32";"WDOQ25";"C";"1";"5.507,50";"executada";"saída";"1";"5.477,50";"-10,00";"-0,18";"-100,00"
"13621754069";"01/07/2025 / 09:06:20";"WINQ25";"C";"3";"141.745,00";"executada";"saída";"3";"141.235,00";"-335,00";"-0,24";"-201,00"
"13621754199";"01/07/2025 / 08:59:30";"WDOQ25";"V";"1";"5.400,00";"executada";"entrada";"1";"5.467,50";"-";"-";"-"
"13621754067";"01/07/2025 / 08:59:24";"WINQ25";"V";"3";"139.500,00";"executada";"entrada";"3";"140.900,00";"-";"-";"-"
"13621754198";"30/06/2025 / 09:01:10";"WDOQ25";"C";"1";"5.562,50";"executada";"saída";"1";"5.532,50";"-7,00";"-0,13";"-70,00"
"13621754065";"30/06/2025 / 09:00:50";"WINQ25";"C";"3";"139.020,00";"executada";"saída";"3";"139.020,00";"230,00";"0,17";"138,00"
"13621754197";"30/06/2025 / 08:59:12";"WDOQ25";"V";"1";"5.500,00";"executada";"entrada";"1";"5.525,50";"-";"-";"-"
"13621754063";"30/06/2025 / 08:59:10";"WINQ25";"V";"3";"138.000,00";"executada";"entrada";"3";"139.250,00";"-";"-";"-"
"13621754196";"27/06/2025 / 09:00:52";"WDON25";"C";"1";"5.482,00";"executada";"saída";"1";"5.482,00";"7,50";"0,14";"75,00"
"13621754061";"27/06/2025 / 09:00:41";"WINQ25";"C";"3";"139.355,00";"executada";"saída";"3";"139.355,00";"245,00";"0,18";"147,00"
"13621754195";"27/06/2025 / 08:57:53";"WDON25";"V";"1";"5.400,00";"executada";"entrada";"1";"5.489,50";"-";"-";"-"
"13621754060";"27/06/2025 / 08:57:16";"WINQ25";"V";"3";"138.000,00";"executada";"entrada";"3";"139.600,00";"-";"-";"-"
"13621754194";"26/06/2025 / 09:01:24";"WDON25";"C";"1";"5.591,00";"executada";"saída";"1";"5.559,50";"-7,50";"-0,14";"-75,00"
"13621754057";"26/06/2025 / 09:00:35";"WINQ25";"C";"3";"138.340,00";"executada";"saída";"3";"138.340,00";"295,00";"0,21";"177,00"
"13621754193";"26/06/2025 / 08:58:00";"WDON25";"V";"1";"5.500,00";"executada";"entrada";"1";"5.552,00";"-";"-";"-"
"13621754055";"26/06/2025 / 08:57:57";"WINQ25";"V";"3";"137.000,00";"executada";"entrada";"3";"138.635,00";"-";"-";"-"
"13621754192";"25/06/2025 / 09:01:28";"WDON25";"C";"1";"5.556,50";"executada";"saída";"1";"5.525,50";"-8,00";"-0,14";"-80,00"
"13621754054";"25/06/2025 / 09:00:52";"WINQ25";"C";"3";"138.935,00";"executada";"saída";"3";"138.935,00";"365,00";"0,26";"219,00"
"13621754191";"25/06/2025 / 08:57:55";"WDON25";"V";"1";"5.450,00";"executada";"entrada";"1";"5.517,50";"-";"-";"-"
"13621754051";"25/06/2025 / 08:57:47";"WINQ25";"V";"3";"138.000,00";"executada";"entrada";"3";"139.300,00";"-";"-";"-"
"13621754190";"24/06/2025 / 09:01:43";"WDON25";"C";"1";"5.521,00";"executada";"saída";"1";"5.491,50";"-9,50";"-0,17";"-95,00"
"13621754050";"24/06/2025 / 09:00:37";"WINQ25";"C";"3";"139.645,00";"executada";"saída";"3";"139.645,00";"215,00";"0,15";"129,00"
"13621754189";"24/06/2025 / 08:57:40";"WDON25";"V";"1";"5.400,00";"executada";"entrada";"1";"5.482,00";"-";"-";"-"
"13621754048";"24/06/2025 / 08:56:18";"WINQ25";"V";"3";"138.000,00";"executada";"entrada";"3";"139.860,00";"-";"-";"-"
"13621754045";"23/06/2025 / 09:00:45";"WINQ25";"C";"3";"139.410,00";"executada";"saída";"3";"139.410,00";"285,00";"0,20";"171,00"
"13621754188";"23/06/2025 / 09:00:41";"WDON25";"C";"1";"5.537,00";"executada";"saída";"1";"5.537,00";"8,50";"0,15";"85,00"
"13621754187";"23/06/2025 / 08:58:27";"WDON25";"V";"1";"5.450,00";"executada";"entrada";"1";"5.545,50";"-";"-";"-"
"13621754043";"23/06/2025 / 08:58:22";"WINQ25";"V";"3";"138.500,00";"executada";"entrada";"3";"139.695,00";"-";"-";"-"
"13621754186";"20/06/2025 / 09:02:36";"WDON25";"C";"1";"5.522,00";"executada";"saída";"1";"5.491,50";"-8,50";"-0,16";"-85,00"
"13621754042";"20/06/2025 / 09:00:33";"WINQ25";"C";"3";"141.285,00";"executada";"saída";"3";"141.285,00";"295,00";"0,21";"177,00"
"13621754185";"20/06/2025 / 09:00:08";"WDON25";"V";"1";"5.400,00";"executada";"entrada";"1";"5.483,00";"-";"-";"-"
"13621754039";"20/06/2025 / 08:59:46";"WINQ25";"V";"3";"140.000,00";"executada";"entrada";"3";"141.580,00";"-";"-";"-"
"13621754184";"18/06/2025 / 09:00:59";"WDON25";"C";"1";"5.497,50";"executada";"saída";"1";"5.497,50";"8,50";"0,15";"85,00"
"13621754037";"18/06/2025 / 09:00:38";"WINQ25";"C";"3";"141.430,00";"executada";"saída";"3";"141.430,00";"265,00";"0,19";"159,00"
"13621754183";"18/06/2025 / 08:59:25";"WDON25";"V";"1";"5.400,00";"executada";"entrada";"1";"5.506,00";"-";"-";"-"
"13621754036";"18/06/2025 / 08:59:19";"WINQ25";"V";"3";"140.000,00";"executada";"entrada";"3";"141.695,00";"-";"-";"-"
"13621754182";"17/06/2025 / 09:20:09";"WDON25";"C";"1";"5.549,00";"executada";"saída";"1";"5.519,00";"-11,00";"-0,20";"-110,00"
"13621754034";"17/06/2025 / 09:00:50";"WINM25";"C";"3";"139.285,00";"executada";"saída";"3";"139.285,00";"365,00";"0,26";"219,00"
"13621754181";"17/06/2025 / 08:59:14";"WDON25";"V";"1";"5.400,00";"executada";"entrada";"1";"5.508,00";"-";"-";"-"
"13621754032";"17/06/2025 / 08:58:30";"WINM25";"V";"3";"139.000,00";"executada";"entrada";"3";"139.650,00";"-";"-";"-"
"13621754180";"16/06/2025 / 09:06:44";"WDON25";"C";"1";"5.583,00";"executada";"saída";"1";"5.553,00";"-10,00";"-0,18";"-100,00"
"13621754030";"16/06/2025 / 09:01:04";"WINM25";"C";"3";"138.435,00";"executada";"saída";"3";"137.925,00";"-325,00";"-0,24";"-195,00"
"13621754179";"16/06/2025 / 08:57:15";"WDON25";"V";"1";"5.500,00";"executada";"entrada";"1";"5.543,00";"-";"-";"-"
"13621754028";"16/06/2025 / 08:57:12";"WINM25";"V";"3";"136.000,00";"executada";"entrada";"3";"137.600,00";"-";"-";"-"
"13621754026";"13/06/2025 / 10:32:16";"WINM25";"C";"3";"138.195,00";"executada";"saída";"3";"137.670,00";"-285,00";"-0,21";"-171,00"
"13621754178";"13/06/2025 / 09:02:55";"WDON25";"C";"1";"5.580,00";"executada";"saída";"1";"5.580,00";"7,00";"0,13";"70,00"
"13621754177";"13/06/2025 / 08:58:08";"WDON25";"V";"1";"5.500,00";"executada";"entrada";"1";"5.587,00";"-";"-";"-"
"13621754025";"13/06/2025 / 08:58:06";"WINM25";"V";"3";"137.000,00";"executada";"entrada";"3";"137.385,00";"-";"-";"-"
"13621754176";"11/06/2025 / 09:09:48";"WDON25";"C";"1";"5.628,50";"executada";"saída";"1";"5.599,00";"-8,00";"-0,14";"-80,00"
"13621754022";"11/06/2025 / 09:00:43";"WINM25";"C";"3";"136.665,00";"executada";"saída";"3";"136.665,00";"355,00";"0,26";"213,00"
"13621754021";"11/06/2025 / 08:59:02";"WINM25";"V";"3";"136.000,00";"executada";"entrada";"3";"137.020,00";"-";"-";"-"
"13621754175";"11/06/2025 / 08:58:53";"WDON25";"V";"1";"5.500,00";"executada";"entrada";"1";"5.591,00";"-";"-";"-"
"13621754019";"10/06/2025 / 09:08:33";"WINM25";"C";"3";"137.605,00";"executada";"saída";"3";"137.120,00";"-340,00";"-0,25";"-204,00"
"13621754174";"10/06/2025 / 09:02:17";"WDON25";"C";"1";"5.620,50";"executada";"saída";"1";"5.590,00";"-8,50";"-0,15";"-85,00"
"13621754173";"10/06/2025 / 08:58:46";"WDON25";"V";"1";"5.500,00";"executada";"entrada";"1";"5.581,50";"-";"-";"-"
"13621754016";"10/06/2025 / 08:58:39";"WINM25";"V";"3";"135.000,00";"executada";"entrada";"3";"136.780,00";"-";"-";"-"
"13621754014";"09/06/2025 / 09:01:00";"WINM25";"C";"3";"137.515,00";"executada";"saída";"3";"137.040,00";"-265,00";"-0,19";"-159,00"
"13621754172";"09/06/2025 / 09:00:42";"WDON25";"C";"1";"5.587,00";"executada";"saída";"1";"5.587,00";"9,50";"0,17";"95,00"
"13621754171";"09/06/2025 / 08:58:47";"WDON25";"V";"1";"5.550,00";"executada";"entrada";"1";"5.596,50";"-";"-";"-"
"13621754012";"09/06/2025 / 08:58:43";"WINM25";"V";"3";"135.000,00";"executada";"entrada";"3";"136.775,00";"-";"-";"-"
"13621754010";"06/06/2025 / 09:00:46";"WINM25";"C";"3";"137.160,00";"executada";"saída";"3";"137.160,00";"240,00";"0,17";"144,00"
"13621754170";"06/06/2025 / 09:00:42";"WDON25";"C";"1";"5.616,00";"executada";"saída";"1";"5.616,00";"8,00";"0,14";"80,00"
"13621754169";"06/06/2025 / 08:59:00";"WDON25";"V";"1";"5.550,00";"executada";"entrada";"1";"5.624,00";"-";"-";"-"
"13621754008";"06/06/2025 / 08:58:56";"WINM25";"V";"3";"135.000,00";"executada";"entrada";"3";"137.400,00";"-";"-";"-"
"13621754007";"05/06/2025 / 09:00:58";"WINM25";"C";"3";"137.765,00";"executada";"saída";"3";"137.765,00";"245,00";"0,18";"147,00"
"13621754168";"05/06/2025 / 09:00:57";"WDON25";"C";"1";"5.656,00";"executada";"saída";"1";"5.656,00";"9,00";"0,16";"90,00"
"13621754004";"05/06/2025 / 08:57:40";"WINM25";"V";"3";"137.000,00";"executada";"entrada";"3";"138.010,00";"-";"-";"-"
"13621754167";"05/06/2025 / 08:57:37";"WDON25";"V";"1";"5.600,00";"executada";"entrada";"1";"5.665,00";"-";"-";"-"
"13621754003";"04/06/2025 / 09:02:11";"WINM25";"C";"3";"139.440,00";"executada";"saída";"3";"138.930,00";"-280,00";"-0,20";"-168,00"
"13621754166";"04/06/2025 / 09:00:48";"WDON25";"C";"1";"5.658,50";"executada";"saída";"1";"5.658,50";"11,50";"0,20";"115,00"
"13621754165";"04/06/2025 / 08:59:09";"WDON25";"V";"1";"5.600,00";"executada";"entrada";"1";"5.670,00";"-";"-";"-"
"13621754000";"04/06/2025 / 08:59:04";"WINM25";"V";"3";"136.000,00";"executada";"entrada";"3";"138.650,00";"-";"-";"-"
"13621754164";"03/06/2025 / 09:22:52";"WDON25";"C";"1";"5.737,00";"executada";"saída";"1";"5.708,50";"5,50";"0,10";"55,00"
"13621753999";"03/06/2025 / 09:00:50";"WINM25";"C";"3";"137.245,00";"executada";"saída";"3";"137.200,00";"325,00";"0,24";"195,00"
"13621753996";"03/06/2025 / 08:59:53";"WINM25";"V";"3";"136.500,00";"executada";"entrada";"3";"137.525,00";"-";"-";"-"
"13621754163";"03/06/2025 / 08:59:52";"WDON25";"V";"1";"5.600,00";"executada";"entrada";"1";"5.714,00";"-";"-";"-"
"13621754162";"02/06/2025 / 09:00:45";"WDON25";"C";"1";"5.728,00";"executada";"saída";"1";"5.728,00";"9,50";"0,17";"95,00"
"13621753995";"02/06/2025 / 09:00:39";"WINM25";"V";"3";"138.435,00";"executada";"saída";"3";"138.435,00";"325,00";"0,24";"195,00"
"13621754161";"02/06/2025 / 08:58:53";"WDON25";"V";"1";"5.650,00";"executada";"entrada";"1";"5.737,50";"-";"-";"-"
"13621753992";"02/06/2025 / 08:58:43";"WINM25";"C";"3";"139.500,00";"executada";"entrada";"3";"138.110,00";"-";"-";"-"
"13621754160";"30/05/2025 / 09:00:55";"WDON25";"C";"1";"5.699,00";"executada";"saída";"1";"5.699,00";"8,00";"0,14";"80,00"
"13621753990";"30/05/2025 / 09:00:55";"WINM25";"V";"3";"139.895,00";"executada";"saída";"3";"139.895,00";"295,00";"0,21";"177,00"
"13621754158";"30/05/2025 / 08:59:04";"WDON25";"V";"1";"5.600,00";"executada";"entrada";"1";"5.707,00";"-";"-";"-"
"13621753989";"30/05/2025 / 08:59:00";"WINM25";"C";"3";"140.000,00";"executada";"entrada";"3";"139.600,00";"-";"-";"-"
"13621753986";"29/05/2025 / 09:01:21";"WINM25";"V";"3";"139.865,00";"executada";"saída";"3";"140.345,00";"-255,00";"-0,18";"-153,00"
"13621754157";"29/05/2025 / 09:00:37";"WDOM25";"C";"1";"5.691,50";"executada";"saída";"1";"5.691,50";"9,00";"0,16";"90,00"
"13621754155";"29/05/2025 / 08:58:30";"WDOM25";"V";"1";"5.600,00";"executada";"entrada";"1";"5.700,50";"-";"-";"-"
"13621753985";"29/05/2025 / 08:58:25";"WINM25";"C";"3";"141.000,00";"executada";"entrada";"3";"140.600,00";"-";"-";"-"
"13621753982";"28/05/2025 / 10:03:05";"WINM25";"V";"3";"139.935,00";"executada";"saída";"3";"140.480,00";"-315,00";"-0,22";"-189,00"
"13621754153";"28/05/2025 / 09:05:11";"WDOM25";"C";"1";"5.691,00";"executada";"saída";"1";"5.661,00";"-8,00";"-0,14";"-80,00"
"13621754151";"28/05/2025 / 08:58:05";"WDOM25";"V";"1";"5.600,00";"executada";"entrada";"1";"5.653,00";"-";"-";"-"
"13621753981";"28/05/2025 / 08:57:59";"WINM25";"C";"3";"142.000,00";"executada";"entrada";"3";"140.795,00";"-";"-";"-"
"13621754149";"27/05/2025 / 09:07:52";"WDOM25";"C";"1";"5.705,00";"executada";"saída";"1";"5.675,00";"-10,00";"-0,18";"-100,00"
"13621753978";"27/05/2025 / 09:00:53";"WINM25";"V";"3";"140.360,00";"executada";"saída";"3";"140.360,00";"340,00";"0,24";"204,00"
"13621754147";"27/05/2025 / 08:58:10";"WDOM25";"V";"1";"5.600,00";"executada";"entrada";"1";"5.665,00";"-";"-";"-"
"13621753976";"27/05/2025 / 08:58:08";"WINM25";"C";"3";"140.500,00";"executada";"entrada";"3";"140.020,00";"-";"-";"-"
"13621754145";"26/05/2025 / 10:11:34";"WDOM25";"C";"1";"5.700,00";"executada";"saída";"1";"5.669,50";"-19,50";"-0,35";"-195,00"
"13621753974";"26/05/2025 / 09:00:45";"WINM25";"V";"3";"139.755,00";"executada";"saída";"3";"139.755,00";"555,00";"0,40";"333,00"
"13621754142";"26/05/2025 / 08:58:52";"WDOM25";"V";"1";"5.550,00";"executada";"entrada";"1";"5.650,00";"-";"-";"-"
"13621753972";"26/05/2025 / 08:57:39";"WINM25";"C";"3";"140.000,00";"executada";"entrada";"3";"139.200,00";"-";"-";"-"
"13621753970";"23/05/2025 / 09:08:26";"WINM25";"V";"3";"135.540,00";"executada";"saída";"3";"136.050,00";"-390,00";"-0,29";"-234,00"
"13621754141";"23/05/2025 / 09:00:56";"WDOM25";"C";"1";"5.724,50";"executada";"saída";"1";"5.724,50";"15,50";"0,27";"155,00"
"13621754139";"23/05/2025 / 08:59:08";"WDOM25";"V";"1";"5.650,00";"executada";"entrada";"1";"5.740,00";"-";"-";"-"
"13621753968";"23/05/2025 / 08:59:06";"WINM25";"C";"3";"137.500,00";"executada";"entrada";"3";"136.440,00";"-";"-";"-"
"13621754136";"22/05/2025 / 09:04:32";"WDOM25";"C";"1";"5.698,50";"executada";"saída";"1";"5.668,00";"-7,50";"-0,13";"-75,00"
"13621753966";"22/05/2025 / 09:01:47";"WINM25";"V";"3";"138.265,00";"executada";"saída";"3";"138.750,00";"-315,00";"-0,23";"-189,00"
"13621754135";"22/05/2025 / 08:59:49";"WDOM25";"V";"1";"5.600,00";"executada";"entrada";"1";"5.660,50";"-";"-";"-"
"13621753964";"22/05/2025 / 08:59:34";"WINM25";"C";"3";"139.800,00";"executada";"entrada";"3";"139.065,00";"-";"-";"-"
"13621753962";"21/05/2025 / 10:01:02";"WINM25";"V";"3";"140.515,00";"executada";"saída";"3";"141.035,00";"-235,00";"-0,17";"-141,00"
"13621754132";"21/05/2025 / 09:01:53";"WDOM25";"C";"1";"5.717,50";"executada";"saída";"1";"5.688,00";"-5,00";"-0,09";"-50,00"
"13621754130";"21/05/2025 / 08:58:35";"WDOM25";"V";"1";"5.600,00";"executada";"entrada";"1";"5.683,00";"-";"-";"-"
"13621753960";"21/05/2025 / 08:58:31";"WINM25";"C";"3";"142.500,00";"executada";"entrada";"3";"141.270,00";"-";"-";"-"
"13621754128";"20/05/2025 / 09:04:36";"WDOM25";"C";"1";"5.701,00";"executada";"saída";"1";"5.671,50";"-9,00";"-0,16";"-90,00"
"13621753958";"20/05/2025 / 09:02:57";"WINM25";"V";"3";"140.550,00";"executada";"saída";"3";"141.050,00";"-250,00";"-0,18";"-150,00"
"13621754126";"20/05/2025 / 08:58:49";"WDOM25";"V";"1";"5.600,00";"executada";"entrada";"1";"5.662,50";"-";"-";"-"
"13621753956";"20/05/2025 / 08:58:44";"WINM25";"C";"3";"142.500,00";"executada";"entrada";"3";"141.300,00";"-";"-";"-"
"13621754125";"19/05/2025 / 09:08:00";"WDOM25";"C";"1";"5.714,50";"executada";"saída";"1";"5.684,00";"-7,50";"-0,13";"-75,00"
"13621753955";"19/05/2025 / 09:00:38";"WINM25";"V";"3";"140.325,00";"executada";"saída";"3";"140.325,00";"325,00";"0,23";"195,00"
"13621754123";"19/05/2025 / 08:58:14";"WDOM25";"V";"1";"5.600,00";"executada";"entrada";"1";"5.676,50";"-";"-";"-"
"13621753953";"19/05/2025 / 08:58:11";"WINM25";"C";"3";"141.500,00";"executada";"entrada";"3";"140.000,00";"-";"-";"-"
"13621753950";"16/05/2025 / 09:01:07";"WINM25";"V";"3";"140.040,00";"executada";"saída";"3";"140.520,00";"-250,00";"-0,18";"-150,00"
"13621754121";"16/05/2025 / 09:00:45";"WDOM25";"C";"1";"5.731,00";"executada";"saída";"1";"5.701,50";"-8,50";"-0,15";"-85,00"
"13621754118";"16/05/2025 / 08:59:17";"WDOM25";"V";"1";"5.600,00";"executada";"entrada";"1";"5.693,00";"-";"-";"-"
"13621753948";"16/05/2025 / 08:59:11";"WINM25";"C";"3";"142.000,00";"executada";"entrada";"3";"140.770,00";"-";"-";"-"
"13621753946";"15/05/2025 / 09:00:54";"WINM25";"V";"3";"140.005,00";"executada";"saída";"3";"140.005,00";"230,00";"0,16";"138,00"
"13621754117";"15/05/2025 / 09:00:33";"WDOM25";"C";"1";"5.645,00";"executada";"saída";"1";"5.645,00";"9,00";"0,16";"90,00"
"13621754114";"15/05/2025 / 08:58:13";"WDOM25";"V";"1";"5.600,00";"executada";"entrada";"1";"5.654,00";"-";"-";"-"
"13621753944";"15/05/2025 / 08:58:09";"WINM25";"C";"3";"141.000,00";"executada";"entrada";"3";"139.775,00";"-";"-";"-"
"13621754113";"14/05/2025 / 09:08:17";"WDOM25";"C";"1";"5.666,00";"executada";"saída";"1";"5.635,00";"-8,00";"-0,14";"-80,00"
"13621753942";"14/05/2025 / 09:00:34";"WINM25";"V";"3";"140.835,00";"executada";"saída";"3";"140.835,00";"280,00";"0,20";"168,00"
"13621753940";"14/05/2025 / 09:00:09";"WINM25";"C";"3";"141.500,00";"executada";"entrada";"3";"140.555,00";"-";"-";"-"
"13621754111";"14/05/2025 / 09:00:08";"WDOM25";"V";"1";"5.550,00";"executada";"entrada";"1";"5.627,00";"-";"-";"-"
"13621753938";"13/05/2025 / 09:05:25";"WINM25";"V";"3";"137.845,00";"executada";"saída";"3";"138.375,00";"-325,00";"-0,23";"-195,00"
"13621754109";"13/05/2025 / 09:04:14";"WDOM25";"C";"1";"5.727,00";"executada";"saída";"1";"5.697,50";"-11,00";"-0,19";"-110,00"
"13621754107";"13/05/2025 / 08:57:56";"WDOM25";"V";"1";"5.600,00";"executada";"entrada";"1";"5.686,50";"-";"-";"-"
"13621753936";"13/05/2025 / 08:57:47";"WINM25";"C";"3";"140.000,00";"executada";"entrada";"3";"138.700,00";"-";"-";"-"
"13621753935";"12/05/2025 / 09:06:17";"WINM25";"V";"3";"139.550,00";"executada";"saída";"3";"139.990,00";"-315,00";"-0,22";"-189,00"
"13621754104";"12/05/2025 / 09:00:44";"WDOM25";"C";"1";"5.693,00";"executada";"saída";"1";"5.693,00";"7,00";"0,12";"70,00"
"13621754103";"12/05/2025 / 09:00:15";"WDOM25";"V";"1";"5.600,00";"executada";"entrada";"1";"5.700,00";"-";"-";"-"
"13621753932";"12/05/2025 / 09:00:13";"WINM25";"C";"3";"141.000,00";"executada";"entrada";"3";"140.305,00";"-";"-";"-"
"13621753931";"07/05/2025 / 09:00:44";"WINM25";"V";"3";"136.240,00";"executada";"saída";"3";"136.240,00";"240,00";"0,18";"144,00"
"13621754101";"07/05/2025 / 09:00:42";"WDOM25";"C";"1";"5.731,50";"executada";"saída";"1";"5.731,50";"8,50";"0,15";"85,00"
"13621753928";"07/05/2025 / 08:55:57";"WINM25";"C";"3";"136.500,00";"executada";"entrada";"3";"136.000,00";"-";"-";"-"
"13621754099";"07/05/2025 / 08:55:46";"WDOM25";"V";"1";"5.650,00";"executada";"entrada";"1";"5.740,00";"-";"-";"-"
"13621754098";"06/05/2025 / 09:14:34";"WDOM25";"C";"1";"5.770,50";"executada";"saída";"1";"5.741,00";"-8,00";"-0,14";"-80,00"
"13621753927";"06/05/2025 / 09:00:32";"WINM25";"V";"3";"135.540,00";"executada";"saída";"3";"135.540,00";"240,00";"0,18";"144,00"
"13621754096";"06/05/2025 / 08:58:23";"WDOM25";"V";"1";"5.650,00";"executada";"entrada";"1";"5.733,00";"-";"-";"-"
"13621753925";"06/05/2025 / 08:58:17";"WINM25";"C";"3";"136.000,00";"executada";"entrada";"3";"135.300,00";"-";"-";"-"
"13621754093";"05/05/2025 / 09:01:00";"WDOM25";"C";"1";"5.682,50";"executada";"saída";"1";"5.682,50";"9,00";"0,16";"90,00"
"13621753922";"05/05/2025 / 09:00:33";"WINM25";"V";"3";"137.235,00";"executada";"saída";"3";"137.235,00";"260,00";"0,19";"156,00"
"13621754092";"05/05/2025 / 08:57:04";"WDOM25";"V";"1";"5.600,00";"executada";"entrada";"1";"5.691,50";"-";"-";"-"
"13621753920";"05/05/2025 / 08:57:02";"WINM25";"C";"3";"138.500,00";"executada";"entrada";"3";"136.975,00";"-";"-";"-"
"13621753919";"02/05/2025 / 09:23:36";"WINM25";"V";"3";"136.480,00";"executada";"saída";"3";"136.960,00";"-280,00";"-0,20";"-168,00"
"13621754090";"02/05/2025 / 09:00:53";"WDOM25";"C";"1";"5.699,00";"executada";"saída";"1";"5.699,00";"11,00";"0,19";"110,00"
"13621754087";"02/05/2025 / 08:58:17";"WDOM25";"V";"1";"5.600,00";"executada";"entrada";"1";"5.710,00";"-";"-";"-"
"13621753917";"02/05/2025 / 08:58:10";"WINM25";"C";"3";"138.000,00";"executada";"entrada";"3";"137.240,00";"-";"-";"-"
"13621753914";"30/04/2025 / 09:00:47";"WINM25";"V";"3";"137.365,00";"executada";"saída";"3";"137.365,00";"210,00";"0,15";"126,00"
"13621754086";"30/04/2025 / 09:00:40";"WDOM25";"C";"1";"5.656,00";"executada";"saída";"1";"5.656,00";"7,00";"0,12";"70,00"
"13621754083";"30/04/2025 / 08:58:30";"WDOM25";"V";"1";"5.600,00";"executada";"entrada";"1";"5.663,00";"-";"-";"-"
"13621753912";"30/04/2025 / 08:58:29";"WINM25";"C";"3";"138.000,00";"executada";"entrada";"3";"137.155,00";"-";"-";"-"
"13621753910";"29/04/2025 / 09:00:49";"WINM25";"V";"3";"137.505,00";"executada";"saída";"3";"137.505,00";"240,00";"0,17";"144,00"
"13621754082";"29/04/2025 / 09:00:38";"WDOK25";"C";"1";"5.652,00";"executada";"saída";"1";"5.652,00";"9,50";"0,17";"95,00"
"13621754079";"29/04/2025 / 08:58:08";"WDOK25";"V";"1";"5.600,00";"executada";"entrada";"1";"5.661,50";"-";"-";"-"
"13621753909";"29/04/2025 / 08:58:04";"WINM25";"C";"3";"138.000,00";"executada";"entrada";"3";"137.265,00";"-";"-";"-"
"13621753906";"28/04/2025 / 09:00:51";"WINM25";"V";"3";"137.145,00";"executada";"saída";"3";"137.145,00";"255,00";"0,19";"153,00"
"13621754077";"28/04/2025 / 09:00:37";"WDOK25";"C";"1";"5.690,50";"executada";"saída";"1";"5.690,50";"9,50";"0,17";"95,00"
"13621754075";"28/04/2025 / 08:58:34";"WDOK25";"V";"1";"5.600,00";"executada";"entrada";"1";"5.700,00";"-";"-";"-"
"13621753904";"28/04/2025 / 08:58:30";"WINM25";"C";"3";"138.000,00";"executada";"entrada";"3";"136.890,00";"-";"-";"-"
"13621753902";"25/04/2025 / 09:00:45";"WINM25";"V";"3";"137.080,00";"executada";"saída";"3";"137.080,00";"335,00";"0,25";"201,00"
"13621754074";"25/04/2025 / 09:00:33";"WDOK25";"C";"1";"5.695,50";"executada";"saída";"1";"5.695,50";"10,00";"0,18";"100,00"
"13621754071";"25/04/2025 / 08:57:59";"WDOK25";"V";"1";"5.600,00";"executada";"entrada";"1";"5.705,50";"-";"-";"-"
"13621753901";"25/04/2025 / 08:57:54";"WINM25";"C";"3";"138.000,00";"executada";"entrada";"3";"136.745,00";"-";"-";"-"
"13621753899";"24/04/2025 / 09:00:49";"WINM25";"V";"3";"135.160,00";"executada";"saída";"3";"135.160,00";"375,00";"0,28";"225,00"
"13621754070";"24/04/2025 / 09:00:33";"WDOK25";"C";"1";"5.699,50";"executada";"saída";"1";"5.699,50";"11,50";"0,20";"115,00"
"13621754068";"24/04/2025 / 08:58:33";"WDOK25";"V";"1";"5.600,00";"executada";"entrada";"1";"5.711,00";"-";"-";"-"
"13621753897";"24/04/2025 / 08:58:07";"WINM25";"C";"3";"136.000,00";"executada";"entrada";"3";"134.785,00";"-";"-";"-"
"13621754066";"22/04/2025 / 09:38:46";"WDOK25";"V";"1";"5.763,00";"executada";"saída";"1";"5.793,00";"-11,00";"-0,19";"-110,00"
"13621753894";"22/04/2025 / 09:00:46";"WINM25";"C";"3";"131.785,00";"executada";"saída";"3";"131.785,00";"355,00";"0,27";"213,00"
"13621754064";"22/04/2025 / 08:58:05";"WDOK25";"C";"1";"5.900,00";"executada";"entrada";"1";"5.804,00";"-";"-";"-"
"13621753893";"22/04/2025 / 08:57:51";"WINM25";"V";"3";"131.000,00";"executada";"entrada";"3";"132.140,00";"-";"-";"-"
"13621753890";"17/04/2025 / 09:18:21";"WINM25";"C";"3";"131.115,00";"executada";"saída";"3";"130.615,00";"240,00";"0,18";"144,00"
"13621754062";"17/04/2025 / 09:00:57";"WDOK25";"V";"1";"5.895,50";"executada";"saída";"1";"5.895,50";"10,00";"0,17";"100,00"
"13621754059";"17/04/2025 / 08:59:21";"WDOK25";"C";"1";"5.900,00";"executada";"entrada";"1";"5.885,50";"-";"-";"-"
"13621753889";"17/04/2025 / 08:59:06";"WINM25";"V";"3";"130.100,00";"executada";"entrada";"3";"130.855,00";"-";"-";"-"
"13621753887";"16/04/2025 / 09:00:47";"WINM25";"C";"3";"131.235,00";"executada";"saída";"3";"131.235,00";"285,00";"0,22";"171,00"
"13621754058";"16/04/2025 / 09:00:33";"WDOK25";"V";"1";"5.892,00";"executada";"saída";"1";"5.892,00";"12,00";"0,20";"120,00"
"13621753885";"16/04/2025 / 08:59:22";"WINM25";"V";"3";"128.200,00";"executada";"entrada";"3";"131.520,00";"-";"-";"-"
"13621754056";"16/04/2025 / 08:59:16";"WDOK25";"C";"1";"5.965,00";"executada";"entrada";"1";"5.880,00";"-";"-";"-"
"13621754053";"15/04/2025 / 09:07:18";"WDOK25";"V";"1";"5.827,50";"executada";"saída";"1";"5.857,50";"-12,50";"-0,21";"-125,00"
"13621753882";"15/04/2025 / 09:05:17";"WINJ25";"C";"3";"130.345,00";"executada";"saída";"3";"129.850,00";"-400,00";"-0,31";"-240,00"
"13621753880";"15/04/2025 / 08:59:32";"WINJ25";"V";"3";"128.500,00";"executada";"entrada";"3";"129.450,00";"-";"-";"-"
"13621754052";"15/04/2025 / 08:59:21";"WDOK25";"C";"1";"5.950,00";"executada";"entrada";"1";"5.870,00";"-";"-";"-"
"13621753878";"04/04/2025 / 09:04:40";"WINJ25";"V";"3";"128.725,00";"executada";"saída";"3";"129.210,00";"-490,00";"-0,38";"-294,00"
"13621754049";"04/04/2025 / 09:01:26";"WDOK25";"C";"1";"5.773,00";"executada";"saída";"1";"5.747,50";"-21,00";"-0,37";"-210,00"
"13621754047";"04/04/2025 / 08:58:50";"WDOK25";"V";"1";"5.600,00";"executada";"entrada";"1";"5.726,50";"-";"-";"-"
"13621753877";"04/04/2025 / 08:58:45";"WINJ25";"C";"3";"132.500,00";"executada";"entrada";"3";"129.700,00";"-";"-";"-"
"13621753875";"03/04/2025 / 09:01:06";"WINJ25";"V";"3";"129.810,00";"executada";"saída";"3";"130.435,00";"95,00";"0,07";"57,00"
"13621753873";"03/04/2025 / 09:01:03";"WINJ25";"V";"3";"130.670,00";"executada";"saída";"3";"130.670,00";"330,00";"0,25";"198,00"
"13621754046";"03/04/2025 / 09:01:02";"WDOK25";"C";"1";"5.641,50";"executada";"saída";"1";"5.641,50";"11,00";"0,19";"110,00"
"13621753871";"03/04/2025 / 09:00:26";"WINJ25";"C";"3";"132.500,00";"executada";"entrada";"3";"130.340,00";"-";"-";"-"
"13621753870";"03/04/2025 / 09:00:16";"WINJ25";"C";"3";"132.500,00";"executada";"entrada";"3";"130.340,00";"-";"-";"-"
"13621754044";"03/04/2025 / 08:58:29";"WDOK25";"V";"1";"5.600,00";"executada";"entrada";"1";"5.652,50";"-";"-";"-"
"13621753868";"02/04/2025 / 09:00:44";"WINJ25";"V";"3";"131.840,00";"executada";"saída";"3";"131.840,00";"315,00";"0,24";"189,00"
"13621754041";"02/04/2025 / 09:00:33";"WDOK25";"C";"1";"5.701,00";"executada";"saída";"1";"5.701,00";"9,00";"0,16";"90,00"
"13621754040";"02/04/2025 / 08:57:04";"WDOK25";"V";"1";"5.600,00";"executada";"entrada";"1";"5.710,00";"-";"-";"-"
"13621753865";"02/04/2025 / 08:56:58";"WINJ25";"C";"3";"132.700,00";"executada";"entrada";"3";"131.525,00";"-";"-";"-"
"13621753863";"01/04/2025 / 10:03:37";"WINJ25";"V";"3";"130.305,00";"executada";"saída";"3";"130.740,00";"-390,00";"-0,30";"-234,00"
"13621754038";"01/04/2025 / 09:00:59";"WDOK25";"C";"1";"5.734,00";"executada";"saída";"1";"5.734,00";"10,00";"0,17";"100,00"
"13621753861";"01/04/2025 / 08:58:18";"WINJ25";"C";"3";"132.300,00";"executada";"entrada";"3";"131.130,00";"-";"-";"-"
"13621754035";"01/04/2025 / 08:58:04";"WDOK25";"V";"1";"5.650,00";"executada";"entrada";"1";"5.744,00";"-";"-";"-"
"13621754033";"31/03/2025 / 09:06:50";"WDOK25";"C";"1";"5.836,00";"executada";"saída";"1";"5.806,50";"-9,50";"-0,16";"-95,00"
"13621753860";"31/03/2025 / 09:03:26";"WINJ25";"V";"3";"131.065,00";"executada";"saída";"3";"131.620,00";"-315,00";"-0,24";"-189,00"
"13621753858";"31/03/2025 / 08:58:30";"WINJ25";"C";"3";"134.500,00";"executada";"entrada";"3";"131.935,00";"-";"-";"-"
"13621754031";"31/03/2025 / 08:58:26";"WDOK25";"V";"1";"5.700,00";"executada";"entrada";"1";"5.797,00";"-";"-";"-"
"13621754029";"28/03/2025 / 09:01:49";"WDOJ25";"C";"1";"5.790,00";"executada";"saída";"1";"5.760,50";"-10,00";"-0,17";"-100,00"
"13621753855";"28/03/2025 / 09:01:13";"WINJ25";"V";"3";"132.910,00";"executada";"saída";"3";"133.455,00";"-290,00";"-0,22";"-174,00"
"13621754027";"28/03/2025 / 08:59:40";"WDOJ25";"V";"1";"5.680,00";"executada";"entrada";"1";"5.750,50";"-";"-";"-"
"13621753853";"28/03/2025 / 08:59:25";"WINJ25";"C";"3";"135.000,00";"executada";"entrada";"3";"133.745,00";"-";"-";"-"
"13621753851";"26/03/2025 / 09:00:56";"WINJ25";"V";"3";"133.460,00";"executada";"saída";"3";"133.460,00";"280,00";"0,21";"168,00"
"13621754024";"26/03/2025 / 09:00:43";"WDOJ25";"C";"1";"5.702,00";"executada";"saída";"1";"5.702,00";"9,00";"0,16";"90,00"
"13621754023";"26/03/2025 / 08:57:35";"WDOJ25";"V";"1";"5.600,00";"executada";"entrada";"1";"5.711,00";"-";"-";"-"
"13621753850";"26/03/2025 / 08:57:21";"WINJ25";"C";"3";"134.500,00";"executada";"entrada";"3";"133.180,00";"-";"-";"-"
"13621753848";"25/03/2025 / 09:00:49";"WINJ25";"V";"3";"132.505,00";"executada";"saída";"3";"132.505,00";"305,00";"0,23";"183,00"
"13621754020";"25/03/2025 / 09:00:41";"WDOJ25";"C";"1";"5.749,00";"executada";"saída";"1";"5.749,00";"12,00";"0,21";"120,00"
"13621754018";"25/03/2025 / 08:56:57";"WDOJ25";"V";"1";"5.700,00";"executada";"entrada";"1";"5.761,00";"-";"-";"-"
"13621753846";"25/03/2025 / 08:56:51";"WINJ25";"C";"3";"133.500,00";"executada";"entrada";"3";"132.200,00";"-";"-";"-"
"13621754017";"21/03/2025 / 09:21:36";"WDOJ25";"C";"1";"5.737,50";"executada";"saída";"1";"5.707,50";"-8,00";"-0,14";"-80,00"
"13621753844";"21/03/2025 / 09:06:44";"WINJ25";"V";"3";"132.180,00";"executada";"saída";"3";"132.690,00";"-260,00";"-0,20";"-156,00"
"13621754015";"21/03/2025 / 08:58:02";"WDOJ25";"V";"1";"5.600,00";"executada";"entrada";"1";"5.699,50";"-";"-";"-"
"13621753841";"21/03/2025 / 08:57:55";"WINJ25";"C";"3";"134.000,00";"executada";"entrada";"3";"132.950,00";"-";"-";"-"
"13621753840";"20/03/2025 / 09:01:11";"WINJ25";"V";"3";"132.820,00";"executada";"saída";"3";"133.275,00";"-315,00";"-0,24";"-189,00"
"13621754013";"20/03/2025 / 09:00:58";"WDOJ25";"C";"1";"5.667,00";"executada";"saída";"1";"5.667,00";"8,00";"0,14";"80,00"
"13621754011";"20/03/2025 / 08:58:28";"WDOJ25";"V";"1";"5.600,00";"executada";"entrada";"1";"5.675,00";"-";"-";"-"
"13621753837";"20/03/2025 / 08:57:39";"WINJ25";"C";"3";"135.000,00";"executada";"entrada";"3";"133.590,00";"-";"-";"-"
"13621753835";"19/03/2025 / 09:00:43";"WINJ25";"V";"3";"132.820,00";"executada";"saída";"3";"132.820,00";"280,00";"0,21";"168,00"
"13621754009";"19/03/2025 / 09:00:36";"WDOJ25";"C";"1";"5.690,50";"executada";"saída";"1";"5.690,50";"8,00";"0,14";"80,00"
"13621754006";"19/03/2025 / 08:59:15";"WDOJ25";"V";"1";"5.600,00";"executada";"entrada";"1";"5.698,50";"-";"-";"-"
"13621753833";"19/03/2025 / 08:59:01";"WINJ25";"C";"3";"133.500,00";"executada";"entrada";"3";"132.540,00";"-";"-";"-"
"13621753832";"18/03/2025 / 09:00:56";"WINJ25";"V";"3";"131.115,00";"executada";"saída";"3";"131.605,00";"-260,00";"-0,20";"-156,00"
"13621754005";"18/03/2025 / 09:00:55";"WDOJ25";"C";"1";"5.758,00";"executada";"saída";"1";"5.729,50";"-10,50";"-0,18";"-105,00"
"13621754002";"18/03/2025 / 08:59:40";"WDOJ25";"V";"1";"5.600,00";"executada";"entrada";"1";"5.719,00";"-";"-";"-"
"13621753830";"18/03/2025 / 08:59:31";"WINJ25";"C";"3";"133.500,00";"executada";"entrada";"3";"131.865,00";"-";"-";"-"
"13621753827";"17/03/2025 / 09:18:58";"WINJ25";"C";"3";"130.875,00";"executada";"saída";"3";"130.375,00";"-290,00";"-0,22";"-174,00"
"13621754001";"17/03/2025 / 09:03:21";"WDOJ25";"V";"1";"5.718,00";"executada";"saída";"1";"5.748,00";"-8,00";"-0,14";"-80,00"
"13621753998";"17/03/2025 / 08:56:14";"WDOJ25";"C";"1";"5.850,00";"executada";"entrada";"1";"5.756,00";"-";"-";"-"
"13621753826";"17/03/2025 / 08:55:48";"WINJ25";"V";"3";"129.000,00";"executada";"entrada";"3";"130.085,00";"-";"-";"-"
"13621753824";"14/03/2025 / 09:26:55";"WINJ25";"C";"3";"128.230,00";"executada";"saída";"3";"127.740,00";"-320,00";"-0,25";"-192,00"
"13621753997";"14/03/2025 / 09:01:20";"WDOJ25";"V";"1";"5.772,50";"executada";"saída";"1";"5.800,00";"-10,00";"-0,17";"-100,00"
"13621753994";"14/03/2025 / 08:57:27";"WDOJ25";"C";"1";"5.900,00";"executada";"entrada";"1";"5.810,00";"-";"-";"-"
"13621753821";"14/03/2025 / 08:57:21";"WINJ25";"V";"3";"125.500,00";"executada";"entrada";"3";"127.420,00";"-";"-";"-"
"13621753819";"13/03/2025 / 09:01:34";"WINJ25";"C";"3";"125.595,00";"executada";"saída";"3";"125.115,00";"-290,00";"-0,23";"-174,00"
"13621753993";"13/03/2025 / 09:01:17";"WDOJ25";"V";"1";"5.804,00";"executada";"saída";"1";"5.833,50";"-10,00";"-0,17";"-100,00"
"13621753991";"13/03/2025 / 08:58:11";"WDOJ25";"C";"1";"5.900,00";"executada";"entrada";"1";"5.843,50";"-";"-";"-"
"13621753818";"13/03/2025 / 08:58:05";"WINJ25";"V";"3";"124.000,00";"executada";"entrada";"3";"124.825,00";"-";"-";"-"
"13621753988";"11/03/2025 / 10:17:59";"WDOJ25";"V";"1";"5.825,00";"executada";"saída";"1";"5.854,50";"-9,50";"-0,16";"-95,00"
"13621753815";"11/03/2025 / 09:01:00";"WINJ25";"C";"3";"125.940,00";"executada";"saída";"3";"125.940,00";"320,00";"0,25";"192,00"
"13621753987";"11/03/2025 / 08:58:36";"WDOJ25";"C";"1";"5.950,00";"executada";"entrada";"1";"5.864,00";"-";"-";"-"
"13621753814";"11/03/2025 / 08:58:27";"WINJ25";"V";"3";"124.800,00";"executada";"entrada";"3";"126.260,00";"-";"-";"-"
"13621753984";"10/03/2025 / 09:43:26";"WDOJ25";"C";"1";"5.856,50";"executada";"saída";"1";"5.826,50";"-8,50";"-0,15";"-85,00"
"13621753811";"10/03/2025 / 09:00:52";"WINJ25";"C";"3";"125.690,00";"executada";"saída";"3";"125.690,00";"360,00";"0,29";"216,00"
"13621753983";"10/03/2025 / 08:58:50";"WDOJ25";"V";"1";"5.770,00";"executada";"entrada";"1";"5.818,00";"-";"-";"-"
"13621753809";"10/03/2025 / 08:58:45";"WINJ25";"V";"3";"125.500,00";"executada";"entrada";"3";"126.050,00";"-";"-";"-"
"13621753980";"07/03/2025 / 09:39:42";"WDOJ25";"C";"1";"5.832,50";"executada";"saída";"1";"5.803,00";"-15,00";"-0,26";"-150,00"
"13621753807";"07/03/2025 / 09:00:50";"WINJ25";"C";"3";"124.740,00";"executada";"saída";"3";"124.740,00";"415,00";"0,33";"249,00"
"13621753979";"07/03/2025 / 08:57:58";"WDOJ25";"V";"1";"5.750,00";"executada";"entrada";"1";"5.788,00";"-";"-";"-"
"13621753806";"07/03/2025 / 08:57:54";"WINJ25";"V";"3";"124.000,00";"executada";"entrada";"3";"125.155,00";"-";"-";"-"
"13621753804";"06/03/2025 / 09:02:55";"WINJ25";"C";"3";"125.245,00";"executada";"saída";"3";"124.768,33";"-278,33";"-0,22";"-167,00"
"13621753977";"06/03/2025 / 09:00:46";"WDOJ25";"V";"1";"5.804,00";"executada";"saída";"1";"5.804,00";"23,00";"0,40";"230,00"
"13621753975";"06/03/2025 / 08:59:27";"WDOJ25";"C";"1";"5.850,00";"executada";"entrada";"1";"5.781,00";"-";"-";"-"
"13621753801";"06/03/2025 / 08:59:19";"WINJ25";"V";"3";"123.500,00";"executada";"entrada";"3";"124.490,00";"-";"-";"-"
"13621753800";"28/02/2025 / 09:00:39";"WINJ25";"C";"3";"126.145,00";"executada";"saída";"3";"126.145,00";"245,00";"0,19";"147,00"
"13621753973";"28/02/2025 / 09:00:35";"WDOJ25";"V";"1";"5.876,00";"executada";"saída";"1";"5.876,00";"9,00";"0,15";"90,00"
"13621753971";"28/02/2025 / 08:59:19";"WDOJ25";"C";"1";"5.920,00";"executada";"entrada";"1";"5.867,00";"-";"-";"-"
"13621753797";"28/02/2025 / 08:59:17";"WINJ25";"V";"3";"125.000,00";"executada";"entrada";"3";"126.390,00";"-";"-";"-"
"13621753796";"27/02/2025 / 10:02:44";"WINJ25";"C";"3";"126.880,00";"executada";"saída";"3";"126.390,00";"-290,00";"-0,23";"-174,00"
"13621753969";"27/02/2025 / 09:00:36";"WDOH25";"C";"1";"5.809,00";"executada";"saída";"1";"5.809,00";"10,00";"0,17";"100,00"
"13621753967";"27/02/2025 / 08:59:03";"WDOH25";"V";"1";"5.700,00";"executada";"entrada";"1";"5.819,00";"-";"-";"-"
"13621753794";"27/02/2025 / 08:58:29";"WINJ25";"V";"3";"125.000,00";"executada";"entrada";"3";"126.100,00";"-";"-";"-"
"13621753965";"26/02/2025 / 09:16:59";"WDOH25";"C";"1";"5.781,00";"executada";"saída";"1";"5.751,50";"-9,00";"-0,16";"-90,00"
"13621753792";"26/02/2025 / 09:00:35";"WINJ25";"V";"3";"128.545,00";"executada";"saída";"3";"128.545,00";"225,00";"0,18";"135,00"
"13621753963";"26/02/2025 / 08:59:49";"WDOH25";"V";"1";"5.700,00";"executada";"entrada";"1";"5.742,50";"-";"-";"-"
"13621753789";"26/02/2025 / 08:59:04";"WINJ25";"C";"3";"129.000,00";"executada";"entrada";"3";"128.320,00";"-";"-";"-"
"13621753961";"25/02/2025 / 09:03:50";"WDOH25";"C";"1";"5.808,00";"executada";"saída";"1";"5.784,00";"-15,50";"-0,27";"-155,00"
"13621753787";"25/02/2025 / 09:00:59";"WINJ25";"V";"3";"127.840,00";"executada";"saída";"3";"127.840,00";"220,00";"0,17";"132,00"
"13621753959";"25/02/2025 / 08:58:02";"WDOH25";"V";"1";"5.700,00";"executada";"entrada";"1";"5.768,50";"-";"-";"-"
"13621753785";"25/02/2025 / 08:57:58";"WINJ25";"C";"3";"128.500,00";"executada";"entrada";"3";"127.620,00";"-";"-";"-"
"13621753957";"24/02/2025 / 09:00:44";"WDOH25";"C";"1";"5.715,50";"executada";"saída";"1";"5.715,50";"8,50";"0,15";"85,00"
"13621753783";"24/02/2025 / 09:00:41";"WINJ25";"V";"3";"129.665,00";"executada";"saída";"3";"129.665,00";"230,00";"0,18";"138,00"
"13621753954";"24/02/2025 / 08:59:36";"WDOH25";"V";"1";"5.650,00";"executada";"entrada";"1";"5.724,00";"-";"-";"-"
"13621753781";"24/02/2025 / 08:59:30";"WINJ25";"C";"3";"130.300,00";"executada";"entrada";"3";"129.435,00";"-";"-";"-"
"13621753952";"21/02/2025 / 09:11:22";"WDOH25";"C";"1";"5.749,00";"executada";"saída";"1";"5.719,00";"-7,50";"-0,13";"-75,00"
"13621753779";"21/02/2025 / 09:00:41";"WINJ25";"V";"3";"129.695,00";"executada";"saída";"3";"129.695,00";"175,00";"0,14";"105,00"
"13621753951";"21/02/2025 / 08:56:40";"WDOH25";"V";"1";"5.600,00";"executada";"entrada";"1";"5.711,50";"-";"-";"-"
"13621753777";"21/02/2025 / 08:56:36";"WINJ25";"C";"3";"130.500,00";"executada";"entrada";"3";"129.520,00";"-";"-";"-"
"13621753775";"19/02/2025 / 09:13:03";"WINJ25";"V";"3";"129.740,00";"executada";"saída";"3";"130.240,00";"-360,00";"-0,28";"-216,00"
"13621753949";"19/02/2025 / 09:00:51";"WDOH25";"C";"1";"5.705,50";"executada";"saída";"1";"5.705,50";"6,50";"0,11";"65,00"
"13621753774";"19/02/2025 / 08:59:40";"WINJ25";"C";"3";"131.500,00";"executada";"entrada";"3";"130.600,00";"-";"-";"-"
"13621753947";"19/02/2025 / 08:58:57";"WDOH25";"V";"1";"5.600,00";"executada";"entrada";"1";"5.712,00";"-";"-";"-"
"13621753771";"18/02/2025 / 09:01:43";"WINJ25";"V";"3";"130.525,00";"executada";"saída";"3";"131.020,00";"-280,00";"-0,21";"-168,00"
"13621753945";"18/02/2025 / 09:00:34";"WDOH25";"C";"1";"5.718,00";"executada";"saída";"1";"5.718,00";"6,00";"0,10";"60,00"
"13621753770";"18/02/2025 / 08:58:45";"WINJ25";"C";"3";"132.000,00";"executada";"entrada";"3";"131.300,00";"-";"-";"-"
"13621753943";"18/02/2025 / 08:58:26";"WDOH25";"V";"1";"5.670,00";"executada";"entrada";"1";"5.724,00";"-";"-";"-"
"13621753768";"17/02/2025 / 09:05:55";"WINJ25";"C";"3";"131.270,00";"executada";"saída";"3";"130.765,00";"-315,00";"-0,24";"-189,00"
"13621753941";"17/02/2025 / 09:03:27";"WDOH25";"C";"1";"5.761,50";"executada";"saída";"1";"5.732,00";"-7,50";"-0,13";"-75,00"
"13621753939";"17/02/2025 / 08:58:18";"WDOH25";"V";"1";"5.650,00";"executada";"entrada";"1";"5.724,50";"-";"-";"-"
"13621753765";"17/02/2025 / 08:58:13";"WINJ25";"V";"3";"129.000,00";"executada";"entrada";"3";"130.450,00";"-";"-";"-"
"13621753763";"14/02/2025 / 09:04:25";"WINJ25";"C";"3";"127.770,00";"executada";"saída";"3";"127.270,00";"-250,00";"-0,20";"-150,00"
"13621753937";"14/02/2025 / 09:00:55";"WDOH25";"C";"1";"5.769,00";"executada";"saída";"1";"5.769,00";"9,50";"0,16";"95,00"
"13621753761";"14/02/2025 / 08:57:47";"WINJ25";"V";"3";"126.000,00";"executada";"entrada";"3";"127.020,00";"-";"-";"-"
"13621753934";"14/02/2025 / 08:57:46";"WDOH25";"V";"1";"5.700,00";"executada";"entrada";"1";"5.778,50";"-";"-";"-"
"13621753759";"13/02/2025 / 09:01:01";"WINJ25";"V";"3";"126.120,00";"executada";"saída";"3";"126.750,00";"-180,00";"-0,14";"-108,00"
"13621753933";"13/02/2025 / 09:00:53";"WDOH25";"C";"1";"5.815,50";"executada";"saída";"1";"5.786,00";"-11,00";"-0,19";"-110,00"
"13621753930";"13/02/2025 / 09:00:13";"WDOH25";"V";"1";"5.700,00";"executada";"entrada";"1";"5.775,00";"-";"-";"-"
"13621753757";"13/02/2025 / 09:00:11";"WINJ25";"C";"3";"127.000,00";"executada";"entrada";"3";"126.930,00";"-";"-";"-"
"13621753756";"12/02/2025 / 09:00:56";"WINJ25";"V";"3";"129.295,00";"executada";"saída";"3";"129.295,00";"265,00";"0,21";"159,00"
"13621753929";"12/02/2025 / 09:00:36";"WDOH25";"C";"1";"5.777,50";"executada";"saída";"1";"5.777,50";"9,50";"0,16";"95,00"
"13621753926";"12/02/2025 / 08:58:16";"WDOH25";"V";"1";"5.700,00";"executada";"entrada";"1";"5.787,00";"-";"-";"-"
"13621753753";"12/02/2025 / 08:58:09";"WINJ25";"C";"3";"130.000,00";"executada";"entrada";"3";"129.030,00";"-";"-";"-"
"13621753924";"11/02/2025 / 09:01:00";"WDOH25";"C";"1";"5.808,00";"executada";"saída";"1";"5.808,00";"10,00";"0,17";"100,00"
"13621753751";"11/02/2025 / 09:00:57";"WING25";"V";"3";"126.005,00";"executada";"saída";"3";"126.005,00";"255,00";"0,20";"153,00"
"13621753923";"11/02/2025 / 09:00:07";"WDOH25";"V";"1";"5.750,00";"executada";"entrada";"1";"5.818,00";"-";"-";"-"
"13621753749";"11/02/2025 / 08:59:38";"WING25";"C";"3";"126.000,00";"executada";"entrada";"3";"125.750,00";"-";"-";"-"
"13621753921";"10/02/2025 / 09:04:16";"WDOH25";"C";"1";"5.875,00";"executada";"saída";"1";"5.844,50";"-13,00";"-0,22";"-130,00"
"13621753747";"10/02/2025 / 09:00:52";"WING25";"V";"3";"125.365,00";"executada";"saída";"3";"125.365,00";"265,00";"0,21";"159,00"
"13621753918";"10/02/2025 / 08:59:26";"WDOH25";"V";"1";"5.750,00";"executada";"entrada";"1";"5.831,50";"-";"-";"-"
"13621753746";"10/02/2025 / 08:59:23";"WING25";"C";"3";"126.000,00";"executada";"entrada";"3";"125.100,00";"-";"-";"-"
"13621753743";"07/02/2025 / 09:36:59";"WING25";"V";"3";"125.655,00";"executada";"saída";"3";"126.155,00";"-230,00";"-0,18";"-138,00"
"13621753916";"07/02/2025 / 09:00:51";"WDOH25";"C";"1";"5.784,50";"executada";"saída";"1";"5.784,50";"12,00";"0,21";"120,00"
"13621753915";"07/02/2025 / 08:58:48";"WDOH25";"V";"1";"5.700,00";"executada";"entrada";"1";"5.796,50";"-";"-";"-"
"13621753741";"07/02/2025 / 08:58:43";"WING25";"C";"3";"127.500,00";"executada";"entrada";"3";"126.385,00";"-";"-";"-"
"13621753913";"06/02/2025 / 09:04:22";"WDOH25";"C";"1";"5.869,50";"executada";"saída";"1";"5.839,50";"-9,00";"-0,15";"-90,00"
"13621753739";"06/02/2025 / 09:00:44";"WING25";"V";"3";"126.175,00";"executada";"saída";"3";"126.175,00";"225,00";"0,18";"135,00"
"13621753911";"06/02/2025 / 08:59:41";"WDOH25";"V";"1";"5.750,00";"executada";"entrada";"1";"5.830,50";"-";"-";"-"
"13621753737";"06/02/2025 / 08:59:21";"WING25";"C";"3";"127.000,00";"executada";"entrada";"3";"125.950,00";"-";"-";"-"
"13621753735";"05/02/2025 / 09:00:48";"WING25";"V";"3";"125.835,00";"executada";"saída";"3";"125.835,00";"285,00";"0,23";"171,00"
"13621753908";"05/02/2025 / 09:00:45";"WDOH25";"C";"1";"5.775,50";"executada";"saída";"1";"5.775,50";"11,50";"0,20";"115,00"
"13621753907";"05/02/2025 / 08:59:10";"WDOH25";"V";"1";"5.700,00";"executada";"entrada";"1";"5.787,00";"-";"-";"-"
"13621753734";"05/02/2025 / 08:59:08";"WING25";"C";"3";"126.500,00";"executada";"entrada";"3";"125.550,00";"-";"-";"-"
"13621753905";"04/02/2025 / 09:06:12";"WDOH25";"C";"1";"5.876,00";"executada";"saída";"1";"5.846,00";"-17,50";"-0,30";"-175,00"
"13621753732";"04/02/2025 / 09:02:17";"WING25";"V";"3";"125.735,00";"executada";"saída";"3";"126.230,00";"-270,00";"-0,21";"-162,00"
"13621753903";"04/02/2025 / 08:58:05";"WDOH25";"V";"1";"5.770,00";"executada";"entrada";"1";"5.828,50";"-";"-";"-"
"13621753729";"04/02/2025 / 08:58:02";"WING25";"C";"3";"127.000,00";"executada";"entrada";"3";"126.500,00";"-";"-";"-"
"13621753900";"03/02/2025 / 09:03:16";"WDOH25";"C";"1";"5.939,00";"executada";"saída";"1";"5.910,50";"-13,50";"-0,23";"-135,00"
"13621753726";"03/02/2025 / 09:01:08";"WING25";"V";"3";"124.975,00";"executada";"saída";"3";"125.510,00";"-205,00";"-0,16";"-123,00"
"13621753898";"03/02/2025 / 09:00:15";"WDOH25";"V";"1";"5.800,00";"executada";"entrada";"1";"5.897,00";"-";"-";"-"
"13621753724";"03/02/2025 / 08:59:56";"WING25";"C";"3";"127.750,00";"executada";"entrada";"3";"125.715,00";"-";"-";"-"
"13621753722";"31/01/2025 / 09:00:44";"WING25";"V";"3";"127.550,00";"executada";"saída";"3";"127.550,00";"240,00";"0,19";"144,00"
"13621753896";"31/01/2025 / 09:00:33";"WDOH25";"C";"1";"5.880,00";"executada";"saída";"1";"5.880,00";"20,00";"0,34";"200,00"
"13621753895";"31/01/2025 / 08:59:53";"WDOH25";"V";"1";"5.850,00";"executada";"entrada";"1";"5.900,00";"-";"-";"-"
"13621753720";"31/01/2025 / 08:59:52";"WING25";"C";"3";"128.000,00";"executada";"entrada";"3";"127.310,00";"-";"-";"-"
"13621753892";"30/01/2025 / 09:01:16";"WDOG25";"C";"1";"5.904,50";"executada";"saída";"1";"5.876,00";"-12,00";"-0,20";"-120,00"
"13621753719";"30/01/2025 / 09:00:55";"WING25";"V";"3";"124.685,00";"executada";"saída";"3";"124.685,00";"235,00";"0,19";"141,00"
"13621753891";"30/01/2025 / 08:58:35";"WDOG25";"V";"1";"5.800,00";"executada";"entrada";"1";"5.864,00";"-";"-";"-"
"13621753717";"30/01/2025 / 08:58:28";"WING25";"C";"3";"125.000,00";"executada";"entrada";"3";"124.450,00";"-";"-";"-"
"13621753888";"29/01/2025 / 09:07:55";"WDOG25";"C";"1";"5.905,50";"executada";"saída";"1";"5.875,50";"-9,50";"-0,16";"-95,00"
"13621753715";"29/01/2025 / 09:00:40";"WING25";"V";"3";"125.065,00";"executada";"saída";"3";"125.065,00";"205,00";"0,16";"123,00"
"13621753886";"29/01/2025 / 08:58:31";"WDOG25";"V";"1";"5.770,00";"executada";"entrada";"1";"5.866,00";"-";"-";"-"
"13621753712";"29/01/2025 / 08:58:27";"WING25";"C";"3";"125.500,00";"executada";"entrada";"3";"124.860,00";"-";"-";"-"
"13621753884";"28/01/2025 / 09:00:55";"WDOG25";"C";"1";"5.904,00";"executada";"saída";"1";"5.904,00";"12,50";"0,21";"125,00"
"13621753711";"28/01/2025 / 09:00:50";"WING25";"V";"3";"125.490,00";"executada";"saída";"3";"125.490,00";"240,00";"0,19";"144,00"
"13621753883";"28/01/2025 / 08:57:40";"WDOG25";"V";"1";"5.800,00";"executada";"entrada";"1";"5.916,50";"-";"-";"-"
"13621753709";"28/01/2025 / 08:57:38";"WING25";"C";"3";"126.500,00";"executada";"entrada";"3";"125.250,00";"-";"-";"-"
"13621753706";"27/01/2025 / 09:00:43";"WING25";"V";"3";"122.570,00";"executada";"saída";"3";"122.570,00";"220,00";"0,18";"132,00"
"13621753881";"27/01/2025 / 09:00:41";"WDOG25";"C";"1";"5.938,50";"executada";"saída";"1";"5.938,50";"12,00";"0,20";"120,00"
"13621753879";"27/01/2025 / 08:58:25";"WDOG25";"V";"1";"5.850,00";"executada";"entrada";"1";"5.950,50";"-";"-";"-"
"13621753704";"27/01/2025 / 08:57:52";"WING25";"C";"3";"124.000,00";"executada";"entrada";"3";"122.350,00";"-";"-";"-"
"13621753702";"24/01/2025 / 09:11:52";"WING25";"V";"3";"122.580,00";"executada";"saída";"3";"123.090,00";"-260,00";"-0,21";"-156,00"
"13621753876";"24/01/2025 / 09:00:48";"WDOG25";"C";"1";"5.901,50";"executada";"saída";"1";"5.901,50";"10,50";"0,18";"105,00"
"13621753874";"24/01/2025 / 08:59:12";"WDOG25";"V";"1";"5.850,00";"executada";"entrada";"1";"5.912,00";"-";"-";"-"
"13621753700";"24/01/2025 / 08:59:06";"WING25";"C";"3";"124.000,00";"executada";"entrada";"3";"123.350,00";"-";"-";"-"
"13621753872";"23/01/2025 / 09:07:35";"WDOG25";"C";"1";"5.992,50";"executada";"saída";"1";"5.963,00";"-11,00";"-0,18";"-110,00"
"13621753698";"23/01/2025 / 09:03:45";"WING25";"V";"3";"123.070,00";"executada";"saída";"3";"123.575,00";"-225,00";"-0,18";"-135,00"
"13621753869";"23/01/2025 / 08:58:55";"WDOG25";"V";"1";"5.900,00";"executada";"entrada";"1";"5.952,00";"-";"-";"-"
"13621753697";"23/01/2025 / 08:58:47";"WING25";"C";"3";"125.000,00";"executada";"entrada";"3";"123.800,00";"-";"-";"-"
"13621753867";"22/01/2025 / 09:00:46";"WDOG25";"C";"1";"6.011,50";"executada";"saída";"1";"6.011,50";"11,50";"0,19";"115,00"
"13621753695";"22/01/2025 / 09:00:34";"WING25";"V";"3";"124.470,00";"executada";"saída";"3";"124.470,00";"240,00";"0,19";"144,00"
"13621753866";"22/01/2025 / 08:57:17";"WDOG25";"V";"1";"5.950,00";"executada";"entrada";"1";"6.023,00";"-";"-";"-"
"13621753692";"22/01/2025 / 08:57:12";"WING25";"C";"3";"125.000,00";"executada";"entrada";"3";"124.230,00";"-";"-";"-"
"13621753864";"21/01/2025 / 09:02:26";"WDOG25";"C";"1";"6.105,50";"executada";"saída";"1";"6.076,00";"-11,00";"-0,18";"-110,00"
"13621753690";"21/01/2025 / 09:02:08";"WING25";"V";"3";"122.670,00";"executada";"saída";"3";"123.165,00";"-275,00";"-0,22";"-165,00"
"13621753862";"21/01/2025 / 08:57:21";"WDOG25";"V";"1";"5.950,00";"executada";"entrada";"1";"6.065,00";"-";"-";"-"
"13621753688";"21/01/2025 / 08:57:17";"WING25";"C";"3";"124.500,00";"executada";"entrada";"3";"123.440,00";"-";"-";"-"
"13621753859";"20/01/2025 / 09:31:44";"WDOG25";"C";"1";"6.122,00";"executada";"saída";"1";"6.092,50";"-12,50";"-0,21";"-125,00"
"13621753687";"20/01/2025 / 09:00:51";"WING25";"C";"3";"122.650,00";"executada";"saída";"3";"122.650,00";"260,00";"0,21";"156,00"
"13621753857";"20/01/2025 / 08:57:12";"WDOG25";"V";"1";"5.950,00";"executada";"entrada";"1";"6.080,00";"-";"-";"-"
"13621753684";"20/01/2025 / 08:57:08";"WING25";"V";"3";"121.500,00";"executada";"entrada";"3";"122.910,00";"-";"-";"-"
"13621753683";"17/01/2025 / 09:00:34";"WING25";"C";"3";"122.335,00";"executada";"saída";"3";"122.335,00";"230,00";"0,19";"138,00"
"13621753856";"17/01/2025 / 09:00:32";"WDOG25";"C";"1";"6.060,00";"executada";"saída";"1";"6.060,00";"12,00";"0,20";"120,00"
"13621753680";"17/01/2025 / 08:59:35";"WING25";"V";"3";"121.000,00";"executada";"entrada";"3";"122.565,00";"-";"-";"-"
"13621753854";"17/01/2025 / 08:59:29";"WDOG25";"V";"1";"6.000,00";"executada";"entrada";"1";"6.072,00";"-";"-";"-"
"13621753679";"16/01/2025 / 09:00:42";"WING25";"C";"3";"122.870,00";"executada";"saída";"3";"122.870,00";"280,00";"0,23";"168,00"
"13621753852";"16/01/2025 / 09:00:41";"WDOG25";"C";"1";"6.026,00";"executada";"saída";"1";"6.026,00";"14,00";"0,23";"140,00"
"13621753677";"16/01/2025 / 08:57:27";"WING25";"V";"3";"122.000,00";"executada";"entrada";"3";"123.150,00";"-";"-";"-"
"13621753849";"16/01/2025 / 08:57:26";"WDOG25";"V";"1";"5.950,00";"executada";"entrada";"1";"6.040,00";"-";"-";"-"
"13621753674";"15/01/2025 / 09:01:19";"WING25";"C";"3";"121.040,00";"executada";"saída";"3";"120.535,00";"-265,00";"-0,22";"-159,00"
"13621753847";"15/01/2025 / 09:00:54";"WDOG25";"C";"1";"6.053,50";"executada";"saída";"1";"6.053,50";"11,50";"0,19";"115,00"
"13621753845";"15/01/2025 / 08:58:35";"WDOG25";"V";"1";"6.000,00";"executada";"entrada";"1";"6.065,00";"-";"-";"-"
"13621753672";"15/01/2025 / 08:58:35";"WING25";"V";"3";"119.000,00";"executada";"entrada";"3";"120.270,00";"-";"-";"-"
"13621753670";"14/01/2025 / 09:02:33";"WING25";"C";"3";"120.920,00";"executada";"saída";"3";"120.425,00";"-195,00";"-0,16";"-117,00"
"13621753843";"14/01/2025 / 09:00:39";"WDOG25";"C";"1";"6.102,50";"executada";"saída";"1";"6.102,50";"11,00";"0,18";"110,00"
"13621753842";"14/01/2025 / 08:58:56";"WDOG25";"V";"1";"6.050,00";"executada";"entrada";"1";"6.113,50";"-";"-";"-"
"13621753669";"14/01/2025 / 08:58:39";"WING25";"V";"3";"119.000,00";"executada";"entrada";"3";"120.230,00";"-";"-";"-"
"13621753666";"13/01/2025 / 09:03:03";"WING25";"C";"3";"120.430,00";"executada";"saída";"3";"119.935,00";"-150,00";"-0,13";"-90,00"
"13621753839";"13/01/2025 / 09:00:41";"WDOG25";"C";"1";"6.139,00";"executada";"saída";"1";"6.139,00";"10,50";"0,17";"105,00"
"13621753838";"13/01/2025 / 08:59:35";"WDOG25";"V";"1";"6.050,00";"executada";"entrada";"1";"6.149,50";"-";"-";"-"
"13621753665";"13/01/2025 / 08:59:17";"WING25";"V";"3";"119.000,00";"executada";"entrada";"3";"119.785,00";"-";"-";"-"
"13621753836";"10/01/2025 / 09:10:34";"WDOG25";"C";"1";"6.103,50";"executada";"saída";"1";"6.074,00";"-10,00";"-0,16";"-100,00"
"13621753663";"10/01/2025 / 09:00:43";"WING25";"C";"3";"120.945,00";"executada";"saída";"3";"120.945,00";"165,00";"0,14";"99,00"
"13621753834";"10/01/2025 / 09:00:00";"WDOG25";"V";"1";"6.000,00";"executada";"entrada";"1";"6.064,00";"-";"-";"-"
"13621753660";"10/01/2025 / 08:59:28";"WING25";"V";"3";"120.000,00";"executada";"entrada";"3";"121.110,00";"-";"-";"-"
"13621753831";"09/01/2025 / 09:23:19";"WDOG25";"C";"1";"6.173,00";"executada";"saída";"1";"6.143,00";"-11,00";"-0,18";"-110,00"
"13621753659";"09/01/2025 / 09:00:44";"WING25";"C";"3";"120.535,00";"executada";"saída";"3";"120.535,00";"240,00";"0,20";"144,00"
"13621753829";"09/01/2025 / 08:59:15";"WDOG25";"V";"1";"6.050,00";"executada";"entrada";"1";"6.132,00";"-";"-";"-"
"13621753657";"09/01/2025 / 08:58:48";"WING25";"V";"3";"119.500,00";"executada";"entrada";"3";"120.775,00";"-";"-";"-"
"13621753828";"08/01/2025 / 09:04:58";"WDOG25";"C";"1";"6.196,00";"executada";"saída";"1";"6.166,50";"-15,00";"-0,24";"-150,00"
"13621753654";"08/01/2025 / 09:01:01";"WING25";"C";"3";"121.955,00";"executada";"saída";"3";"121.955,00";"245,00";"0,20";"147,00"
"13621753825";"08/01/2025 / 08:58:05";"WDOG25";"V";"1";"6.050,00";"executada";"entrada";"1";"6.151,50";"-";"-";"-"
"13621753652";"08/01/2025 / 08:58:04";"WING25";"V";"3";"121.500,00";"executada";"entrada";"3";"122.200,00";"-";"-";"-"
"13621753650";"07/01/2025 / 09:09:34";"WING25";"C";"3";"121.890,00";"executada";"saída";"3";"121.395,00";"-335,00";"-0,28";"-201,00"
"13621753823";"07/01/2025 / 09:03:31";"WDOG25";"V";"1";"6.095,00";"executada";"saída";"1";"6.124,50";"-18,50";"-0,30";"-185,00"
"13621753648";"07/01/2025 / 08:59:39";"WING25";"V";"3";"120.000,00";"executada";"entrada";"3";"121.060,00";"-";"-";"-"
"13621753822";"07/01/2025 / 08:59:33";"WDOG25";"C";"1";"6.200,00";"executada";"entrada";"1";"6.143,00";"-";"-";"-"
"13621753646";"06/01/2025 / 09:02:25";"WING25";"C";"3";"120.690,00";"executada";"saída";"3";"120.215,00";"-290,00";"-0,24";"-174,00"
"13621753820";"06/01/2025 / 09:01:10";"WDOG25";"V";"1";"6.133,00";"executada";"saída";"1";"6.162,00";"-14,50";"-0,23";"-145,00"
"13621753817";"06/01/2025 / 08:59:06";"WDOG25";"C";"1";"6.300,00";"executada";"entrada";"1";"6.176,50";"-";"-";"-"
"13621753645";"06/01/2025 / 08:59:00";"WING25";"V";"3";"118.500,00";"executada";"entrada";"3";"119.925,00";"-";"-";"-"
"13621753816";"03/01/2025 / 09:00:50";"WDOG25";"V";"1";"6.194,50";"executada";"saída";"1";"6.194,50";"14,50";"0,23";"145,00"
"13621753643";"03/01/2025 / 09:00:33";"WING25";"C";"3";"120.960,00";"executada";"saída";"3";"120.960,00";"305,00";"0,25";"183,00"
"13621753813";"03/01/2025 / 08:59:59";"WDOG25";"C";"1";"6.250,00";"executada";"entrada";"1";"6.180,00";"-";"-";"-"
"13621753641";"03/01/2025 / 08:59:51";"WING25";"V";"3";"120.000,00";"executada";"entrada";"3";"121.265,00";"-";"-";"-"
"13621753812";"02/01/2025 / 09:01:36";"WDOG25";"V";"1";"6.168,50";"executada";"saída";"1";"6.204,50";"-15,00";"-0,24";"-150,00"
"13621753639";"02/01/2025 / 09:01:22";"WING25";"C";"3";"122.480,00";"executada";"saída";"3";"121.926,67";"-136,67";"-0,11";"-82,00"
"13621753810";"02/01/2025 / 08:59:40";"WDOG25";"C";"1";"6.300,00";"executada";"entrada";"1";"6.219,50";"-";"-";"-"
"13621753636";"02/01/2025 / 08:59:27";"WING25";"V";"3";"121.000,00";"executada";"entrada";"3";"121.790,00";"-";"-";"-"
"13621753808";"26/12/2024 / 09:00:55";"WDOF25";"V";"1";"6.181,00";"executada";"saída";"1";"6.181,00";"16,00";"0,26";"160,00"
"13621753635";"26/12/2024 / 09:00:46";"WING25";"C";"3";"121.910,00";"executada";"saída";"3";"121.910,00";"295,00";"0,24";"177,00"
"13621753805";"26/12/2024 / 08:59:47";"WDOF25";"C";"1";"6.300,00";"executada";"entrada";"1";"6.165,00";"-";"-";"-"
"13621753632";"26/12/2024 / 08:59:32";"WING25";"V";"3";"121.000,00";"executada";"entrada";"3";"122.205,00";"-";"-";"-"
"13621753803";"20/12/2024 / 09:09:13";"WDOF25";"V";"1";"6.052,00";"executada";"saída";"1";"6.081,50";"-24,50";"-0,40";"-245,00"
"13621753630";"20/12/2024 / 09:05:11";"WING25";"C";"3";"123.455,00";"executada";"saída";"3";"122.960,00";"-360,00";"-0,29";"-216,00"
"13621753802";"20/12/2024 / 08:59:40";"WDOF25";"C";"1";"6.200,00";"executada";"entrada";"1";"6.106,00";"-";"-";"-"
"13621753629";"20/12/2024 / 08:59:16";"WING25";"V";"3";"122.000,00";"executada";"entrada";"3";"122.600,00";"-";"-";"-"
"13621753799";"19/12/2024 / 09:01:00";"WDOF25";"V";"1";"6.266,50";"executada";"saída";"1";"6.266,50";"16,50";"0,26";"165,00"
"13621753627";"19/12/2024 / 09:00:39";"WING25";"C";"3";"123.510,00";"executada";"saída";"3";"123.510,00";"340,00";"0,27";"204,00"
"13621753798";"19/12/2024 / 08:59:45";"WDOF25";"C";"1";"6.300,00";"executada";"entrada";"1";"6.250,00";"-";"-";"-"
"13621753625";"19/12/2024 / 08:59:01";"WING25";"V";"3";"122.000,00";"executada";"entrada";"3";"123.850,00";"-";"-";"-"
"13621753795";"18/12/2024 / 09:00:44";"WDOF25";"V";"1";"6.126,50";"executada";"saída";"1";"6.126,50";"19,00";"0,31";"190,00"
"13621753622";"18/12/2024 / 09:00:41";"WING25";"C";"3";"126.415,00";"executada";"saída";"3";"126.415,00";"340,00";"0,27";"204,00"
"13621753793";"18/12/2024 / 08:58:20";"WDOF25";"C";"1";"6.200,00";"executada";"entrada";"1";"6.107,50";"-";"-";"-"
"13621753620";"18/12/2024 / 08:58:13";"WING25";"V";"3";"126.000,00";"executada";"entrada";"3";"126.755,00";"-";"-";"-"
"13621753791";"12/12/2024 / 09:05:50";"WDOF25";"V";"1";"5.854,00";"executada";"saída";"1";"5.885,00";"-14,00";"-0,24";"-140,00"
"13621753618";"12/12/2024 / 09:00:58";"WINZ24";"V";"3";"129.320,00";"executada";"saída";"3";"129.820,00";"-440,00";"-0,34";"-264,00"
"13621753790";"12/12/2024 / 08:59:25";"WDOF25";"C";"1";"6.000,00";"executada";"entrada";"1";"5.899,00";"-";"-";"-"
"13621753617";"12/12/2024 / 08:59:05";"WINZ24";"C";"3";"131.700,00";"executada";"entrada";"3";"130.260,00";"-";"-";"-"
"13621753615";"10/12/2024 / 09:03:57";"WINZ24";"C";"3";"129.005,00";"executada";"saída";"3";"128.530,00";"-270,00";"-0,21";"-162,00"
"13621753788";"10/12/2024 / 09:00:58";"WDOF25";"V";"1";"6.025,00";"executada";"saída";"1";"6.053,00";"-14,00";"-0,23";"-140,00"
"13621753786";"10/12/2024 / 08:59:52";"WDOF25";"C";"1";"6.130,00";"executada";"entrada";"1";"6.067,00";"-";"-";"-"
"13621753612";"10/12/2024 / 08:59:32";"WINZ24";"V";"3";"126.500,00";"executada";"entrada";"3";"128.260,00";"-";"-";"-"
"13621753784";"06/12/2024 / 09:46:08";"WDOF25";"V";"1";"5.994,00";"executada";"saída";"1";"6.023,50";"-11,50";"-0,19";"-115,00"
"13621753611";"06/12/2024 / 09:00:57";"WINZ24";"C";"3";"127.755,00";"executada";"saída";"3";"127.755,00";"210,00";"0,16";"126,00"
"13621753782";"06/12/2024 / 08:59:18";"WDOF25";"C";"1";"6.100,00";"executada";"entrada";"1";"6.035,00";"-";"-";"-"
"13621753608";"06/12/2024 / 08:59:03";"WINZ24";"V";"3";"127.000,00";"executada";"entrada";"3";"127.965,00";"-";"-";"-"
"13621753780";"05/12/2024 / 09:14:06";"WDOF25";"V";"1";"6.006,50";"executada";"saída";"1";"6.036,00";"-13,00";"-0,21";"-130,00"
"13621753606";"05/12/2024 / 09:00:53";"WINZ24";"C";"3";"126.395,00";"executada";"saída";"3";"126.395,00";"245,00";"0,19";"147,00"
"13621753778";"05/12/2024 / 08:58:17";"WDOF25";"C";"1";"6.120,00";"executada";"entrada";"1";"6.049,00";"-";"-";"-"
"13621753605";"05/12/2024 / 08:58:06";"WINZ24";"V";"3";"125.500,00";"executada";"entrada";"3";"126.640,00";"-";"-";"-"
"13621753776";"04/12/2024 / 09:00:52";"WDOF25";"V";"1";"6.083,50";"executada";"saída";"1";"6.083,50";"13,50";"0,22";"135,00"
"13621753603";"04/12/2024 / 09:00:33";"WINZ24";"C";"3";"126.070,00";"executada";"saída";"3";"126.070,00";"265,00";"0,21";"159,00"
"13621753773";"04/12/2024 / 09:00:03";"WDOF25";"C";"1";"6.120,00";"executada";"entrada";"1";"6.070,00";"-";"-";"-"
"13621753602";"04/12/2024 / 08:59:41";"WINZ24";"V";"3";"125.500,00";"executada";"entrada";"3";"126.335,00";"-";"-";"-"
"13621753772";"03/12/2024 / 09:05:50";"WDOF25";"V";"1";"6.025,50";"executada";"saída";"1";"6.055,50";"-13,00";"-0,21";"-130,00"
"13621753599";"03/12/2024 / 09:00:40";"WINZ24";"C";"3";"125.905,00";"executada";"saída";"3";"125.905,00";"250,00";"0,20";"150,00"
"13621753597";"03/12/2024 / 08:58:35";"WINZ24";"V";"3";"124.500,00";"executada";"entrada";"3";"126.155,00";"-";"-";"-"
"13621753769";"03/12/2024 / 08:58:25";"WDOF25";"C";"1";"6.130,00";"executada";"entrada";"1";"6.068,50";"-";"-";"-"
"13621753767";"02/12/2024 / 09:00:51";"WDOF25";"V";"1";"6.045,00";"executada";"saída";"1";"6.045,00";"19,00";"0,32";"190,00"
"13621753595";"02/12/2024 / 09:00:49";"WINZ24";"C";"3";"125.975,00";"executada";"saída";"3";"125.975,00";"335,00";"0,27";"201,00"
"13621753766";"02/12/2024 / 08:58:34";"WDOF25";"C";"1";"6.060,00";"executada";"entrada";"1";"6.026,00";"-";"-";"-"
"13621753593";"02/12/2024 / 08:58:29";"WINZ24";"V";"3";"125.300,00";"executada";"entrada";"3";"126.310,00";"-";"-";"-"
"13621753591";"29/11/2024 / 09:00:56";"WINZ24";"C";"3";"125.335,00";"executada";"saída";"3";"125.335,00";"310,00";"0,25";"186,00"
"13621753590";"29/11/2024 / 08:59:07";"WINZ24";"V";"3";"124.500,00";"executada";"entrada";"3";"125.645,00";"-";"-";"-"
"13621753764";"28/11/2024 / 09:00:56";"WDOZ24";"V";"1";"5.992,50";"executada";"saída";"1";"5.992,50";"15,00";"0,25";"150,00"
"13621753587";"28/11/2024 / 09:00:56";"WINZ24";"C";"3";"127.850,00";"executada";"saída";"3";"127.850,00";"400,00";"0,31";"240,00"
"13621753762";"28/11/2024 / 08:59:02";"WDOZ24";"C";"1";"6.030,00";"executada";"entrada";"1";"5.977,50";"-";"-";"-"
"13621753586";"28/11/2024 / 08:58:59";"WINZ24";"V";"3";"127.000,00";"executada";"entrada";"3";"128.250,00";"-";"-";"-"
"13621753583";"27/11/2024 / 09:31:32";"WINZ24";"C";"3";"131.330,00";"executada";"saída";"3";"130.835,00";"-235,00";"-0,18";"-141,00"
"13621753760";"27/11/2024 / 09:00:55";"WDOZ24";"V";"1";"5.815,00";"executada";"saída";"1";"5.815,00";"8,50";"0,15";"85,00"
"13621753758";"27/11/2024 / 08:58:47";"WDOZ24";"C";"1";"5.870,00";"executada";"entrada";"1";"5.806,50";"-";"-";"-"
"13621753581";"27/11/2024 / 08:58:40";"WINZ24";"V";"3";"129.800,00";"executada";"entrada";"3";"130.600,00";"-";"-";"-"
"13621753579";"26/11/2024 / 09:04:28";"WINZ24";"C";"3";"130.165,00";"executada";"saída";"3";"129.670,00";"-220,00";"-0,17";"-132,00"
"13621753755";"26/11/2024 / 09:00:37";"WDOZ24";"V";"1";"5.826,50";"executada";"saída";"1";"5.826,50";"11,00";"0,19";"110,00"
"13621753754";"26/11/2024 / 09:00:00";"WDOZ24";"C";"1";"5.860,00";"executada";"entrada";"1";"5.815,50";"-";"-";"-"
"13621753577";"26/11/2024 / 08:59:37";"WINZ24";"V";"3";"128.000,00";"executada";"entrada";"3";"129.450,00";"-";"-";"-"
"13621753575";"25/11/2024 / 09:00:51";"WINZ24";"C";"3";"130.045,00";"executada";"saída";"3";"130.045,00";"250,00";"0,19";"150,00"
"13621753752";"25/11/2024 / 09:00:32";"WDOZ24";"V";"1";"5.800,50";"executada";"saída";"1";"5.800,50";"10,50";"0,18";"105,00"
"13621753750";"25/11/2024 / 08:59:33";"WDOZ24";"C";"1";"5.850,00";"executada";"entrada";"1";"5.790,00";"-";"-";"-"
"13621753573";"25/11/2024 / 08:59:30";"WINZ24";"V";"3";"129.000,00";"executada";"entrada";"3";"130.295,00";"-";"-";"-"
"13621753571";"18/11/2024 / 09:03:22";"WINZ24";"C";"3";"129.590,00";"executada";"saída";"3";"129.095,00";"-245,00";"-0,19";"-147,00"
"13621753748";"18/11/2024 / 09:00:33";"WDOZ24";"V";"1";"5.795,50";"executada";"saída";"1";"5.795,50";"10,50";"0,18";"105,00"
"13621753745";"18/11/2024 / 08:58:44";"WDOZ24";"C";"1";"5.850,00";"executada";"entrada";"1";"5.785,00";"-";"-";"-"
"13621753570";"18/11/2024 / 08:58:21";"WINZ24";"V";"3";"127.500,00";"executada";"entrada";"3";"128.850,00";"-";"-";"-"
"13621753744";"14/11/2024 / 09:00:48";"WDOZ24";"V";"1";"5.826,00";"executada";"saída";"1";"5.826,00";"11,00";"0,19";"110,00"
"13621753567";"14/11/2024 / 09:00:40";"WINZ24";"C";"3";"128.845,00";"executada";"saída";"3";"128.845,00";"220,00";"0,17";"132,00"
"13621753742";"14/11/2024 / 08:58:52";"WDOZ24";"C";"1";"5.880,00";"executada";"entrada";"1";"5.815,00";"-";"-";"-"
"13621753565";"14/11/2024 / 08:58:48";"WINZ24";"V";"3";"127.800,00";"executada";"entrada";"3";"129.065,00";"-";"-";"-"
"13621753564";"13/11/2024 / 09:01:56";"WINZ24";"C";"3";"129.510,00";"executada";"saída";"3";"129.005,00";"-205,00";"-0,16";"-123,00"
"13621753740";"13/11/2024 / 09:00:40";"WDOZ24";"V";"1";"5.752,00";"executada";"saída";"1";"5.752,00";"12,00";"0,21";"120,00"
"13621753738";"13/11/2024 / 08:59:27";"WDOZ24";"C";"1";"5.850,00";"executada";"entrada";"1";"5.740,00";"-";"-";"-"
"13621753561";"13/11/2024 / 08:59:19";"WINZ24";"V";"3";"128.000,00";"executada";"entrada";"3";"128.800,00";"-";"-";"-"
"13621753736";"12/11/2024 / 09:39:27";"WDOZ24";"V";"1";"5.752,50";"executada";"saída";"1";"5.782,50";"-12,50";"-0,22";"-125,00"
"13621753560";"12/11/2024 / 09:00:58";"WINZ24";"C";"3";"128.265,00";"executada";"saída";"3";"128.265,00";"255,00";"0,20";"153,00"
"13621753733";"12/11/2024 / 08:59:22";"WDOZ24";"C";"1";"5.850,00";"executada";"entrada";"1";"5.795,00";"-";"-";"-"
"13621753557";"12/11/2024 / 08:59:18";"WINZ24";"V";"3";"128.000,00";"executada";"entrada";"3";"128.520,00";"-";"-";"-"
"13621753555";"11/11/2024 / 12:08:41";"WINZ24";"C";"3";"129.330,00";"executada";"saída";"3";"128.825,00";"-375,00";"-0,29";"-225,00"
"13621753731";"11/11/2024 / 09:00:43";"WDOZ24";"V";"1";"5.802,50";"executada";"saída";"1";"5.802,50";"15,50";"0,27";"155,00"
"13621753730";"11/11/2024 / 09:00:10";"WDOZ24";"C";"1";"5.850,00";"executada";"entrada";"1";"5.787,00";"-";"-";"-"
"13621753553";"11/11/2024 / 08:59:48";"WINZ24";"V";"3";"127.500,00";"executada";"entrada";"3";"128.450,00";"-";"-";"-"
"13621753728";"08/11/2024 / 09:00:36";"WDOZ24";"V";"1";"5.764,00";"executada";"saída";"1";"5.764,00";"20,50";"0,36";"205,00"
"13621753551";"08/11/2024 / 09:00:35";"WINZ24";"C";"3";"129.635,00";"executada";"saída";"3";"129.635,00";"465,00";"0,36";"279,00"
"13621753727";"08/11/2024 / 08:59:04";"WDOZ24";"C";"1";"5.800,00";"executada";"entrada";"1";"5.743,50";"-";"-";"-"
"13621753550";"08/11/2024 / 08:59:02";"WINZ24";"V";"3";"130.000,00";"executada";"entrada";"3";"130.100,00";"-";"-";"-"
"13621753547";"07/11/2024 / 09:03:12";"WINZ24";"C";"3";"132.090,00";"executada";"saída";"3";"131.615,00";"-465,00";"-0,35";"-279,00"
"13621753725";"07/11/2024 / 09:02:36";"WDOZ24";"V";"1";"5.657,00";"executada";"saída";"1";"5.687,50";"-19,50";"-0,34";"-195,00"
"13621753723";"07/11/2024 / 09:01:47";"WINZ24";"C";"1";"131.720,00";"executada";"saída";"1";"131.215,00";"-65,00";"-0,05";"-13,00"
"13621753546";"07/11/2024 / 09:01:19";"WINZ24";"V";"3";"131.150,00";"executada";"entrada";"3";"131.150,00";"-";"-";"-"
"13621753721";"07/11/2024 / 09:00:13";"WDOZ24";"C";"1";"5.800,00";"executada";"entrada";"1";"5.707,00";"-";"-";"-"
"13621753718";"07/11/2024 / 08:59:54";"WINZ24";"V";"1";"129.500,00";"executada";"entrada";"1";"131.150,00";"-";"-";"-"
"13621753543";"01/11/2024 / 09:00:48";"WINZ24";"C";"3";"131.270,00";"executada";"saída";"3";"131.270,00";"195,00";"0,15";"117,00"
"13621753716";"01/11/2024 / 09:00:43";"WDOZ24";"V";"1";"5.812,00";"executada";"saída";"1";"5.812,00";"6,50";"0,11";"65,00"
"13621753714";"01/11/2024 / 08:59:05";"WDOZ24";"C";"1";"5.850,00";"executada";"entrada";"1";"5.805,50";"-";"-";"-"
"13621753541";"01/11/2024 / 08:59:02";"WINZ24";"V";"3";"130.000,00";"executada";"entrada";"3";"131.465,00";"-";"-";"-"
"13621753539";"31/10/2024 / 09:04:43";"WINZ24";"C";"3";"132.625,00";"executada";"saída";"3";"132.110,00";"-170,00";"-0,13";"-102,00"
"13621753713";"31/10/2024 / 09:02:56";"WDOZ24";"V";"1";"5.744,50";"executada";"saída";"1";"5.774,50";"-8,50";"-0,15";"-85,00"
"13621753710";"31/10/2024 / 09:00:09";"WDOZ24";"C";"1";"5.850,00";"executada";"entrada";"1";"5.783,00";"-";"-";"-"
"13621753537";"31/10/2024 / 08:59:53";"WINZ24";"V";"3";"131.000,00";"executada";"entrada";"3";"131.940,00";"-";"-";"-"
"13621753708";"30/10/2024 / 09:00:53";"WDOX24";"V";"1";"5.769,50";"executada";"saída";"1";"5.769,50";"7,50";"0,13";"75,00"
"13621753535";"30/10/2024 / 09:00:44";"WINZ24";"C";"3";"132.070,00";"executada";"saída";"3";"132.070,00";"180,00";"0,14";"108,00"
"13621753707";"30/10/2024 / 08:58:12";"WDOX24";"C";"1";"5.820,00";"executada";"entrada";"1";"5.762,00";"-";"-";"-"
"13621753534";"30/10/2024 / 08:58:10";"WINZ24";"V";"3";"131.500,00";"executada";"entrada";"3";"132.250,00";"-";"-";"-"
"13621753532";"28/10/2024 / 09:03:52";"WINZ24";"C";"3";"132.370,00";"executada";"saída";"3";"131.870,00";"-270,00";"-0,21";"-162,00"
"13621753705";"28/10/2024 / 09:00:56";"WDOX24";"V";"1";"5.713,50";"executada";"saída";"1";"5.713,50";"8,50";"0,15";"85,00"
"13621753703";"28/10/2024 / 08:58:57";"WDOX24";"C";"1";"5.770,00";"executada";"entrada";"1";"5.705,00";"-";"-";"-"
"13621753530";"28/10/2024 / 08:58:52";"WINZ24";"V";"3";"130.500,00";"executada";"entrada";"3";"131.600,00";"-";"-";"-"
"13621753701";"25/10/2024 / 09:00:57";"WDOX24";"V";"1";"5.684,00";"executada";"saída";"1";"5.684,00";"9,00";"0,16";"90,00"
"13621753527";"25/10/2024 / 09:00:32";"WINZ24";"C";"3";"132.020,00";"executada";"saída";"3";"132.020,00";"280,00";"0,21";"168,00"
"13621753699";"25/10/2024 / 08:59:26";"WDOX24";"C";"1";"5.740,00";"executada";"entrada";"1";"5.675,00";"-";"-";"-"
"13621753526";"25/10/2024 / 08:59:19";"WINZ24";"V";"3";"131.500,00";"executada";"entrada";"3";"132.300,00";"-";"-";"-"
"13621753696";"24/10/2024 / 09:01:50";"WDOX24";"V";"1";"5.651,00";"executada";"saída";"1";"5.681,50";"-7,00";"-0,12";"-70,00"
"13621753523";"24/10/2024 / 09:00:40";"WINZ24";"C";"3";"130.990,00";"executada";"saída";"3";"130.990,00";"325,00";"0,25";"195,00"
"13621753694";"24/10/2024 / 08:59:01";"WDOX24";"C";"1";"5.740,00";"executada";"entrada";"1";"5.688,50";"-";"-";"-"
"13621753521";"24/10/2024 / 08:58:55";"WINZ24";"V";"3";"130.000,00";"executada";"entrada";"3";"131.315,00";"-";"-";"-"
"13621753520";"23/10/2024 / 09:00:55";"WINZ24";"C";"3";"131.215,00";"executada";"saída";"3";"131.215,00";"295,00";"0,22";"177,00"
"13621753693";"23/10/2024 / 09:00:44";"WDOX24";"V";"1";"5.730,00";"executada";"saída";"1";"5.730,00";"8,00";"0,14";"80,00"
"13621753691";"23/10/2024 / 08:58:39";"WDOX24";"C";"1";"5.770,00";"executada";"entrada";"1";"5.722,00";"-";"-";"-"
"13621753518";"23/10/2024 / 08:58:36";"WINZ24";"V";"3";"131.000,00";"executada";"entrada";"3";"131.510,00";"-";"-";"-"
"13621753689";"22/10/2024 / 09:00:50";"WDOX24";"V";"1";"5.699,50";"executada";"saída";"1";"5.699,50";"8,00";"0,14";"80,00"
"13621753516";"22/10/2024 / 09:00:36";"WINZ24";"C";"3";"131.830,00";"executada";"saída";"3";"131.830,00";"220,00";"0,17";"132,00"
"13621753686";"22/10/2024 / 08:59:05";"WDOX24";"C";"1";"5.750,00";"executada";"entrada";"1";"5.691,50";"-";"-";"-"
"13621753514";"22/10/2024 / 08:59:03";"WINZ24";"V";"3";"131.500,00";"executada";"entrada";"3";"132.050,00";"-";"-";"-"
"13621753511";"21/10/2024 / 09:02:27";"WINZ24";"C";"3";"132.925,00";"executada";"saída";"3";"132.460,00";"-320,00";"-0,24";"-192,00"
"13621753685";"21/10/2024 / 09:00:34";"WDOX24";"V";"1";"5.718,00";"executada";"saída";"1";"5.718,00";"7,00";"0,12";"70,00"
"13621753509";"21/10/2024 / 08:59:05";"WINZ24";"V";"3";"131.500,00";"executada";"entrada";"3";"132.140,00";"-";"-";"-"
"13621753682";"21/10/2024 / 08:58:56";"WDOX24";"C";"1";"5.750,00";"executada";"entrada";"1";"5.711,00";"-";"-";"-"
"13621753681";"18/10/2024 / 09:00:49";"WDOX24";"V";"1";"5.652,50";"executada";"saída";"1";"5.652,50";"8,00";"0,14";"80,00"
"13621753507";"18/10/2024 / 09:00:42";"WINZ24";"C";"3";"133.240,00";"executada";"saída";"3";"133.240,00";"230,00";"0,17";"138,00"
"13621753678";"18/10/2024 / 08:58:18";"WDOX24";"C";"1";"5.750,00";"executada";"entrada";"1";"5.644,50";"-";"-";"-"
"13621753505";"18/10/2024 / 08:58:08";"WINZ24";"V";"3";"132.000,00";"executada";"entrada";"3";"133.470,00";"-";"-";"-"
"13621753676";"17/10/2024 / 10:31:32";"WDOX24";"V";"1";"5.647,50";"executada";"saída";"1";"5.677,50";"-13,00";"-0,23";"-130,00"
"13621753503";"17/10/2024 / 09:00:34";"WINZ24";"C";"3";"133.035,00";"executada";"saída";"3";"133.035,00";"305,00";"0,23";"183,00"
"13621753675";"17/10/2024 / 08:57:20";"WDOX24";"C";"1";"5.750,00";"executada";"entrada";"1";"5.690,50";"-";"-";"-"
"13621753502";"17/10/2024 / 08:57:17";"WINZ24";"V";"3";"132.500,00";"executada";"entrada";"3";"133.340,00";"-";"-";"-"
"13621753673";"16/10/2024 / 09:02:20";"WDOX24";"V";"1";"5.626,00";"executada";"saída";"1";"5.656,00";"-9,00";"-0,16";"-90,00"
"13621753500";"16/10/2024 / 09:01:51";"WINZ24";"C";"3";"133.940,00";"executada";"saída";"3";"133.450,00";"-260,00";"-0,20";"-156,00"
"13621753671";"16/10/2024 / 08:58:31";"WDOX24";"C";"1";"5.740,00";"executada";"entrada";"1";"5.665,00";"-";"-";"-"
"13621753496";"16/10/2024 / 08:58:26";"WINZ24";"V";"3";"131.500,00";"executada";"entrada";"3";"133.190,00";"-";"-";"-"
"13621753495";"15/10/2024 / 09:02:38";"WINV24";"C";"3";"131.350,00";"executada";"saída";"3";"130.865,00";"-255,00";"-0,20";"-153,00"
"13621753668";"15/10/2024 / 09:00:55";"WDOX24";"V";"1";"5.614,50";"executada";"saída";"1";"5.614,50";"12,00";"0,21";"120,00"
"13621753667";"15/10/2024 / 08:58:47";"WDOX24";"C";"1";"5.650,00";"executada";"entrada";"1";"5.602,50";"-";"-";"-"
"13621753492";"15/10/2024 / 08:58:39";"WINV24";"V";"3";"130.000,00";"executada";"entrada";"3";"130.610,00";"-";"-";"-"
"13621753491";"14/10/2024 / 09:03:05";"WINV24";"C";"3";"129.880,00";"executada";"saída";"3";"129.880,00";"220,00";"0,17";"132,00"
"13621753488";"14/10/2024 / 09:02:01";"WINV24";"V";"3";"130.100,00";"executada";"entrada";"3";"130.100,00";"-";"-";"-"
"13621753664";"14/10/2024 / 09:00:52";"WDOX24";"V";"1";"5.637,50";"executada";"saída";"1";"5.637,50";"10,50";"0,19";"105,00"
"13621753662";"14/10/2024 / 09:00:32";"WDOX24";"C";"1";"5.670,00";"executada";"entrada";"1";"5.627,00";"-";"-";"-"
"13621753486";"11/10/2024 / 09:02:20";"WINV24";"C";"3";"131.070,00";"executada";"saída";"3";"130.560,00";"-220,00";"-0,17";"-132,00"
"13621753485";"11/10/2024 / 08:57:48";"WINV24";"V";"3";"129.500,00";"executada";"entrada";"3";"130.340,00";"-";"-";"-"
"13621753661";"10/10/2024 / 09:00:40";"WDOX24";"V";"1";"5.603,00";"executada";"saída";"1";"5.603,00";"8,00";"0,14";"80,00"
"13621753482";"10/10/2024 / 09:00:33";"WINV24";"C";"3";"129.960,00";"executada";"saída";"3";"129.960,00";"280,00";"0,22";"168,00"
"13621753658";"10/10/2024 / 08:59:35";"WDOX24";"C";"1";"5.660,00";"executada";"entrada";"1";"5.595,00";"-";"-";"-"
"13621753480";"10/10/2024 / 08:59:32";"WINV24";"V";"3";"129.400,00";"executada";"entrada";"3";"130.240,00";"-";"-";"-"
"13621753656";"09/10/2024 / 09:02:54";"WDOX24";"C";"1";"5.585,50";"executada";"saída";"1";"5.554,50";"-6,50";"-0,12";"-65,00"
"13621753479";"09/10/2024 / 09:00:52";"WINV24";"C";"3";"131.440,00";"executada";"saída";"3";"131.440,00";"310,00";"0,24";"186,00"
"13621753655";"09/10/2024 / 08:58:50";"WDOX24";"V";"1";"5.480,00";"executada";"entrada";"1";"5.548,00";"-";"-";"-"
"13621753477";"09/10/2024 / 08:58:49";"WINV24";"V";"3";"131.000,00";"executada";"entrada";"3";"131.750,00";"-";"-";"-"
"13621753653";"08/10/2024 / 09:29:15";"WDOX24";"C";"1";"5.561,50";"executada";"saída";"1";"5.530,50";"-9,50";"-0,17";"-95,00"
"13621753475";"08/10/2024 / 09:01:06";"WINV24";"C";"3";"132.155,00";"executada";"saída";"3";"131.490,00";"-105,00";"-0,08";"-63,00"
"13621753651";"08/10/2024 / 08:58:33";"WDOX24";"V";"1";"5.450,00";"executada";"entrada";"1";"5.521,00";"-";"-";"-"
"13621753472";"08/10/2024 / 08:58:31";"WINV24";"V";"3";"131.000,00";"executada";"entrada";"3";"131.385,00";"-";"-";"-"
"13621753470";"07/10/2024 / 09:01:37";"WINV24";"C";"3";"132.615,00";"executada";"saída";"3";"132.130,00";"-220,00";"-0,17";"-132,00"
"13621753649";"07/10/2024 / 09:00:58";"WDOX24";"C";"1";"5.476,00";"executada";"saída";"1";"5.476,00";"10,00";"0,18";"100,00"
"13621753647";"07/10/2024 / 08:58:04";"WDOX24";"V";"1";"5.400,00";"executada";"entrada";"1";"5.486,00";"-";"-";"-"
"13621753468";"07/10/2024 / 08:58:02";"WINV24";"V";"3";"131.500,00";"executada";"entrada";"3";"131.910,00";"-";"-";"-"
"13621753466";"04/10/2024 / 09:00:42";"WINV24";"C";"3";"133.000,00";"executada";"saída";"3";"132.571,67";"-421,67";"-0,32";"-253,00"
"13621753644";"04/10/2024 / 09:00:31";"WDOX24";"C";"1";"5.480,50";"executada";"saída";"1";"5.480,50";"9,50";"0,17";"95,00"
"13621753642";"04/10/2024 / 08:57:08";"WDOX24";"V";"1";"5.450,00";"executada";"entrada";"1";"5.490,00";"-";"-";"-"
"13621753464";"04/10/2024 / 08:57:02";"WINV24";"V";"3";"131.000,00";"executada";"entrada";"3";"132.150,00";"-";"-";"-"
"13621753640";"03/10/2024 / 09:03:07";"WDOX24";"C";"1";"5.509,50";"executada";"saída";"1";"5.479,50";"-7,00";"-0,13";"-70,00"
"13621753462";"03/10/2024 / 09:00:55";"WINV24";"C";"3";"133.555,00";"executada";"saída";"3";"133.555,00";"320,00";"0,24";"192,00"
"13621753638";"03/10/2024 / 08:57:59";"WDOX24";"V";"1";"5.400,00";"executada";"entrada";"1";"5.472,50";"-";"-";"-"
"13621753461";"03/10/2024 / 08:57:55";"WINV24";"V";"3";"133.000,00";"executada";"entrada";"3";"133.875,00";"-";"-";"-"
"13621753458";"02/10/2024 / 09:01:42";"WINV24";"C";"3";"134.520,00";"executada";"saída";"3";"133.998,33";"-278,33";"-0,21";"-167,00"
"13621753637";"02/10/2024 / 09:00:52";"WDOX24";"C";"1";"5.424,00";"executada";"saída";"1";"5.424,00";"11,00";"0,20";"110,00"
"13621753634";"02/10/2024 / 08:57:08";"WDOX24";"V";"1";"5.370,00";"executada";"entrada";"1";"5.435,00";"-";"-";"-"
"13621753456";"02/10/2024 / 08:57:07";"WINV24";"V";"3";"132.000,00";"executada";"entrada";"3";"133.720,00";"-";"-";"-"
"13621753454";"01/10/2024 / 09:05:32";"WINV24";"C";"3";"133.250,00";"executada";"saída";"3";"132.735,00";"-290,00";"-0,22";"-174,00"
"13621753633";"01/10/2024 / 09:00:44";"WDOX24";"C";"1";"5.486,00";"executada";"saída";"1";"5.486,00";"11,00";"0,20";"110,00"
"13621753631";"01/10/2024 / 08:58:14";"WDOX24";"V";"1";"5.400,00";"executada";"entrada";"1";"5.497,00";"-";"-";"-"
"13621753453";"01/10/2024 / 08:58:13";"WINV24";"V";"3";"132.000,00";"executada";"entrada";"3";"132.445,00";"-";"-";"-"
"13621753628";"30/09/2024 / 09:00:50";"WDOX24";"C";"1";"5.440,50";"executada";"saída";"1";"5.440,50";"9,00";"0,17";"90,00"
"13621753450";"30/09/2024 / 09:00:46";"WINV24";"C";"3";"133.455,00";"executada";"saída";"3";"133.455,00";"260,00";"0,19";"156,00"
"13621753449";"30/09/2024 / 08:58:10";"WINV24";"V";"3";"132.000,00";"executada";"entrada";"3";"133.715,00";"-";"-";"-"
"13621753626";"30/09/2024 / 08:58:07";"WDOX24";"V";"1";"5.350,00";"executada";"entrada";"1";"5.449,50";"-";"-";"-"
"13621753624";"27/09/2024 / 09:13:21";"WDOV24";"C";"1";"5.473,50";"executada";"saída";"1";"5.443,50";"-13,50";"-0,25";"-135,00"
"13621753446";"27/09/2024 / 09:00:41";"WINV24";"C";"3";"133.230,00";"executada";"saída";"3";"133.230,00";"370,00";"0,28";"222,00"
"13621753623";"27/09/2024 / 09:00:22";"WDOV24";"V";"1";"5.370,00";"executada";"entrada";"1";"5.430,00";"-";"-";"-"
"13621753444";"27/09/2024 / 08:58:51";"WINV24";"V";"3";"132.500,00";"executada";"entrada";"3";"133.600,00";"-";"-";"-"
"13621753443";"26/09/2024 / 09:01:06";"WINV24";"C";"3";"134.080,00";"executada";"saída";"3";"133.575,00";"-275,00";"-0,21";"-165,00"
"13621753621";"26/09/2024 / 09:00:54";"WDOV24";"C";"1";"5.436,50";"executada";"saída";"1";"5.436,50";"8,50";"0,16";"85,00"
"13621753441";"26/09/2024 / 08:58:22";"WINV24";"V";"3";"131.500,00";"executada";"entrada";"3";"133.300,00";"-";"-";"-"
"13621753619";"26/09/2024 / 08:58:19";"WDOV24";"V";"1";"5.400,00";"executada";"entrada";"1";"5.445,00";"-";"-";"-"
"13621753438";"25/09/2024 / 09:04:01";"WINV24";"C";"3";"134.215,00";"executada";"saída";"3";"133.715,00";"-345,00";"-0,26";"-207,00"
"13621753616";"25/09/2024 / 09:00:50";"WDOV24";"C";"1";"5.491,00";"executada";"saída";"1";"5.462,50";"-7,00";"-0,13";"-70,00"
"13621753614";"25/09/2024 / 08:59:23";"WDOV24";"V";"1";"5.400,00";"executada";"entrada";"1";"5.455,50";"-";"-";"-"
"13621753437";"25/09/2024 / 08:59:21";"WINV24";"V";"3";"131.800,00";"executada";"entrada";"3";"133.370,00";"-";"-";"-"
"13621753434";"24/09/2024 / 09:01:24";"WINV24";"C";"3";"133.275,00";"executada";"saída";"3";"132.780,00";"-190,00";"-0,14";"-114,00"
"13621753613";"24/09/2024 / 09:00:33";"WDOV24";"C";"1";"5.508,00";"executada";"saída";"1";"5.508,00";"14,00";"0,25";"140,00"
"13621753610";"24/09/2024 / 08:59:01";"WDOV24";"V";"1";"5.470,00";"executada";"entrada";"1";"5.522,00";"-";"-";"-"
"13621753432";"24/09/2024 / 08:58:56";"WINV24";"V";"3";"131.000,00";"executada";"entrada";"3";"132.590,00";"-";"-";"-"
"13621753609";"23/09/2024 / 09:03:04";"WDOV24";"C";"1";"5.614,50";"executada";"saída";"1";"5.584,50";"-11,50";"-0,21";"-115,00"
"13621753430";"23/09/2024 / 09:00:39";"WINV24";"C";"3";"131.155,00";"executada";"saída";"3";"131.155,00";"245,00";"0,19";"147,00"
"13621753607";"23/09/2024 / 08:59:14";"WDOV24";"V";"1";"5.470,00";"executada";"entrada";"1";"5.573,00";"-";"-";"-"
"13621753429";"23/09/2024 / 08:59:13";"WINV24";"V";"3";"131.000,00";"executada";"entrada";"3";"131.400,00";"-";"-";"-"
"13621753426";"20/09/2024 / 09:12:45";"WINV24";"C";"3";"134.600,00";"executada";"saída";"3";"134.110,00";"-370,00";"-0,28";"-222,00"
"13621753604";"20/09/2024 / 09:00:45";"WDOV24";"C";"1";"5.424,50";"executada";"saída";"1";"5.424,50";"15,00";"0,28";"150,00"
"13621753601";"20/09/2024 / 08:58:54";"WDOV24";"V";"1";"5.370,00";"executada";"entrada";"1";"5.439,50";"-";"-";"-"
"13621753424";"20/09/2024 / 08:58:53";"WINV24";"V";"3";"133.000,00";"executada";"entrada";"3";"133.740,00";"-";"-";"-"
"13621753422";"17/09/2024 / 09:04:28";"WINV24";"C";"3";"137.220,00";"executada";"saída";"3";"136.725,00";"-175,00";"-0,13";"-105,00"
"13621753600";"17/09/2024 / 09:00:41";"WDOV24";"C";"1";"5.509,50";"executada";"saída";"1";"5.509,50";"9,50";"0,17";"95,00"
"13621753598";"17/09/2024 / 09:00:22";"WDOV24";"V";"1";"5.470,00";"executada";"entrada";"1";"5.519,00";"-";"-";"-"
"13621753420";"17/09/2024 / 09:00:19";"WINV24";"V";"3";"135.500,00";"executada";"entrada";"3";"136.550,00";"-";"-";"-"
"13621753596";"16/09/2024 / 09:07:59";"WDOV24";"V";"1";"5.532,00";"executada";"saída";"1";"5.562,00";"-10,50";"-0,19";"-105,00"
"13621753418";"16/09/2024 / 09:00:44";"WINV24";"C";"3";"135.975,00";"executada";"saída";"3";"135.975,00";"265,00";"0,19";"159,00"
"13621753594";"16/09/2024 / 08:59:37";"WDOV24";"C";"1";"5.620,00";"executada";"entrada";"1";"5.572,50";"-";"-";"-"
"13621753416";"16/09/2024 / 08:59:25";"WINV24";"V";"3";"135.000,00";"executada";"entrada";"3";"136.240,00";"-";"-";"-"
"13621753592";"13/09/2024 / 09:19:25";"WDOV24";"V";"1";"5.578,50";"executada";"saída";"1";"5.608,50";"-11,50";"-0,20";"-115,00"
"13621753414";"13/09/2024 / 09:03:30";"WINV24";"C";"3";"135.965,00";"executada";"saída";"3";"135.465,00";"-215,00";"-0,16";"-129,00"
"13621753412";"13/09/2024 / 08:58:50";"WINV24";"V";"3";"134.500,00";"executada";"entrada";"3";"135.250,00";"-";"-";"-"
"13621753589";"13/09/2024 / 08:58:49";"WDOV24";"C";"1";"5.700,00";"executada";"entrada";"1";"5.620,00";"-";"-";"-"
"13621753588";"12/09/2024 / 09:47:50";"WDOV24";"V";"1";"5.617,00";"executada";"saída";"1";"5.646,50";"-13,00";"-0,23";"-130,00"
"13621753410";"12/09/2024 / 09:00:48";"WINV24";"C";"3";"136.030,00";"executada";"saída";"3";"136.030,00";"255,00";"0,19";"153,00"
"13621753585";"12/09/2024 / 08:58:37";"WDOV24";"C";"1";"5.730,00";"executada";"entrada";"1";"5.659,50";"-";"-";"-"
"13621753408";"12/09/2024 / 08:58:36";"WINV24";"V";"3";"135.000,00";"executada";"entrada";"3";"136.285,00";"-";"-";"-"
"13621753407";"11/09/2024 / 09:11:39";"WINV24";"C";"3";"136.610,00";"executada";"saída";"3";"136.110,00";"-210,00";"-0,15";"-126,00"
"13621753584";"11/09/2024 / 09:01:00";"WDOV24";"V";"1";"5.657,00";"executada";"saída";"1";"5.657,00";"10,00";"0,18";"100,00"
"13621753582";"11/09/2024 / 08:59:20";"WDOV24";"C";"1";"5.720,00";"executada";"entrada";"1";"5.647,00";"-";"-";"-"
"13621753404";"11/09/2024 / 08:59:19";"WINV24";"V";"3";"135.000,00";"executada";"entrada";"3";"135.900,00";"-";"-";"-"
"13621753580";"10/09/2024 / 09:00:57";"WDOV24";"V";"1";"5.598,50";"executada";"saída";"1";"5.598,50";"10,00";"0,18";"100,00"
"13621753403";"10/09/2024 / 09:00:37";"WINV24";"V";"3";"135.920,00";"executada";"saída";"3";"135.920,00";"180,00";"0,13";"108,00"
"13621753578";"10/09/2024 / 08:58:34";"WDOV24";"C";"1";"5.650,00";"executada";"entrada";"1";"5.588,50";"-";"-";"-"
"13621753401";"10/09/2024 / 08:58:33";"WINV24";"C";"3";"136.800,00";"executada";"entrada";"3";"135.740,00";"-";"-";"-"
"13621753576";"09/09/2024 / 09:00:50";"WDOV24";"V";"1";"5.612,00";"executada";"saída";"1";"5.612,00";"12,00";"0,21";"120,00"
"13621753398";"09/09/2024 / 09:00:37";"WINV24";"V";"3";"136.780,00";"executada";"saída";"3";"136.780,00";"280,00";"0,21";"168,00"
"13621753574";"09/09/2024 / 08:58:51";"WDOV24";"C";"1";"5.700,00";"executada";"entrada";"1";"5.600,00";"-";"-";"-"
"13621753396";"09/09/2024 / 08:58:49";"WINV24";"C";"3";"137.000,00";"executada";"entrada";"3";"136.500,00";"-";"-";"-"
"13621753572";"06/09/2024 / 09:01:51";"WDOV24";"V";"1";"5.551,50";"executada";"saída";"1";"5.581,50";"-11,00";"-0,20";"-110,00"
"13621753395";"06/09/2024 / 09:00:47";"WINV24";"V";"3";"138.030,00";"executada";"saída";"3";"138.030,00";"230,00";"0,17";"138,00"
"13621753392";"06/09/2024 / 08:57:57";"WINV24";"C";"3";"139.000,00";"executada";"entrada";"3";"137.800,00";"-";"-";"-"
"13621753569";"06/09/2024 / 08:57:00";"WDOV24";"C";"1";"5.670,00";"executada";"entrada";"1";"5.592,50";"-";"-";"-"
"13621753568";"05/09/2024 / 09:00:59";"WDOV24";"V";"1";"5.664,00";"executada";"saída";"1";"5.664,00";"10,00";"0,18";"100,00"
"13621753390";"05/09/2024 / 09:00:43";"WINV24";"V";"3";"138.115,00";"executada";"saída";"3";"138.115,00";"265,00";"0,19";"159,00"
"13621753566";"05/09/2024 / 08:58:39";"WDOV24";"C";"1";"5.700,00";"executada";"entrada";"1";"5.654,00";"-";"-";"-"
"13621753388";"05/09/2024 / 08:58:35";"WINV24";"C";"3";"138.500,00";"executada";"entrada";"3";"137.850,00";"-";"-";"-"
"13621753563";"04/09/2024 / 09:00:52";"WDOV24";"V";"1";"5.675,00";"executada";"saída";"1";"5.675,00";"13,50";"0,24";"135,00"
"13621753386";"04/09/2024 / 09:00:43";"WINV24";"V";"3";"136.125,00";"executada";"saída";"3";"136.125,00";"245,00";"0,18";"147,00"
"13621753562";"04/09/2024 / 08:59:32";"WDOV24";"C";"1";"5.700,00";"executada";"entrada";"1";"5.661,50";"-";"-";"-"
"13621753384";"04/09/2024 / 08:59:31";"WINV24";"C";"3";"137.000,00";"executada";"entrada";"3";"135.880,00";"-";"-";"-"
"13621753559";"03/09/2024 / 09:04:02";"WDOV24";"V";"1";"5.613,50";"executada";"saída";"1";"5.642,50";"-13,50";"-0,24";"-135,00"
"13621753382";"03/09/2024 / 09:00:42";"WINV24";"V";"3";"135.955,00";"executada";"saída";"3";"135.955,00";"260,00";"0,19";"156,00"
"13621753558";"03/09/2024 / 08:58:15";"WDOV24";"C";"1";"5.700,00";"executada";"entrada";"1";"5.656,00";"-";"-";"-"
"13621753380";"03/09/2024 / 08:58:13";"WINV24";"C";"3";"137.000,00";"executada";"entrada";"3";"135.695,00";"-";"-";"-"
"13621753379";"02/09/2024 / 09:53:41";"WINV24";"V";"3";"136.505,00";"executada";"saída";"3";"137.005,00";"-245,00";"-0,18";"-147,00"
"13621753556";"02/09/2024 / 09:00:36";"WDOV24";"V";"1";"5.662,50";"executada";"saída";"1";"5.662,50";"20,00";"0,35";"200,00"
"13621753554";"02/09/2024 / 08:59:04";"WDOV24";"C";"1";"5.700,00";"executada";"entrada";"1";"5.642,50";"-";"-";"-"
"13621753377";"02/09/2024 / 08:59:02";"WINV24";"C";"3";"139.000,00";"executada";"entrada";"3";"137.250,00";"-";"-";"-"
"13621753374";"30/08/2024 / 09:04:03";"WINV24";"V";"3";"137.120,00";"executada";"saída";"3";"137.620,00";"-180,00";"-0,13";"-108,00"
"13621753552";"30/08/2024 / 09:00:55";"WDOV24";"V";"1";"5.607,00";"executada";"saída";"1";"5.607,00";"11,00";"0,20";"110,00"
"13621753549";"30/08/2024 / 08:59:00";"WDOV24";"C";"1";"5.700,00";"executada";"entrada";"1";"5.596,00";"-";"-";"-"
"13621753372";"30/08/2024 / 08:58:58";"WINV24";"C";"3";"138.700,00";"executada";"entrada";"3";"137.800,00";"-";"-";"-"
"13621753371";"29/08/2024 / 09:17:29";"WINV24";"V";"3";"138.615,00";"executada";"saída";"3";"139.115,00";"-200,00";"-0,14";"-120,00"
"13621753548";"29/08/2024 / 09:03:18";"WDOU24";"C";"1";"5.599,00";"executada";"saída";"1";"5.569,50";"-10,00";"-0,18";"-100,00"
"13621753545";"29/08/2024 / 08:58:58";"WDOU24";"V";"1";"5.500,00";"executada";"entrada";"1";"5.559,50";"-";"-";"-"
"13621753368";"29/08/2024 / 08:58:57";"WINV24";"C";"3";"140.000,00";"executada";"entrada";"3";"139.315,00";"-";"-";"-"
"13621753367";"28/08/2024 / 09:01:38";"WINV24";"V";"3";"137.600,00";"executada";"saída";"3";"138.105,00";"-155,00";"-0,11";"-93,00"
"13621753544";"28/08/2024 / 09:01:37";"WDOU24";"C";"1";"5.554,00";"executada";"saída";"1";"5.524,50";"-11,00";"-0,20";"-110,00"
"13621753542";"28/08/2024 / 08:58:43";"WDOU24";"V";"1";"5.460,00";"executada";"entrada";"1";"5.513,50";"-";"-";"-"
"13621753364";"28/08/2024 / 08:58:41";"WINV24";"C";"3";"139.300,00";"executada";"entrada";"3";"138.260,00";"-";"-";"-"
"13621753540";"27/08/2024 / 09:01:33";"WDOU24";"C";"1";"5.524,50";"executada";"saída";"1";"5.494,50";"-10,50";"-0,19";"-105,00"
"13621753363";"27/08/2024 / 09:00:42";"WINV24";"V";"3";"139.010,00";"executada";"saída";"3";"139.010,00";"260,00";"0,19";"156,00"
"13621753538";"27/08/2024 / 08:59:05";"WDOU24";"V";"1";"5.400,00";"executada";"entrada";"1";"5.484,00";"-";"-";"-"
"13621753361";"27/08/2024 / 08:58:57";"WINV24";"C";"3";"139.500,00";"executada";"entrada";"3";"138.750,00";"-";"-";"-"
"13621753536";"26/08/2024 / 09:00:48";"WDOU24";"C";"1";"5.483,00";"executada";"saída";"1";"5.483,00";"13,50";"0,25";"135,00"
"13621753358";"26/08/2024 / 09:00:44";"WINV24";"V";"3";"138.165,00";"executada";"saída";"3";"138.165,00";"200,00";"0,14";"120,00"
"13621753356";"26/08/2024 / 08:59:15";"WINV24";"C";"3";"138.500,00";"executada";"entrada";"3";"137.965,00";"-";"-";"-"
"13621753533";"26/08/2024 / 08:59:01";"WDOU24";"V";"1";"5.400,00";"executada";"entrada";"1";"5.496,50";"-";"-";"-"
"13621753355";"23/08/2024 / 09:08:00";"WINV24";"V";"3";"137.075,00";"executada";"saída";"3";"137.570,00";"-190,00";"-0,14";"-114,00"
"13621753531";"23/08/2024 / 09:00:32";"WDOU24";"C";"1";"5.575,50";"executada";"saída";"1";"5.575,50";"13,50";"0,24";"135,00"
"13621753529";"23/08/2024 / 08:58:37";"WDOU24";"V";"1";"5.500,00";"executada";"entrada";"1";"5.589,00";"-";"-";"-"
"13621753353";"23/08/2024 / 08:58:34";"WINV24";"C";"3";"138.300,00";"executada";"entrada";"3";"137.760,00";"-";"-";"-"
"13621753350";"21/08/2024 / 09:00:49";"WINV24";"V";"3";"138.775,00";"executada";"saída";"3";"138.775,00";"185,00";"0,13";"111,00"
"13621753528";"21/08/2024 / 09:00:48";"WDOU24";"C";"1";"5.466,00";"executada";"saída";"1";"5.466,00";"12,50";"0,23";"125,00"
"13621753525";"21/08/2024 / 08:58:38";"WDOU24";"V";"1";"5.400,00";"executada";"entrada";"1";"5.478,50";"-";"-";"-"
"13621753349";"21/08/2024 / 08:58:35";"WINV24";"C";"3";"139.000,00";"executada";"entrada";"3";"138.590,00";"-";"-";"-"
"13621753524";"20/08/2024 / 09:00:54";"WDOU24";"C";"1";"5.481,50";"executada";"saída";"1";"5.452,00";"-6,00";"-0,11";"-60,00"
"13621753347";"20/08/2024 / 09:00:51";"WINV24";"V";"3";"137.320,00";"executada";"saída";"3";"137.830,00";"-220,00";"-0,16";"-132,00"
"13621753522";"20/08/2024 / 08:59:52";"WDOU24";"V";"1";"5.380,00";"executada";"entrada";"1";"5.446,00";"-";"-";"-"
"13621753345";"20/08/2024 / 08:59:35";"WINV24";"C";"3";"139.000,00";"executada";"entrada";"3";"138.050,00";"-";"-";"-"
"13621753342";"19/08/2024 / 09:00:36";"WINV24";"V";"3";"136.525,00";"executada";"saída";"3";"136.525,00";"170,00";"0,12";"102,00"
"13621753519";"19/08/2024 / 09:00:34";"WDOU24";"C";"1";"5.470,50";"executada";"saída";"1";"5.470,50";"9,50";"0,17";"95,00"
"13621753517";"19/08/2024 / 08:59:08";"WDOU24";"V";"1";"5.400,00";"executada";"entrada";"1";"5.480,00";"-";"-";"-"
"13621753340";"19/08/2024 / 08:59:06";"WINV24";"C";"3";"137.000,00";"executada";"entrada";"3";"136.355,00";"-";"-";"-"
"13621753338";"16/08/2024 / 09:00:33";"WINV24";"V";"3";"136.410,00";"executada";"saída";"3";"136.410,00";"210,00";"0,15";"126,00"
"13621753515";"16/08/2024 / 09:00:32";"WDOU24";"C";"1";"5.475,00";"executada";"saída";"1";"5.475,00";"11,00";"0,20";"110,00"
"13621753513";"16/08/2024 / 08:59:40";"WDOU24";"V";"1";"5.400,00";"executada";"entrada";"1";"5.486,00";"-";"-";"-"
"13621753336";"16/08/2024 / 08:59:30";"WINV24";"C";"3";"137.000,00";"executada";"entrada";"3";"136.200,00";"-";"-";"-"
"13621753512";"15/08/2024 / 09:01:00";"WDOU24";"C";"1";"5.470,00";"executada";"saída";"1";"5.470,00";"8,50";"0,16";"85,00"
"13621753334";"15/08/2024 / 09:00:39";"WINV24";"V";"3";"135.565,00";"executada";"saída";"3";"135.565,00";"155,00";"0,11";"93,00"
"13621753510";"15/08/2024 / 08:58:52";"WDOU24";"V";"1";"5.400,00";"executada";"entrada";"1";"5.478,50";"-";"-";"-"
"13621753333";"15/08/2024 / 08:58:48";"WINV24";"C";"3";"136.000,00";"executada";"entrada";"3";"135.410,00";"-";"-";"-"
"13621753331";"14/08/2024 / 09:04:00";"WINV24";"V";"3";"133.995,00";"executada";"saída";"3";"134.490,00";"-180,00";"-0,13";"-108,00"
"13621753508";"14/08/2024 / 09:00:38";"WDOU24";"C";"1";"5.447,50";"executada";"saída";"1";"5.447,50";"9,50";"0,17";"95,00"
"13621753506";"14/08/2024 / 08:59:36";"WDOU24";"V";"1";"5.400,00";"executada";"entrada";"1";"5.457,00";"-";"-";"-"
"13621753328";"14/08/2024 / 08:59:21";"WINV24";"C";"3";"135.800,00";"executada";"entrada";"3";"134.670,00";"-";"-";"-"
"13621753504";"13/08/2024 / 09:01:03";"WDOU24";"C";"1";"5.533,50";"executada";"saída";"1";"5.497,50";"-13,50";"-0,25";"-135,00"
"13621753326";"13/08/2024 / 09:00:40";"WINQ24";"V";"3";"131.685,00";"executada";"saída";"3";"131.685,00";"165,00";"0,13";"99,00"
"13621753501";"13/08/2024 / 08:59:01";"WDOU24";"V";"1";"5.400,00";"executada";"entrada";"1";"5.484,00";"-";"-";"-"
"13621753324";"13/08/2024 / 08:58:57";"WINQ24";"C";"3";"132.000,00";"executada";"entrada";"3";"131.520,00";"-";"-";"-"
"13621753322";"12/08/2024 / 09:00:48";"WINQ24";"V";"3";"131.205,00";"executada";"saída";"3";"131.205,00";"205,00";"0,16";"123,00"
"13621753499";"12/08/2024 / 09:00:38";"WDOU24";"C";"1";"5.507,50";"executada";"saída";"1";"5.507,50";"12,00";"0,22";"120,00"
"13621753498";"12/08/2024 / 08:59:39";"WDOU24";"V";"1";"5.450,00";"executada";"entrada";"1";"5.519,50";"-";"-";"-"
"13621753320";"12/08/2024 / 08:59:25";"WINQ24";"C";"3";"132.000,00";"executada";"entrada";"3";"131.000,00";"-";"-";"-"
"13621753319";"09/08/2024 / 09:02:55";"WINQ24";"C";"3";"129.210,00";"executada";"saída";"3";"128.720,00";"115,00";"0,09";"69,00"
"13621753497";"09/08/2024 / 09:01:29";"WDOU24";"V";"1";"5.525,50";"executada";"saída";"1";"5.554,50";"6,50";"0,12";"65,00"
"13621753494";"09/08/2024 / 08:59:34";"WDOU24";"C";"1";"5.570,00";"executada";"entrada";"1";"5.548,00";"-";"-";"-"
"13621753316";"09/08/2024 / 08:59:21";"WINQ24";"V";"3";"128.400,00";"executada";"entrada";"3";"128.835,00";"-";"-";"-"
"13621753315";"08/08/2024 / 09:08:42";"WINQ24";"C";"3";"128.215,00";"executada";"saída";"3";"127.750,00";"-350,00";"-0,27";"-210,00"
"13621753493";"08/08/2024 / 09:00:43";"WDOU24";"V";"1";"5.658,00";"executada";"saída";"1";"5.658,00";"12,00";"0,21";"120,00"
"13621753490";"08/08/2024 / 08:59:07";"WDOU24";"C";"1";"5.750,00";"executada";"entrada";"1";"5.646,00";"-";"-";"-"
"13621753312";"08/08/2024 / 08:59:06";"WINQ24";"V";"3";"126.000,00";"executada";"entrada";"3";"127.400,00";"-";"-";"-"
"13621753311";"07/08/2024 / 09:04:52";"WINQ24";"C";"3";"127.740,00";"executada";"saída";"3";"127.240,00";"-340,00";"-0,27";"-204,00"
"13621753489";"07/08/2024 / 09:01:00";"WDOU24";"V";"1";"5.648,00";"executada";"saída";"1";"5.648,00";"16,00";"0,28";"160,00"
"13621753487";"07/08/2024 / 08:59:17";"WDOU24";"C";"1";"5.720,00";"executada";"entrada";"1";"5.632,00";"-";"-";"-"
"13621753309";"07/08/2024 / 08:59:13";"WINQ24";"V";"3";"125.500,00";"executada";"entrada";"3";"126.900,00";"-";"-";"-"
"13621753484";"05/08/2024 / 09:04:41";"WDOU24";"V";"1";"5.840,00";"executada";"saída";"1";"5.860,50";"-19,50";"-0,33";"-195,00"
"13621753306";"05/08/2024 / 09:03:50";"WINQ24";"C";"3";"123.525,00";"executada";"saída";"3";"123.525,00";"265,00";"0,21";"159,00"
"13621753483";"05/08/2024 / 09:00:06";"WDOU24";"C";"1";"5.900,00";"executada";"entrada";"1";"5.880,00";"-";"-";"-"
"13621753304";"05/08/2024 / 09:00:05";"WINQ24";"V";"3";"123.500,00";"executada";"entrada";"3";"123.790,00";"-";"-";"-"
"13621753481";"02/08/2024 / 09:00:51";"WDOU24";"V";"1";"5.790,50";"executada";"saída";"1";"5.790,50";"12,50";"0,22";"125,00"
"13621753302";"02/08/2024 / 09:00:49";"WINQ24";"C";"3";"127.125,00";"executada";"saída";"3";"127.125,00";"190,00";"0,15";"114,00"
"13621753478";"02/08/2024 / 08:59:34";"WDOU24";"C";"1";"5.820,00";"executada";"entrada";"1";"5.778,00";"-";"-";"-"
"13621753301";"02/08/2024 / 08:59:29";"WINQ24";"V";"3";"126.700,00";"executada";"entrada";"3";"127.315,00";"-";"-";"-"
"13621753298";"01/08/2024 / 09:00:38";"WINQ24";"C";"3";"127.770,00";"executada";"saída";"3";"127.770,00";"210,00";"0,16";"126,00"
"13621753476";"01/08/2024 / 09:00:36";"WDOU24";"V";"1";"5.703,00";"executada";"saída";"1";"5.703,00";"12,50";"0,22";"125,00"
"13621753474";"01/08/2024 / 08:59:27";"WDOU24";"C";"1";"5.730,00";"executada";"entrada";"1";"5.690,50";"-";"-";"-"
"13621753296";"01/08/2024 / 08:59:20";"WINQ24";"V";"3";"127.000,00";"executada";"entrada";"3";"127.980,00";"-";"-";"-"
"13621753294";"31/07/2024 / 09:01:55";"WINQ24";"C";"3";"128.035,00";"executada";"saída";"3";"127.540,00";"-140,00";"-0,11";"-84,00"
"13621753473";"31/07/2024 / 09:00:40";"WDOU24";"V";"1";"5.636,00";"executada";"saída";"1";"5.636,00";"9,00";"0,16";"90,00"
"13621753471";"31/07/2024 / 08:59:27";"WDOU24";"C";"1";"5.700,00";"executada";"entrada";"1";"5.627,00";"-";"-";"-"
"13621753292";"31/07/2024 / 08:59:21";"WINQ24";"V";"3";"126.000,00";"executada";"entrada";"3";"127.400,00";"-";"-";"-"
"13621753291";"30/07/2024 / 09:01:02";"WINQ24";"C";"3";"128.050,00";"executada";"saída";"3";"127.550,00";"-30,00";"-0,02";"-18,00"
"13621753469";"30/07/2024 / 09:01:00";"WDOQ24";"V";"1";"5.626,50";"executada";"saída";"1";"5.626,50";"9,50";"0,17";"95,00"
"13621753467";"30/07/2024 / 08:59:50";"WDOQ24";"C";"1";"5.700,00";"executada";"entrada";"1";"5.617,00";"-";"-";"-"
"13621753288";"30/07/2024 / 08:59:43";"WINQ24";"V";"3";"127.000,00";"executada";"entrada";"3";"127.520,00";"-";"-";"-"
"13621753465";"29/07/2024 / 09:00:51";"WDOQ24";"V";"1";"5.629,00";"executada";"saída";"1";"5.658,00";"-8,50";"-0,15";"-85,00"
"13621753286";"29/07/2024 / 09:00:33";"WINQ24";"C";"3";"127.945,00";"executada";"saída";"3";"127.945,00";"170,00";"0,13";"102,00"
"13621753463";"29/07/2024 / 08:58:38";"WDOQ24";"C";"1";"5.750,00";"executada";"entrada";"1";"5.666,50";"-";"-";"-"
"13621753284";"29/07/2024 / 08:58:31";"WINQ24";"V";"3";"127.000,00";"executada";"entrada";"3";"128.115,00";"-";"-";"-"
"13621753460";"26/07/2024 / 09:01:15";"WINQ24";"C";"1";"127.560,00";"executada";"saída";"1";"127.055,00";"45,00";"0,04";"9,00"
"13621753459";"26/07/2024 / 09:01:06";"WDOQ24";"V";"1";"5.595,50";"executada";"saída";"1";"5.625,00";"4,50";"0,08";"45,00"
"13621753457";"26/07/2024 / 09:00:34";"WDOQ24";"C";"1";"5.700,00";"executada";"entrada";"1";"5.620,50";"-";"-";"-"
"13621753455";"26/07/2024 / 09:00:27";"WINQ24";"V";"1";"125.500,00";"executada";"entrada";"1";"127.100,00";"-";"-";"-"
"13621753452";"25/07/2024 / 09:11:27";"WDOQ24";"V";"1";"5.650,50";"executada";"saída";"1";"5.680,50";"-10,50";"-0,18";"-105,00"
"13621753282";"25/07/2024 / 09:01:29";"WINQ24";"V";"3";"126.070,00";"executada";"saída";"3";"126.580,00";"-165,00";"-0,13";"-99,00"
"13621753451";"25/07/2024 / 08:59:30";"WDOQ24";"C";"1";"5.740,00";"executada";"entrada";"1";"5.691,00";"-";"-";"-"
"13621753280";"25/07/2024 / 08:59:12";"WINQ24";"C";"3";"128.000,00";"executada";"entrada";"3";"126.745,00";"-";"-";"-"
"13621753278";"24/07/2024 / 09:00:46";"WINQ24";"V";"3";"127.165,00";"executada";"saída";"3";"127.165,00";"160,00";"0,13";"96,00"
"13621753448";"24/07/2024 / 09:00:31";"WDOQ24";"V";"1";"5.615,00";"executada";"saída";"1";"5.615,00";"10,00";"0,18";"100,00"
"13621753447";"24/07/2024 / 08:58:41";"WDOQ24";"C";"1";"5.650,00";"executada";"entrada";"1";"5.605,00";"-";"-";"-"
"13621753277";"24/07/2024 / 08:58:39";"WINQ24";"C";"3";"128.000,00";"executada";"entrada";"3";"127.005,00";"-";"-";"-"
"13621753275";"23/07/2024 / 09:31:25";"WINQ24";"V";"3";"127.740,00";"executada";"saída";"3";"128.260,00";"-205,00";"-0,16";"-123,00"
"13621753445";"23/07/2024 / 09:00:54";"WDOQ24";"V";"1";"5.598,50";"executada";"saída";"1";"5.598,50";"9,00";"0,16";"90,00"
"13621753442";"23/07/2024 / 08:58:36";"WDOQ24";"C";"1";"5.630,00";"executada";"entrada";"1";"5.589,50";"-";"-";"-"
"13621753272";"23/07/2024 / 08:58:34";"WINQ24";"C";"3";"129.500,00";"executada";"entrada";"3";"128.465,00";"-";"-";"-"
"13621753270";"22/07/2024 / 09:10:03";"WINQ24";"V";"3";"127.680,00";"executada";"saída";"3";"128.200,00";"-200,00";"-0,16";"-120,00"
"13621753440";"22/07/2024 / 09:01:00";"WDOQ24";"V";"1";"5.611,50";"executada";"saída";"1";"5.611,50";"11,50";"0,21";"115,00"
"13621753439";"22/07/2024 / 08:58:47";"WDOQ24";"C";"1";"5.700,00";"executada";"entrada";"1";"5.600,00";"-";"-";"-"
"13621753268";"22/07/2024 / 08:58:46";"WINQ24";"C";"3";"129.500,00";"executada";"entrada";"3";"128.400,00";"-";"-";"-"
"13621753436";"18/07/2024 / 09:08:20";"WDOQ24";"C";"1";"5.531,50";"executada";"saída";"1";"5.501,50";"-9,00";"-0,16";"-90,00"
"13621753265";"18/07/2024 / 09:00:32";"WINQ24";"V";"3";"130.425,00";"executada";"saída";"3";"130.425,00";"200,00";"0,15";"120,00"
"13621753263";"18/07/2024 / 08:58:42";"WINQ24";"C";"3";"131.000,00";"executada";"entrada";"3";"130.225,00";"-";"-";"-"
"13621753435";"18/07/2024 / 08:57:37";"WDOQ24";"V";"1";"5.400,00";"executada";"entrada";"1";"5.492,50";"-";"-";"-"
"13621753433";"17/07/2024 / 09:23:44";"WDOQ24";"C";"1";"5.490,50";"executada";"saída";"1";"5.460,50";"-10,50";"-0,19";"-105,00"
"13621753261";"17/07/2024 / 09:19:47";"WINQ24";"V";"3";"129.330,00";"executada";"saída";"3";"129.825,00";"-155,00";"-0,12";"-93,00"
"13621753259";"17/07/2024 / 08:58:26";"WINQ24";"C";"3";"131.000,00";"executada";"entrada";"3";"129.980,00";"-";"-";"-"
"13621753431";"17/07/2024 / 08:58:23";"WDOQ24";"V";"1";"5.400,00";"executada";"entrada";"1";"5.450,00";"-";"-";"-"
"13621753257";"16/07/2024 / 09:00:49";"WINQ24";"V";"3";"130.350,00";"executada";"saída";"3";"130.350,00";"150,00";"0,12";"90,00"
"13621753428";"16/07/2024 / 09:00:35";"WDOQ24";"C";"1";"5.437,50";"executada";"saída";"1";"5.437,50";"9,00";"0,17";"90,00"
"13621753427";"16/07/2024 / 08:58:18";"WDOQ24";"V";"1";"5.400,00";"executada";"entrada";"1";"5.446,50";"-";"-";"-"
"13621753256";"16/07/2024 / 08:58:08";"WINQ24";"C";"3";"131.000,00";"executada";"entrada";"3";"130.200,00";"-";"-";"-"
"13621753253";"15/07/2024 / 09:04:05";"WINQ24";"V";"3";"129.330,00";"executada";"saída";"3";"129.815,00";"-135,00";"-0,10";"-81,00"
"13621753425";"15/07/2024 / 09:00:49";"WDOQ24";"C";"1";"5.455,50";"executada";"saída";"1";"5.455,50";"9,50";"0,17";"95,00"
"13621753423";"15/07/2024 / 08:59:18";"WDOQ24";"V";"1";"5.400,00";"executada";"entrada";"1";"5.465,00";"-";"-";"-"
"13621753252";"15/07/2024 / 08:59:06";"WINQ24";"C";"3";"131.000,00";"executada";"entrada";"3";"129.950,00";"-";"-";"-"
"13621753421";"12/07/2024 / 10:03:54";"WDOQ24";"C";"1";"5.479,00";"executada";"saída";"1";"5.450,00";"-13,00";"-0,24";"-130,00"
"13621753249";"12/07/2024 / 09:00:45";"WINQ24";"V";"3";"129.605,00";"executada";"saída";"3";"129.605,00";"185,00";"0,14";"111,00"
"13621753419";"12/07/2024 / 08:58:29";"WDOQ24";"V";"1";"5.360,00";"executada";"entrada";"1";"5.437,00";"-";"-";"-"
"13621753247";"12/07/2024 / 08:58:21";"WINQ24";"C";"3";"130.300,00";"executada";"entrada";"3";"129.420,00";"-";"-";"-"
"13621753417";"11/07/2024 / 09:09:59";"WDOQ24";"C";"1";"5.459,00";"executada";"saída";"1";"5.429,50";"-9,00";"-0,17";"-90,00"
"13621753245";"11/07/2024 / 09:00:57";"WINQ24";"V";"3";"128.600,00";"executada";"saída";"3";"128.600,00";"200,00";"0,16";"120,00"
"13621753415";"11/07/2024 / 08:58:29";"WDOQ24";"V";"1";"5.330,00";"executada";"entrada";"1";"5.420,50";"-";"-";"-"
"13621753243";"11/07/2024 / 08:58:26";"WINQ24";"C";"3";"129.000,00";"executada";"entrada";"3";"128.400,00";"-";"-";"-"
"13621753413";"10/07/2024 / 09:01:13";"WDOQ24";"C";"1";"5.456,50";"executada";"saída";"1";"5.427,00";"-8,00";"-0,15";"-80,00"
"13621753241";"10/07/2024 / 09:00:59";"WINQ24";"V";"3";"128.835,00";"executada";"saída";"3";"128.835,00";"210,00";"0,16";"126,00"
"13621753411";"10/07/2024 / 08:59:14";"WDOQ24";"V";"1";"5.380,00";"executada";"entrada";"1";"5.419,00";"-";"-";"-"
"13621753239";"10/07/2024 / 08:59:08";"WINQ24";"C";"3";"129.000,00";"executada";"entrada";"3";"128.625,00";"-";"-";"-"
"13621753237";"09/07/2024 / 09:01:37";"WINQ24";"V";"3";"126.920,00";"executada";"saída";"3";"127.425,00";"-250,00";"-0,20";"-150,00"
"13621753235";"09/07/2024 / 08:58:17";"WINQ24";"C";"3";"127.950,00";"executada";"entrada";"3";"127.675,00";"-";"-";"-"
"13621753233";"08/07/2024 / 09:01:14";"WINQ24";"V";"3";"126.910,00";"executada";"saída";"3";"127.415,00";"-185,00";"-0,14";"-111,00"
"13621753409";"08/07/2024 / 09:00:52";"WDOQ24";"V";"1";"5.482,00";"executada";"saída";"1";"5.482,00";"12,00";"0,22";"120,00"
"13621753406";"08/07/2024 / 08:59:36";"WDOQ24";"C";"1";"5.530,00";"executada";"entrada";"1";"5.470,00";"-";"-";"-"
"13621753231";"08/07/2024 / 08:59:34";"WINQ24";"C";"3";"128.700,00";"executada";"entrada";"3";"127.600,00";"-";"-";"-"
"13621753229";"05/07/2024 / 09:02:01";"WINQ24";"V";"3";"126.935,00";"executada";"saída";"3";"127.420,00";"-180,00";"-0,14";"-108,00"
"13621753405";"05/07/2024 / 09:00:52";"WDOQ24";"V";"1";"5.499,50";"executada";"saída";"1";"5.499,50";"14,50";"0,26";"145,00"
"13621753402";"05/07/2024 / 08:59:23";"WDOQ24";"C";"1";"5.550,00";"executada";"entrada";"1";"5.485,00";"-";"-";"-"
"13621753227";"05/07/2024 / 08:59:18";"WINQ24";"C";"3";"128.200,00";"executada";"entrada";"3";"127.600,00";"-";"-";"-"
"13621753226";"04/07/2024 / 09:26:10";"WINQ24";"V";"3";"127.255,00";"executada";"saída";"3";"127.755,00";"-245,00";"-0,19";"-147,00"
"13621753400";"04/07/2024 / 09:00:59";"WDOQ24";"V";"1";"5.485,50";"executada";"saída";"1";"5.514,00";"-15,00";"-0,27";"-150,00"
"13621753399";"04/07/2024 / 08:59:19";"WDOQ24";"C";"1";"5.620,00";"executada";"entrada";"1";"5.529,00";"-";"-";"-"
"13621753223";"04/07/2024 / 08:59:11";"WINQ24";"C";"3";"128.800,00";"executada";"entrada";"3";"128.000,00";"-";"-";"-"
"13621753397";"03/07/2024 / 09:12:06";"WDOQ24";"V";"1";"5.638,50";"executada";"saída";"1";"5.668,50";"-12,00";"-0,21";"-120,00"
"13621753222";"03/07/2024 / 09:00:57";"WINQ24";"V";"3";"127.010,00";"executada";"saída";"3";"127.010,00";"285,00";"0,22";"171,00"
"13621753394";"03/07/2024 / 08:59:06";"WDOQ24";"C";"1";"5.750,00";"executada";"entrada";"1";"5.680,50";"-";"-";"-"
"13621753220";"03/07/2024 / 08:59:03";"WINQ24";"C";"3";"127.300,00";"executada";"entrada";"3";"126.725,00";"-";"-";"-"
"13621753393";"02/07/2024 / 09:03:07";"WDOQ24";"V";"1";"5.635,00";"executada";"saída";"1";"5.664,00";"-10,50";"-0,19";"-105,00"
"13621753217";"02/07/2024 / 09:00:55";"WINQ24";"V";"3";"126.030,00";"executada";"saída";"3";"126.030,00";"330,00";"0,26";"198,00"
"13621753391";"02/07/2024 / 08:58:34";"WDOQ24";"C";"1";"5.730,00";"executada";"entrada";"1";"5.674,50";"-";"-";"-"
"13621753216";"02/07/2024 / 08:58:31";"WINQ24";"C";"3";"127.000,00";"executada";"entrada";"3";"125.700,00";"-";"-";"-"
"13621753213";"01/07/2024 / 09:03:41";"WINQ24";"V";"3";"124.860,00";"executada";"saída";"3";"125.370,00";"-230,00";"-0,18";"-138,00"
"13621753389";"01/07/2024 / 09:00:58";"WDOQ24";"V";"1";"5.610,50";"executada";"saída";"1";"5.610,50";"10,50";"0,19";"105,00"
"13621753387";"01/07/2024 / 08:59:25";"WDOQ24";"C";"1";"5.650,00";"executada";"entrada";"1";"5.600,00";"-";"-";"-"
"13621753212";"01/07/2024 / 08:59:20";"WINQ24";"C";"3";"126.250,00";"executada";"entrada";"3";"125.600,00";"-";"-";"-"
"13621753209";"28/06/2024 / 09:05:23";"WINQ24";"V";"3";"125.070,00";"executada";"saída";"3";"125.565,00";"-270,00";"-0,21";"-162,00"
"13621753385";"28/06/2024 / 09:00:52";"WDOQ24";"V";"1";"5.520,00";"executada";"saída";"1";"5.520,00";"11,00";"0,20";"110,00"
"13621753383";"28/06/2024 / 08:59:06";"WDOQ24";"C";"1";"5.580,00";"executada";"entrada";"1";"5.509,00";"-";"-";"-"
"13621753208";"28/06/2024 / 08:58:56";"WINQ24";"C";"3";"126.700,00";"executada";"entrada";"3";"125.835,00";"-";"-";"-"
"13621753381";"27/06/2024 / 09:01:39";"WDON24";"V";"1";"5.485,00";"executada";"saída";"1";"5.514,50";"-8,50";"-0,15";"-85,00"
"13621753205";"27/06/2024 / 09:00:51";"WINQ24";"C";"3";"124.865,00";"executada";"saída";"3";"124.295,00";"-245,00";"-0,20";"-147,00"
"13621753378";"27/06/2024 / 08:59:39";"WDON24";"C";"1";"5.580,00";"executada";"entrada";"1";"5.523,00";"-";"-";"-"
"13621753204";"27/06/2024 / 08:59:35";"WINQ24";"V";"3";"123.300,00";"executada";"entrada";"3";"124.050,00";"-";"-";"-"
"13621753376";"26/06/2024 / 09:00:51";"WDON24";"V";"1";"5.475,50";"executada";"saída";"1";"5.475,50";"8,00";"0,15";"80,00"
"13621753202";"26/06/2024 / 09:00:47";"WINQ24";"C";"3";"123.980,00";"executada";"saída";"3";"123.980,00";"170,00";"0,14";"102,00"
"13621753375";"26/06/2024 / 08:58:36";"WDON24";"C";"1";"5.500,00";"executada";"entrada";"1";"5.467,50";"-";"-";"-"
"13621753199";"26/06/2024 / 08:58:31";"WINQ24";"V";"3";"123.000,00";"executada";"entrada";"3";"124.150,00";"-";"-";"-"
"13621753198";"25/06/2024 / 09:28:59";"WINQ24";"C";"3";"124.715,00";"executada";"saída";"3";"124.215,00";"-180,00";"-0,15";"-108,00"
"13621753373";"25/06/2024 / 09:00:57";"WDON24";"V";"1";"5.421,50";"executada";"saída";"1";"5.421,50";"8,00";"0,15";"80,00"
"13621753370";"25/06/2024 / 08:58:30";"WDON24";"C";"1";"5.450,00";"executada";"entrada";"1";"5.413,50";"-";"-";"-"
"13621753196";"25/06/2024 / 08:58:23";"WINQ24";"V";"3";"123.000,00";"executada";"entrada";"3";"124.035,00";"-";"-";"-"
"13621753369";"24/06/2024 / 09:25:59";"WDON24";"V";"1";"5.395,50";"executada";"saída";"1";"5.425,00";"-8,00";"-0,15";"-80,00"
"13621753194";"24/06/2024 / 09:00:33";"WINQ24";"C";"3";"122.865,00";"executada";"saída";"3";"122.865,00";"225,00";"0,18";"135,00"
"13621753366";"24/06/2024 / 08:58:39";"WDON24";"C";"1";"5.500,00";"executada";"entrada";"1";"5.433,00";"-";"-";"-"
"13621753192";"24/06/2024 / 08:58:34";"WINQ24";"V";"3";"122.000,00";"executada";"entrada";"3";"123.090,00";"-";"-";"-"
"13621753365";"21/06/2024 / 09:01:15";"WDON24";"V";"1";"5.411,00";"executada";"saída";"1";"5.440,50";"-9,50";"-0,17";"-95,00"
"13621753189";"21/06/2024 / 09:00:48";"WINQ24";"C";"3";"121.835,00";"executada";"saída";"3";"121.835,00";"265,00";"0,22";"159,00"
"13621753187";"21/06/2024 / 09:00:07";"WINQ24";"V";"3";"121.000,00";"executada";"entrada";"3";"122.100,00";"-";"-";"-"
"13621753362";"21/06/2024 / 09:00:06";"WDON24";"C";"1";"5.500,00";"executada";"entrada";"1";"5.450,00";"-";"-";"-"
"13621753184";"20/06/2024 / 09:00:53";"WINQ24";"C";"3";"123.065,00";"executada";"saída";"3";"123.065,00";"205,00";"0,17";"123,00"
"13621753360";"20/06/2024 / 09:00:32";"WDON24";"V";"1";"5.389,50";"executada";"saída";"1";"5.389,50";"6,50";"0,12";"65,00"
"13621753183";"20/06/2024 / 09:00:22";"WINQ24";"V";"3";"122.300,00";"executada";"entrada";"3";"123.270,00";"-";"-";"-"
"13621753359";"20/06/2024 / 09:00:09";"WDON24";"C";"1";"5.500,00";"executada";"entrada";"1";"5.383,00";"-";"-";"-"
"13621753357";"19/06/2024 / 09:01:24";"WDON24";"V";"1";"5.402,00";"executada";"saída";"1";"5.431,50";"-7,00";"-0,13";"-70,00"
"13621753181";"19/06/2024 / 09:00:44";"WINQ24";"C";"3";"121.220,00";"executada";"saída";"3";"121.220,00";"280,00";"0,23";"168,00"
"13621753354";"19/06/2024 / 08:59:27";"WDON24";"C";"1";"5.480,00";"executada";"entrada";"1";"5.438,50";"-";"-";"-"
"13621753178";"19/06/2024 / 08:59:07";"WINQ24";"V";"3";"120.500,00";"executada";"entrada";"3";"121.500,00";"-";"-";"-"
"13621753176";"18/06/2024 / 09:03:25";"WINQ24";"C";"3";"120.310,00";"executada";"saída";"3";"120.310,00";"240,00";"0,20";"144,00"
"13621753352";"18/06/2024 / 09:00:47";"WDON24";"V";"1";"5.448,50";"executada";"saída";"1";"5.448,50";"8,00";"0,15";"80,00"
"13621753351";"18/06/2024 / 08:59:43";"WDON24";"C";"1";"5.480,00";"executada";"entrada";"1";"5.440,50";"-";"-";"-"
"13621753174";"18/06/2024 / 08:59:22";"WINQ24";"V";"3";"120.000,00";"executada";"entrada";"3";"120.550,00";"-";"-";"-"
"13621753172";"17/06/2024 / 09:00:52";"WINQ24";"C";"3";"122.340,00";"executada";"saída";"3";"121.673,33";"-173,33";"-0,14";"-104,00"
"13621753348";"17/06/2024 / 09:00:38";"WDON24";"V";"1";"5.388,00";"executada";"saída";"1";"5.388,00";"8,00";"0,15";"80,00"
"13621753346";"17/06/2024 / 08:59:18";"WDON24";"C";"1";"5.400,00";"executada";"entrada";"1";"5.380,00";"-";"-";"-"
"13621753171";"17/06/2024 / 08:59:12";"WINQ24";"V";"3";"121.000,00";"executada";"entrada";"3";"121.500,00";"-";"-";"-"
"13621753344";"14/06/2024 / 09:06:47";"WDON24";"V";"1";"5.343,50";"executada";"saída";"1";"5.373,50";"-11,50";"-0,21";"-115,00"
"13621753169";"14/06/2024 / 09:02:53";"WINQ24";"C";"3";"120.975,00";"executada";"saída";"3";"120.975,00";"325,00";"0,27";"195,00"
"13621753343";"14/06/2024 / 08:59:42";"WDON24";"C";"1";"5.435,00";"executada";"entrada";"1";"5.385,00";"-";"-";"-"
"13621753166";"14/06/2024 / 08:59:31";"WINQ24";"V";"3";"120.500,00";"executada";"entrada";"3";"121.300,00";"-";"-";"-"
"13621753164";"13/06/2024 / 09:01:18";"WINQ24";"C";"3";"122.750,00";"executada";"saída";"3";"122.250,00";"-420,00";"-0,34";"-252,00"
"13621753341";"13/06/2024 / 09:00:53";"WDON24";"V";"1";"5.416,50";"executada";"saída";"1";"5.416,50";"16,00";"0,30";"160,00"
"13621753339";"13/06/2024 / 08:59:08";"WDON24";"C";"1";"5.450,00";"executada";"entrada";"1";"5.400,50";"-";"-";"-"
"13621753161";"13/06/2024 / 08:59:05";"WINQ24";"V";"3";"121.000,00";"executada";"entrada";"3";"121.830,00";"-";"-";"-"
"13621753337";"12/06/2024 / 09:00:52";"WDON24";"V";"1";"5.387,50";"executada";"saída";"1";"5.387,50";"8,50";"0,16";"85,00"
"13621753159";"12/06/2024 / 09:00:32";"WINQ24";"C";"3";"123.275,00";"executada";"saída";"3";"123.275,00";"225,00";"0,18";"135,00"
"13621753335";"12/06/2024 / 08:59:31";"WDON24";"C";"1";"5.430,00";"executada";"entrada";"1";"5.379,00";"-";"-";"-"
"13621753157";"12/06/2024 / 08:59:25";"WINQ24";"V";"3";"123.000,00";"executada";"entrada";"3";"123.500,00";"-";"-";"-"
"13621753155";"11/06/2024 / 09:05:11";"WINM24";"C";"3";"121.250,00";"executada";"saída";"3";"120.755,00";"-255,00";"-0,21";"-153,00"
"13621753332";"11/06/2024 / 09:00:44";"WDON24";"V";"1";"5.382,00";"executada";"saída";"1";"5.382,00";"13,00";"0,24";"130,00"
"13621753330";"11/06/2024 / 08:58:31";"WDON24";"C";"1";"5.400,00";"executada";"entrada";"1";"5.369,00";"-";"-";"-"
"13621753154";"11/06/2024 / 08:58:24";"WINM24";"V";"3";"120.000,00";"executada";"entrada";"3";"120.500,00";"-";"-";"-"
"13621753329";"10/06/2024 / 09:01:56";"WDON24";"V";"1";"5.316,00";"executada";"saída";"1";"5.345,00";"-11,00";"-0,21";"-110,00"
"13621753152";"10/06/2024 / 09:01:16";"WINM24";"C";"3";"121.530,00";"executada";"saída";"3";"121.045,00";"-350,00";"-0,29";"-210,00"
"13621753150";"10/06/2024 / 09:00:09";"WINM24";"V";"3";"119.500,00";"executada";"entrada";"3";"120.695,00";"-";"-";"-"
"13621753327";"10/06/2024 / 08:58:14";"WDON24";"C";"1";"5.450,00";"executada";"entrada";"1";"5.356,00";"-";"-";"-"
"13621753147";"07/06/2024 / 09:20:19";"WINM24";"C";"3";"123.695,00";"executada";"saída";"3";"123.200,00";"-155,00";"-0,13";"-93,00"
"13621753146";"07/06/2024 / 09:18:07";"WINM24";"V";"3";"122.550,00";"executada";"entrada";"3";"123.045,00";"-";"-";"-"
"13621753325";"05/06/2024 / 09:14:09";"WDON24";"V";"1";"5.245,50";"executada";"saída";"1";"5.276,00";"-8,50";"-0,16";"-85,00"
"13621753144";"05/06/2024 / 09:00:40";"WINM24";"C";"3";"122.085,00";"executada";"saída";"3";"122.085,00";"220,00";"0,18";"132,00"
"13621753323";"05/06/2024 / 08:59:50";"WDON24";"C";"1";"5.350,00";"executada";"entrada";"1";"5.284,50";"-";"-";"-"
"13621753142";"05/06/2024 / 08:59:46";"WINM24";"V";"3";"122.000,00";"executada";"entrada";"3";"122.305,00";"-";"-";"-"
"13621753140";"04/06/2024 / 09:15:14";"WINM24";"C";"3";"122.470,00";"executada";"saída";"3";"121.975,00";"-255,00";"-0,21";"-153,00"
"13621753321";"04/06/2024 / 09:02:50";"WDON24";"V";"1";"5.284,50";"executada";"saída";"1";"5.284,50";"11,50";"0,22";"115,00"
"13621753318";"04/06/2024 / 08:59:06";"WDON24";"C";"1";"5.320,00";"executada";"entrada";"1";"5.273,00";"-";"-";"-"
"13621753137";"04/06/2024 / 08:59:02";"WINM24";"V";"3";"121.000,00";"executada";"entrada";"3";"121.720,00";"-";"-";"-"
"13621753135";"03/06/2024 / 09:00:48";"WINM24";"C";"3";"122.690,00";"executada";"saída";"3";"122.690,00";"170,00";"0,14";"102,00"
"13621753317";"03/06/2024 / 09:00:39";"WDON24";"V";"1";"5.276,50";"executada";"saída";"1";"5.276,50";"9,00";"0,17";"90,00"
"13621753314";"03/06/2024 / 08:59:24";"WDON24";"C";"1";"5.330,00";"executada";"entrada";"1";"5.267,50";"-";"-";"-"
"13621753133";"03/06/2024 / 08:59:20";"WINM24";"V";"3";"122.000,00";"executada";"entrada";"3";"122.860,00";"-";"-";"-"
"13621753130";"31/05/2024 / 09:00:55";"WINM24";"C";"3";"123.140,00";"executada";"saída";"3";"123.140,00";"210,00";"0,17";"126,00"
"13621753313";"31/05/2024 / 09:00:39";"WDON24";"V";"1";"5.218,00";"executada";"saída";"1";"5.218,00";"6,00";"0,12";"60,00"
"13621753310";"31/05/2024 / 08:58:56";"WDON24";"C";"1";"5.260,00";"executada";"entrada";"1";"5.212,00";"-";"-";"-"
"13621753128";"31/05/2024 / 08:58:51";"WINM24";"V";"3";"122.200,00";"executada";"entrada";"3";"123.350,00";"-";"-";"-"
"13621753308";"29/05/2024 / 09:01:59";"WDOM24";"V";"1";"5.141,00";"executada";"saída";"1";"5.170,50";"-6,00";"-0,12";"-60,00"
"13621753127";"29/05/2024 / 09:00:53";"WINM24";"C";"3";"123.445,00";"executada";"saída";"3";"123.445,00";"275,00";"0,22";"165,00"
"13621753307";"29/05/2024 / 08:59:38";"WDOM24";"C";"1";"5.220,00";"executada";"entrada";"1";"5.176,50";"-";"-";"-"
"13621753125";"29/05/2024 / 08:59:24";"WINM24";"V";"3";"123.000,00";"executada";"entrada";"3";"123.720,00";"-";"-";"-"
"13621753123";"28/05/2024 / 09:01:35";"WINM24";"C";"3";"126.045,00";"executada";"saída";"3";"125.570,00";"-155,00";"-0,12";"-93,00"
"13621753305";"28/05/2024 / 09:00:39";"WDOM24";"V";"1";"5.130,50";"executada";"saída";"1";"5.160,50";"-6,00";"-0,12";"-60,00"
"13621753303";"28/05/2024 / 08:58:29";"WDOM24";"C";"1";"5.230,00";"executada";"entrada";"1";"5.166,50";"-";"-";"-"
"13621753120";"28/05/2024 / 08:58:23";"WINM24";"V";"3";"124.000,00";"executada";"entrada";"3";"125.415,00";"-";"-";"-"
"13621753118";"27/05/2024 / 10:07:04";"WINM24";"C";"3";"125.500,00";"executada";"saída";"3";"125.000,00";"-190,00";"-0,15";"-114,00"
"13621753300";"27/05/2024 / 09:00:51";"WDOM24";"V";"1";"5.166,00";"executada";"saída";"1";"5.166,00";"6,00";"0,12";"60,00"
"13621753299";"27/05/2024 / 08:59:25";"WDOM24";"C";"1";"5.220,00";"executada";"entrada";"1";"5.160,00";"-";"-";"-"
"13621753117";"27/05/2024 / 08:59:11";"WINM24";"V";"3";"124.000,00";"executada";"entrada";"3";"124.810,00";"-";"-";"-"
"13621753114";"24/05/2024 / 09:00:55";"WINM24";"C";"3";"126.395,00";"executada";"saída";"3";"125.900,00";"-250,00";"-0,20";"-150,00"
"13621753297";"24/05/2024 / 09:00:49";"WDOM24";"C";"1";"5.133,50";"executada";"saída";"1";"5.133,50";"6,50";"0,13";"65,00"
"13621753295";"24/05/2024 / 08:59:04";"WDOM24";"V";"1";"5.100,00";"executada";"entrada";"1";"5.140,00";"-";"-";"-"
"13621753113";"24/05/2024 / 08:59:03";"WINM24";"V";"3";"124.500,00";"executada";"entrada";"3";"125.650,00";"-";"-";"-"
"13621753110";"23/05/2024 / 09:02:02";"WINM24";"C";"6";"126.870,00";"executada";"saída";"6";"126.365,00";"-215,00";"-0,17";"-258,00"
"13621753293";"23/05/2024 / 09:00:45";"WDOM24";"C";"2";"5.140,00";"executada";"saída";"2";"5.140,00";"6,00";"0,12";"120,00"
"13621753290";"23/05/2024 / 08:58:40";"WDOM24";"V";"1";"5.050,00";"executada";"entrada";"1";"5.146,00";"-";"-";"-"
"13621753109";"23/05/2024 / 08:58:39";"WINM24";"V";"3";"125.000,00";"executada";"entrada";"3";"126.150,00";"-";"-";"-"
"13621753289";"23/05/2024 / 08:58:27";"WDOM24";"V";"1";"5.050,00";"executada";"entrada";"1";"5.146,00";"-";"-";"-"
"13621753107";"23/05/2024 / 08:58:23";"WINM24";"V";"3";"125.000,00";"executada";"entrada";"3";"126.150,00";"-";"-";"-"
"13621753287";"22/05/2024 / 09:04:35";"WDOM24";"C";"2";"5.176,00";"executada";"saída";"2";"5.146,00";"-6,00";"-0,12";"-120,00"
"13621753104";"22/05/2024 / 09:00:56";"WINM24";"C";"6";"127.810,00";"executada";"saída";"6";"127.810,00";"190,00";"0,15";"228,00"
"13621753102";"22/05/2024 / 08:59:26";"WINM24";"V";"3";"127.000,00";"executada";"entrada";"3";"128.000,00";"-";"-";"-"
"13621753285";"22/05/2024 / 08:59:22";"WDOM24";"V";"1";"5.050,00";"executada";"entrada";"1";"5.140,00";"-";"-";"-"
"13621753283";"22/05/2024 / 08:59:14";"WDOM24";"V";"1";"5.050,00";"executada";"entrada";"1";"5.140,00";"-";"-";"-"
"13621753100";"22/05/2024 / 08:59:00";"WINM24";"V";"3";"127.000,00";"executada";"entrada";"3";"128.000,00";"-";"-";"-"
"13621753098";"21/05/2024 / 09:31:43";"WINM24";"V";"3";"127.855,00";"executada";"saída";"3";"128.310,00";"-290,00";"-0,23";"-174,00"
"13621753281";"21/05/2024 / 09:00:36";"WDOM24";"C";"1";"5.094,00";"executada";"saída";"1";"5.094,00";"7,00";"0,14";"70,00"
"13621753279";"21/05/2024 / 08:58:26";"WDOM24";"V";"1";"5.050,00";"executada";"entrada";"1";"5.101,00";"-";"-";"-"
"13621753096";"21/05/2024 / 08:58:15";"WINM24";"C";"3";"129.500,00";"executada";"entrada";"3";"128.600,00";"-";"-";"-"
"13621753276";"20/05/2024 / 09:01:03";"WDOM24";"C";"2";"5.144,00";"executada";"saída";"2";"5.114,00";"-6,00";"-0,12";"-120,00"
"13621753095";"20/05/2024 / 09:00:50";"WINM24";"V";"6";"128.550,00";"executada";"saída";"6";"129.195,00";"-155,00";"-0,12";"-186,00"
"13621753274";"20/05/2024 / 09:00:43";"WDOM24";"V";"1";"5.050,00";"executada";"entrada";"1";"5.108,00";"-";"-";"-"
"13621753092";"20/05/2024 / 09:00:42";"WINM24";"C";"3";"130.000,00";"executada";"entrada";"3";"129.350,00";"-";"-";"-"
"13621753273";"20/05/2024 / 09:00:30";"WDOM24";"V";"1";"5.050,00";"executada";"entrada";"1";"5.108,00";"-";"-";"-"
"13621753091";"20/05/2024 / 09:00:11";"WINM24";"C";"3";"130.000,00";"executada";"entrada";"3";"129.350,00";"-";"-";"-"
"13621753089";"17/05/2024 / 09:02:12";"WINM24";"V";"3";"128.580,00";"executada";"saída";"3";"129.085,00";"-265,00";"-0,20";"-159,00"
"13621753271";"17/05/2024 / 09:00:54";"WDOM24";"C";"1";"5.134,50";"executada";"saída";"1";"5.134,50";"7,50";"0,15";"75,00"
"13621753269";"17/05/2024 / 08:58:38";"WDOM24";"V";"1";"5.080,00";"executada";"entrada";"1";"5.142,00";"-";"-";"-"
"13621753086";"17/05/2024 / 08:58:36";"WINM24";"C";"3";"130.000,00";"executada";"entrada";"3";"129.350,00";"-";"-";"-"
"13621753267";"16/05/2024 / 09:00:55";"WDOM24";"C";"1";"5.136,50";"executada";"saída";"1";"5.136,50";"9,50";"0,18";"95,00"
"13621753085";"16/05/2024 / 09:00:46";"WINM24";"V";"3";"129.630,00";"executada";"saída";"3";"129.630,00";"460,00";"0,36";"276,00"
"13621753266";"16/05/2024 / 08:59:49";"WDOM24";"V";"1";"5.100,00";"executada";"entrada";"1";"5.146,00";"-";"-";"-"
"13621753083";"16/05/2024 / 08:59:46";"WINM24";"C";"3";"130.000,00";"executada";"entrada";"3";"129.170,00";"-";"-";"-"
"13621753264";"14/05/2024 / 09:00:59";"WDOM24";"C";"3";"5.148,50";"executada";"saída";"3";"5.148,50";"7,50";"0,15";"225,00"
"13621753080";"14/05/2024 / 09:00:54";"WINM24";"V";"9";"128.925,00";"executada";"saída";"9";"128.925,00";"210,00";"0,16";"378,00"
"13621753262";"14/05/2024 / 08:59:51";"WDOM24";"V";"1";"5.100,00";"executada";"entrada";"1";"5.156,00";"-";"-";"-"
"13621753078";"14/05/2024 / 08:59:49";"WINM24";"C";"3";"130.000,00";"executada";"entrada";"3";"128.715,00";"-";"-";"-"
"13621753260";"14/05/2024 / 08:59:44";"WDOM24";"V";"1";"5.100,00";"executada";"entrada";"1";"5.156,00";"-";"-";"-"
"13621753076";"14/05/2024 / 08:59:42";"WINM24";"C";"3";"130.000,00";"executada";"entrada";"3";"128.715,00";"-";"-";"-"
"13621753258";"14/05/2024 / 08:59:37";"WDOM24";"V";"1";"5.100,00";"executada";"entrada";"1";"5.156,00";"-";"-";"-"
"13621753074";"14/05/2024 / 08:59:29";"WINM24";"C";"3";"130.000,00";"executada";"entrada";"3";"128.715,00";"-";"-";"-"
"13621753072";"13/05/2024 / 09:10:52";"WINM24";"V";"9";"128.490,00";"executada";"saída";"9";"128.985,00";"-285,00";"-0,22";"-513,00"
"13621753255";"13/05/2024 / 09:01:00";"WDOM24";"C";"3";"5.147,00";"executada";"saída";"3";"5.147,00";"8,00";"0,16";"240,00"
"13621753254";"13/05/2024 / 08:59:14";"WDOM24";"V";"1";"5.100,00";"executada";"entrada";"1";"5.155,00";"-";"-";"-"
"13621753070";"13/05/2024 / 08:59:12";"WINM24";"C";"3";"130.000,00";"executada";"entrada";"3";"129.270,00";"-";"-";"-"
"13621753251";"13/05/2024 / 08:59:06";"WDOM24";"V";"1";"5.100,00";"executada";"entrada";"1";"5.155,00";"-";"-";"-"
"13621753068";"13/05/2024 / 08:59:03";"WINM24";"C";"3";"130.000,00";"executada";"entrada";"3";"129.270,00";"-";"-";"-"
"13621753250";"13/05/2024 / 08:58:58";"WDOM24";"V";"1";"5.100,00";"executada";"entrada";"1";"5.155,00";"-";"-";"-"
"13621753066";"13/05/2024 / 08:58:46";"WINM24";"C";"3";"130.000,00";"executada";"entrada";"3";"129.270,00";"-";"-";"-"
"13621753248";"10/05/2024 / 09:00:51";"WDOM24";"C";"3";"5.135,50";"executada";"saída";"3";"5.135,50";"13,00";"0,25";"390,00"
"13621753064";"10/05/2024 / 09:00:34";"WINM24";"V";"9";"129.980,00";"executada";"saída";"9";"129.980,00";"380,00";"0,29";"684,00"
"13621753246";"10/05/2024 / 08:59:26";"WDOM24";"V";"1";"5.080,00";"executada";"entrada";"1";"5.148,50";"-";"-";"-"
"13621753062";"10/05/2024 / 08:59:24";"WINM24";"C";"3";"130.300,00";"executada";"entrada";"3";"129.600,00";"-";"-";"-"
"13621753244";"10/05/2024 / 08:59:20";"WDOM24";"V";"1";"5.080,00";"executada";"entrada";"1";"5.148,50";"-";"-";"-"
"13621753061";"10/05/2024 / 08:59:18";"WINM24";"C";"3";"130.300,00";"executada";"entrada";"3";"129.600,00";"-";"-";"-"
"13621753242";"10/05/2024 / 08:59:13";"WDOM24";"V";"1";"5.080,00";"executada";"entrada";"1";"5.148,50";"-";"-";"-"
"13621753058";"10/05/2024 / 08:59:04";"WINM24";"C";"3";"130.300,00";"executada";"entrada";"3";"129.600,00";"-";"-";"-"
"13621753240";"09/05/2024 / 09:03:56";"WDOM24";"C";"3";"5.187,50";"executada";"saída";"3";"5.158,00";"-5,50";"-0,11";"-165,00"
"13621753056";"09/05/2024 / 09:01:17";"WINM24";"V";"9";"128.855,00";"executada";"saída";"9";"129.340,00";"-260,00";"-0,20";"-468,00"
"13621753238";"09/05/2024 / 08:59:42";"WDOM24";"V";"1";"5.020,00";"executada";"entrada";"1";"5.152,50";"-";"-";"-"
"13621753054";"09/05/2024 / 08:59:39";"WINM24";"C";"3";"131.000,00";"executada";"entrada";"3";"129.600,00";"-";"-";"-"
"13621753236";"09/05/2024 / 08:59:24";"WDOM24";"V";"1";"5.020,00";"executada";"entrada";"1";"5.152,50";"-";"-";"-"
"13621753052";"09/05/2024 / 08:59:17";"WINM24";"C";"3";"131.000,00";"executada";"entrada";"3";"129.600,00";"-";"-";"-"
"13621753234";"09/05/2024 / 08:59:13";"WDOM24";"V";"1";"5.020,00";"executada";"entrada";"1";"5.152,50";"-";"-";"-"
"13621753050";"09/05/2024 / 08:59:09";"WINM24";"C";"3";"131.000,00";"executada";"entrada";"3";"129.600,00";"-";"-";"-"
"13621753048";"08/05/2024 / 09:06:52";"WINM24";"V";"9";"129.205,00";"executada";"saída";"9";"129.715,00";"-185,00";"-0,14";"-333,00"
"13621753232";"08/05/2024 / 09:01:11";"WDOM24";"C";"3";"5.122,50";"executada";"saída";"3";"5.093,00";"-6,50";"-0,13";"-195,00"
"13621753230";"08/05/2024 / 08:59:45";"WDOM24";"V";"1";"5.000,00";"executada";"entrada";"1";"5.086,50";"-";"-";"-"
"13621753047";"08/05/2024 / 08:59:43";"WINM24";"C";"3";"131.000,00";"executada";"entrada";"3";"129.900,00";"-";"-";"-"
"13621753228";"08/05/2024 / 08:59:40";"WDOM24";"V";"1";"5.000,00";"executada";"entrada";"1";"5.086,50";"-";"-";"-"
"13621753045";"08/05/2024 / 08:59:38";"WINM24";"C";"3";"131.000,00";"executada";"entrada";"3";"129.900,00";"-";"-";"-"
"13621753225";"08/05/2024 / 08:59:34";"WDOM24";"V";"1";"5.000,00";"executada";"entrada";"1";"5.086,50";"-";"-";"-"
"13621753044";"08/05/2024 / 08:59:16";"WINM24";"C";"3";"131.000,00";"executada";"entrada";"3";"129.900,00";"-";"-";"-"
"13621753042";"07/05/2024 / 09:00:46";"WINM24";"V";"6";"129.920,00";"executada";"saída";"6";"129.920,00";"250,00";"0,19";"300,00"
"13621753224";"07/05/2024 / 09:00:32";"WDOM24";"C";"2";"5.083,00";"executada";"saída";"2";"5.083,00";"6,50";"0,13";"130,00"
"13621753221";"07/05/2024 / 08:59:42";"WDOM24";"V";"1";"5.000,00";"executada";"entrada";"1";"5.089,50";"-";"-";"-"
"13621753219";"07/05/2024 / 08:59:33";"WDOM24";"V";"1";"5.000,00";"executada";"entrada";"1";"5.089,50";"-";"-";"-"
"13621753039";"07/05/2024 / 08:59:21";"WINM24";"C";"3";"130.500,00";"executada";"entrada";"3";"129.670,00";"-";"-";"-"
"13621753037";"07/05/2024 / 08:59:09";"WINM24";"C";"3";"130.500,00";"executada";"entrada";"3";"129.670,00";"-";"-";"-"
"13621753218";"06/05/2024 / 09:06:19";"WDOM24";"C";"1";"5.117,50";"executada";"saída";"1";"5.087,50";"-12,50";"-0,25";"-125,00"
"13621753035";"06/05/2024 / 09:01:55";"WINM24";"V";"3";"129.475,00";"executada";"saída";"3";"129.975,00";"-440,00";"-0,34";"-264,00"
"13621753215";"06/05/2024 / 08:59:24";"WDOM24";"V";"1";"4.960,00";"executada";"entrada";"1";"5.075,00";"-";"-";"-"
"13621753034";"06/05/2024 / 08:59:17";"WINM24";"C";"3";"131.000,00";"executada";"entrada";"3";"130.415,00";"-";"-";"-"
"13621753214";"02/05/2024 / 09:03:15";"WDOM24";"C";"2";"5.165,00";"executada";"saída";"2";"5.165,00";"8,00";"0,15";"160,00"
"13621753031";"02/05/2024 / 09:02:10";"WINM24";"C";"6";"128.820,00";"executada";"saída";"6";"128.320,00";"-145,00";"-0,11";"-174,00"
"13621753211";"02/05/2024 / 08:59:27";"WDOM24";"V";"1";"5.150,00";"executada";"entrada";"1";"5.173,00";"-";"-";"-"
"13621753030";"02/05/2024 / 08:59:26";"WINM24";"V";"3";"127.000,00";"executada";"entrada";"3";"128.175,00";"-";"-";"-"
"13621753210";"02/05/2024 / 08:58:38";"WDOM24";"V";"1";"5.150,00";"executada";"entrada";"1";"5.173,00";"-";"-";"-"
"13621753027";"02/05/2024 / 08:58:34";"WINM24";"V";"3";"127.000,00";"executada";"entrada";"3";"128.175,00";"-";"-";"-"
"13621753025";"30/04/2024 / 09:06:20";"WINM24";"C";"6";"128.975,00";"executada";"saída";"6";"128.480,00";"-160,00";"-0,12";"-192,00"
"13621753207";"30/04/2024 / 09:02:00";"WDOM24";"C";"2";"5.168,00";"executada";"saída";"2";"5.138,50";"-7,00";"-0,14";"-140,00"
"13621753206";"30/04/2024 / 08:59:19";"WDOM24";"V";"1";"5.080,00";"executada";"entrada";"1";"5.131,50";"-";"-";"-"
"13621753023";"30/04/2024 / 08:59:17";"WINM24";"V";"3";"127.700,00";"executada";"entrada";"3";"128.320,00";"-";"-";"-"
"13621753203";"30/04/2024 / 08:59:10";"WDOM24";"V";"1";"5.080,00";"executada";"entrada";"1";"5.131,50";"-";"-";"-"
"13621753022";"30/04/2024 / 08:58:59";"WINM24";"V";"3";"127.700,00";"executada";"entrada";"3";"128.320,00";"-";"-";"-"
"13621753201";"29/04/2024 / 09:00:46";"WDOK24";"V";"2";"5.118,00";"executada";"saída";"2";"5.118,00";"8,00";"0,16";"160,00"
"13621753019";"29/04/2024 / 09:00:31";"WINM24";"C";"6";"127.730,00";"executada";"saída";"6";"127.730,00";"260,00";"0,20";"312,00"
"13621753200";"29/04/2024 / 08:58:57";"WDOK24";"C";"1";"5.170,00";"executada";"entrada";"1";"5.110,00";"-";"-";"-"
"13621753018";"29/04/2024 / 08:58:55";"WINM24";"V";"3";"127.000,00";"executada";"entrada";"3";"127.990,00";"-";"-";"-"
"13621753197";"29/04/2024 / 08:58:42";"WDOK24";"C";"1";"5.170,00";"executada";"entrada";"1";"5.110,00";"-";"-";"-"
"13621753016";"29/04/2024 / 08:58:36";"WINM24";"V";"3";"127.000,00";"executada";"entrada";"3";"127.990,00";"-";"-";"-"
"13621753013";"26/04/2024 / 09:01:19";"WINM24";"C";"3";"127.665,00";"executada";"saída";"3";"126.975,00";"-225,00";"-0,18";"-135,00"
"13621753195";"26/04/2024 / 09:00:52";"WDOK24";"V";"1";"5.127,00";"executada";"saída";"1";"5.156,50";"-13,00";"-0,25";"-130,00"
"13621753193";"26/04/2024 / 08:58:20";"WDOK24";"C";"1";"5.200,00";"executada";"entrada";"1";"5.169,50";"-";"-";"-"
"13621753011";"26/04/2024 / 08:58:11";"WINM24";"V";"3";"125.000,00";"executada";"entrada";"3";"126.750,00";"-";"-";"-"
"13621753010";"25/04/2024 / 09:02:22";"WINM24";"C";"3";"126.630,00";"executada";"saída";"3";"126.145,00";"-230,00";"-0,18";"-138,00"
"13621753007";"25/04/2024 / 08:58:02";"WINM24";"V";"3";"125.500,00";"executada";"entrada";"3";"125.915,00";"-";"-";"-"
"13621753005";"24/04/2024 / 09:59:47";"WINM24";"C";"3";"127.250,00";"executada";"saída";"3";"126.755,00";"285,00";"0,22";"171,00"
"13621753191";"24/04/2024 / 09:03:49";"WDOK24";"V";"1";"5.097,00";"executada";"saída";"1";"5.127,00";"-8,50";"-0,17";"-85,00"
"13621753190";"24/04/2024 / 08:58:20";"WDOK24";"C";"1";"5.160,00";"executada";"entrada";"1";"5.135,50";"-";"-";"-"
"13621753004";"24/04/2024 / 08:58:06";"WINM24";"V";"3";"126.000,00";"executada";"entrada";"3";"127.040,00";"-";"-";"-"
"13621753188";"23/04/2024 / 09:12:20";"WDOK24";"V";"2";"5.148,50";"executada";"saída";"2";"5.178,50";"2,00";"0,04";"40,00"
"13621753002";"23/04/2024 / 09:00:48";"WINM24";"C";"6";"126.775,00";"executada";"saída";"6";"126.775,00";"250,00";"0,20";"300,00"
"13621753186";"23/04/2024 / 08:59:04";"WDOK24";"C";"1";"5.230,00";"executada";"entrada";"1";"5.176,50";"-";"-";"-"
"13621753000";"23/04/2024 / 08:59:02";"WINM24";"V";"3";"126.000,00";"executada";"entrada";"3";"127.025,00";"-";"-";"-"
"13621753185";"23/04/2024 / 08:58:53";"WDOK24";"C";"1";"5.230,00";"executada";"entrada";"1";"5.176,50";"-";"-";"-"
"13621752998";"23/04/2024 / 08:58:44";"WINM24";"V";"3";"126.000,00";"executada";"entrada";"3";"127.025,00";"-";"-";"-"
"13621753182";"22/04/2024 / 09:01:37";"WDOK24";"V";"1";"5.173,50";"executada";"saída";"1";"5.203,50";"-8,50";"-0,16";"-85,00"
"13621752997";"22/04/2024 / 09:00:40";"WINM24";"C";"3";"127.045,00";"executada";"saída";"3";"127.045,00";"250,00";"0,20";"150,00"
"13621753180";"22/04/2024 / 08:59:21";"WDOK24";"C";"1";"5.270,00";"executada";"entrada";"1";"5.212,00";"-";"-";"-"
"13621752994";"22/04/2024 / 08:59:16";"WINM24";"V";"3";"126.000,00";"executada";"entrada";"3";"127.295,00";"-";"-";"-"
"13621753179";"19/04/2024 / 09:14:11";"WDOK24";"V";"1";"5.237,00";"executada";"saída";"1";"5.267,00";"-9,00";"-0,17";"-90,00"
"13621752993";"19/04/2024 / 09:00:57";"WINM24";"C";"3";"126.125,00";"executada";"saída";"3";"125.615,00";"-230,00";"-0,18";"-138,00"
"13621752991";"19/04/2024 / 08:57:12";"WINM24";"V";"3";"124.700,00";"executada";"entrada";"3";"125.385,00";"-";"-";"-"
"13621753177";"19/04/2024 / 08:56:53";"WDOK24";"C";"1";"5.290,00";"executada";"entrada";"1";"5.276,00";"-";"-";"-"
"13621753175";"18/04/2024 / 09:01:52";"WDOK24";"V";"1";"5.213,00";"executada";"saída";"1";"5.242,50";"6,00";"0,11";"60,00"
"13621752988";"18/04/2024 / 09:00:39";"WINM24";"V";"3";"125.615,00";"executada";"saída";"3";"126.188,33";"-181,67";"-0,14";"-109,00"
"13621753173";"18/04/2024 / 09:00:13";"WDOK24";"C";"1";"5.290,00";"executada";"entrada";"1";"5.236,50";"-";"-";"-"
"13621752986";"18/04/2024 / 08:59:46";"WINM24";"C";"3";"126.800,00";"executada";"entrada";"3";"126.370,00";"-";"-";"-"
"13621752985";"17/04/2024 / 09:02:35";"WINM24";"C";"3";"127.505,00";"executada";"saída";"3";"127.020,00";"-330,00";"-0,26";"-198,00"
"13621753170";"17/04/2024 / 09:01:42";"WDOK24";"V";"1";"5.245,00";"executada";"saída";"1";"5.274,00";"-14,00";"-0,26";"-140,00"
"13621753168";"17/04/2024 / 08:59:01";"WDOK24";"C";"1";"5.350,00";"executada";"entrada";"1";"5.288,00";"-";"-";"-"
"13621752982";"17/04/2024 / 08:58:50";"WINM24";"V";"3";"125.000,00";"executada";"entrada";"3";"126.690,00";"-";"-";"-"
"13621753167";"16/04/2024 / 09:00:41";"WDOK24";"V";"3";"5.216,50";"executada";"saída";"3";"5.216,50";"9,50";"0,18";"285,00"
"13621752980";"16/04/2024 / 09:00:40";"WINJ24";"C";"9";"124.895,00";"executada";"saída";"9";"124.895,00";"285,00";"0,23";"513,00"
"13621753165";"16/04/2024 / 08:59:19";"WDOK24";"C";"1";"5.250,00";"executada";"entrada";"1";"5.207,00";"-";"-";"-"
"13621752979";"16/04/2024 / 08:59:18";"WINJ24";"V";"3";"124.500,00";"executada";"entrada";"3";"125.180,00";"-";"-";"-"
"13621753163";"16/04/2024 / 08:59:14";"WDOK24";"C";"1";"5.250,00";"executada";"entrada";"1";"5.207,00";"-";"-";"-"
"13621752977";"16/04/2024 / 08:59:12";"WINJ24";"V";"3";"124.500,00";"executada";"entrada";"3";"125.180,00";"-";"-";"-"
"13621753162";"16/04/2024 / 08:59:03";"WDOK24";"C";"1";"5.250,00";"executada";"entrada";"1";"5.207,00";"-";"-";"-"
"13621752975";"16/04/2024 / 08:59:02";"WINJ24";"V";"3";"124.500,00";"executada";"entrada";"3";"125.180,00";"-";"-";"-"
"13621752973";"15/04/2024 / 09:01:01";"WINJ24";"C";"9";"126.320,00";"executada";"saída";"9";"126.320,00";"245,00";"0,19";"441,00"
"13621753160";"15/04/2024 / 09:00:44";"WDOK24";"V";"3";"5.124,00";"executada";"saída";"3";"5.124,00";"7,00";"0,14";"210,00"
"13621753158";"15/04/2024 / 08:59:47";"WDOK24";"C";"1";"5.180,00";"executada";"entrada";"1";"5.117,00";"-";"-";"-"
"13621752972";"15/04/2024 / 08:59:45";"WINJ24";"V";"3";"125.000,00";"executada";"entrada";"3";"126.565,00";"-";"-";"-"
"13621753156";"15/04/2024 / 08:59:39";"WDOK24";"C";"1";"5.180,00";"executada";"entrada";"1";"5.117,00";"-";"-";"-"
"13621752969";"15/04/2024 / 08:59:36";"WINJ24";"V";"3";"125.000,00";"executada";"entrada";"3";"126.565,00";"-";"-";"-"
"13621753153";"15/04/2024 / 08:59:29";"WDOK24";"C";"1";"5.180,00";"executada";"entrada";"1";"5.117,00";"-";"-";"-"
"13621752967";"15/04/2024 / 08:59:19";"WINJ24";"V";"3";"125.000,00";"executada";"entrada";"3";"126.565,00";"-";"-";"-"
"13621752965";"12/04/2024 / 09:40:39";"WINJ24";"V";"9";"126.960,00";"executada";"saída";"9";"127.440,00";"-310,00";"-0,24";"-558,00"
"13621753151";"12/04/2024 / 09:03:25";"WDOK24";"V";"3";"5.130,00";"executada";"saída";"3";"5.130,00";"7,50";"0,15";"225,00"
"13621753149";"12/04/2024 / 09:00:46";"WDOK24";"C";"1";"5.160,00";"executada";"entrada";"1";"5.122,50";"-";"-";"-"
"13621753148";"12/04/2024 / 09:00:40";"WDOK24";"C";"1";"5.160,00";"executada";"entrada";"1";"5.122,50";"-";"-";"-"
"13621753145";"12/04/2024 / 09:00:32";"WDOK24";"C";"1";"5.160,00";"executada";"entrada";"1";"5.122,50";"-";"-";"-"
"13621752962";"12/04/2024 / 09:00:21";"WINJ24";"C";"3";"128.500,00";"executada";"entrada";"3";"127.750,00";"-";"-";"-"
"13621752960";"12/04/2024 / 09:00:06";"WINJ24";"C";"3";"128.500,00";"executada";"entrada";"3";"127.750,00";"-";"-";"-"
"13621752958";"12/04/2024 / 08:59:57";"WINJ24";"C";"3";"128.500,00";"executada";"entrada";"3";"127.750,00";"-";"-";"-"
"13621752956";"11/04/2024 / 09:22:17";"WINJ24";"V";"6";"127.000,00";"executada";"saída";"6";"127.510,00";"-440,00";"-0,34";"-528,00"
"13621753143";"11/04/2024 / 09:00:55";"WDOK24";"V";"2";"5.092,50";"executada";"saída";"2";"5.092,50";"9,50";"0,19";"190,00"
"13621753141";"11/04/2024 / 09:00:18";"WDOK24";"C";"1";"5.150,00";"executada";"entrada";"1";"5.083,00";"-";"-";"-"
"13621752954";"11/04/2024 / 09:00:16";"WINJ24";"C";"3";"129.000,00";"executada";"entrada";"3";"127.950,00";"-";"-";"-"
"13621753139";"11/04/2024 / 09:00:02";"WDOK24";"C";"1";"5.150,00";"executada";"entrada";"1";"5.083,00";"-";"-";"-"
"13621752952";"11/04/2024 / 08:59:47";"WINJ24";"C";"3";"129.000,00";"executada";"entrada";"3";"127.950,00";"-";"-";"-"
"13621753138";"10/04/2024 / 09:00:55";"WDOK24";"V";"3";"4.979,00";"executada";"saída";"3";"5.009,00";"-5,00";"-0,10";"-150,00"
"13621752951";"10/04/2024 / 09:00:39";"WINJ24";"V";"9";"130.865,00";"executada";"saída";"9";"130.865,00";"265,00";"0,20";"477,00"
"13621752949";"10/04/2024 / 08:59:29";"WINJ24";"C";"3";"131.000,00";"executada";"entrada";"3";"130.600,00";"-";"-";"-"
"13621753136";"10/04/2024 / 08:59:24";"WDOK24";"C";"1";"5.100,00";"executada";"entrada";"1";"5.014,00";"-";"-";"-"
"13621753134";"10/04/2024 / 08:59:17";"WDOK24";"C";"1";"5.100,00";"executada";"entrada";"1";"5.014,00";"-";"-";"-"
"13621752947";"10/04/2024 / 08:59:09";"WINJ24";"C";"3";"131.000,00";"executada";"entrada";"3";"130.600,00";"-";"-";"-"
"13621752946";"10/04/2024 / 08:59:02";"WINJ24";"C";"3";"131.000,00";"executada";"entrada";"3";"130.600,00";"-";"-";"-"
"13621753132";"10/04/2024 / 08:58:51";"WDOK24";"C";"1";"5.100,00";"executada";"entrada";"1";"5.014,00";"-";"-";"-"
"13621752943";"09/04/2024 / 09:04:54";"WINJ24";"C";"9";"130.120,00";"executada";"saída";"9";"129.625,00";"-275,00";"-0,21";"-495,00"
"13621753131";"09/04/2024 / 09:03:02";"WDOK24";"V";"3";"4.999,50";"executada";"saída";"3";"5.029,50";"-6,00";"-0,12";"-180,00"
"13621753129";"09/04/2024 / 08:59:47";"WDOK24";"C";"1";"5.100,00";"executada";"entrada";"1";"5.035,50";"-";"-";"-"
"13621753126";"09/04/2024 / 08:59:40";"WDOK24";"C";"1";"5.100,00";"executada";"entrada";"1";"5.035,50";"-";"-";"-"
"13621752941";"09/04/2024 / 08:59:35";"WINJ24";"V";"3";"128.000,00";"executada";"entrada";"3";"129.350,00";"-";"-";"-"
"13621753124";"09/04/2024 / 08:59:32";"WDOK24";"C";"1";"5.100,00";"executada";"entrada";"1";"5.035,50";"-";"-";"-"
"13621752939";"09/04/2024 / 08:59:25";"WINJ24";"V";"3";"128.000,00";"executada";"entrada";"3";"129.350,00";"-";"-";"-"
"13621752938";"09/04/2024 / 08:59:13";"WINJ24";"V";"3";"128.000,00";"executada";"entrada";"3";"129.350,00";"-";"-";"-"
"13621753122";"08/04/2024 / 09:09:55";"WDOK24";"V";"4";"5.045,00";"executada";"saída";"4";"5.075,00";"-7,00";"-0,14";"-280,00"
"13621752936";"08/04/2024 / 09:00:36";"WINJ24";"C";"9";"127.040,00";"executada";"saída";"9";"127.040,00";"310,00";"0,24";"558,00"
"13621753121";"08/04/2024 / 08:59:42";"WDOK24";"C";"1";"5.120,00";"executada";"entrada";"1";"5.082,00";"-";"-";"-"
"13621753119";"08/04/2024 / 08:59:36";"WDOK24";"C";"1";"5.120,00";"executada";"entrada";"1";"5.082,00";"-";"-";"-"
"13621752934";"08/04/2024 / 08:59:31";"WINJ24";"V";"3";"126.800,00";"executada";"entrada";"3";"127.350,00";"-";"-";"-"
"13621753116";"08/04/2024 / 08:59:25";"WDOK24";"C";"1";"5.120,00";"executada";"entrada";"1";"5.082,00";"-";"-";"-"
"13621752931";"08/04/2024 / 08:59:19";"WINJ24";"V";"3";"126.800,00";"executada";"entrada";"3";"127.350,00";"-";"-";"-"
"13621753115";"08/04/2024 / 08:59:11";"WDOK24";"C";"1";"5.120,00";"executada";"entrada";"1";"5.082,00";"-";"-";"-"
"13621752929";"08/04/2024 / 08:59:03";"WINJ24";"V";"3";"126.800,00";"executada";"entrada";"3";"127.350,00";"-";"-";"-"
"13621752927";"05/04/2024 / 09:24:01";"WINJ24";"C";"6";"128.770,00";"executada";"saída";"6";"128.225,00";"-340,00";"-0,27";"-408,00"
"13621753112";"05/04/2024 / 09:01:21";"WDOK24";"V";"2";"5.028,00";"executada";"saída";"2";"5.056,50";"-8,50";"-0,17";"-170,00"
"13621753111";"05/04/2024 / 08:59:35";"WDOK24";"C";"1";"5.120,00";"executada";"entrada";"1";"5.065,00";"-";"-";"-"
"13621752925";"05/04/2024 / 08:59:31";"WINJ24";"V";"3";"127.000,00";"executada";"entrada";"3";"127.885,00";"-";"-";"-"
"13621753108";"05/04/2024 / 08:59:23";"WDOK24";"C";"1";"5.120,00";"executada";"entrada";"1";"5.065,00";"-";"-";"-"
"13621752924";"05/04/2024 / 08:59:13";"WINJ24";"V";"3";"127.000,00";"executada";"entrada";"3";"127.885,00";"-";"-";"-"
"13621752921";"04/04/2024 / 10:00:17";"WINJ24";"C";"6";"128.665,00";"executada";"saída";"6";"128.175,00";"-235,00";"-0,18";"-282,00"
"13621753106";"04/04/2024 / 09:00:56";"WDOK24";"V";"2";"5.062,00";"executada";"saída";"2";"5.062,00";"7,00";"0,14";"140,00"
"13621753105";"04/04/2024 / 08:59:21";"WDOK24";"C";"1";"5.100,00";"executada";"entrada";"1";"5.055,00";"-";"-";"-"
"13621752919";"04/04/2024 / 08:59:18";"WINJ24";"V";"3";"127.000,00";"executada";"entrada";"3";"127.940,00";"-";"-";"-"
"13621753103";"04/04/2024 / 08:59:10";"WDOK24";"C";"1";"5.100,00";"executada";"entrada";"1";"5.055,00";"-";"-";"-"
"13621752917";"04/04/2024 / 08:59:05";"WINJ24";"V";"3";"127.000,00";"executada";"entrada";"3";"127.940,00";"-";"-";"-"
"13621752915";"03/04/2024 / 09:14:22";"WINJ24";"C";"6";"128.265,00";"executada";"saída";"6";"127.760,00";"-175,00";"-0,14";"-210,00"
"13621753101";"03/04/2024 / 09:00:32";"WDOK24";"V";"2";"5.091,00";"executada";"saída";"2";"5.091,00";"6,50";"0,13";"130,00"
"13621753099";"03/04/2024 / 08:59:39";"WDOK24";"C";"1";"5.120,00";"executada";"entrada";"1";"5.084,50";"-";"-";"-"
"13621752914";"03/04/2024 / 08:59:34";"WINJ24";"V";"3";"127.000,00";"executada";"entrada";"3";"127.585,00";"-";"-";"-"
"13621753097";"03/04/2024 / 08:59:31";"WDOK24";"C";"1";"5.120,00";"executada";"entrada";"1";"5.084,50";"-";"-";"-"
"13621752911";"03/04/2024 / 08:59:10";"WINJ24";"V";"3";"127.000,00";"executada";"entrada";"3";"127.585,00";"-";"-";"-"
"13621753094";"02/04/2024 / 09:03:07";"WDOK24";"V";"2";"5.050,50";"executada";"saída";"2";"5.050,50";"5,50";"0,11";"110,00"
"13621752910";"02/04/2024 / 09:02:04";"WINJ24";"C";"6";"128.340,00";"executada";"saída";"6";"127.850,00";"-200,00";"-0,16";"-240,00"
"13621753093";"02/04/2024 / 08:59:24";"WDOK24";"C";"1";"5.100,00";"executada";"entrada";"1";"5.045,00";"-";"-";"-"
"13621752907";"02/04/2024 / 08:59:21";"WINJ24";"V";"3";"127.000,00";"executada";"entrada";"3";"127.650,00";"-";"-";"-"
"13621753090";"02/04/2024 / 08:59:13";"WDOK24";"C";"1";"5.100,00";"executada";"entrada";"1";"5.045,00";"-";"-";"-"
"13621752905";"02/04/2024 / 08:59:07";"WINJ24";"V";"3";"127.000,00";"executada";"entrada";"3";"127.650,00";"-";"-";"-"
"13621752904";"01/04/2024 / 09:03:48";"WINJ24";"C";"6";"129.560,00";"executada";"saída";"6";"129.070,00";"-180,00";"-0,14";"-216,00"
"13621753088";"01/04/2024 / 09:00:47";"WDOK24";"V";"2";"5.029,50";"executada";"saída";"2";"5.029,50";"5,00";"0,10";"100,00"
"13621753087";"01/04/2024 / 08:59:26";"WDOK24";"C";"1";"5.060,00";"executada";"entrada";"1";"5.024,50";"-";"-";"-"
"13621752902";"01/04/2024 / 08:59:24";"WINJ24";"V";"3";"128.000,00";"executada";"entrada";"3";"128.890,00";"-";"-";"-"
"13621753084";"01/04/2024 / 08:59:13";"WDOK24";"C";"1";"5.060,00";"executada";"entrada";"1";"5.024,50";"-";"-";"-"
"13621752900";"01/04/2024 / 08:59:10";"WINJ24";"V";"3";"128.000,00";"executada";"entrada";"3";"128.890,00";"-";"-";"-"
"13621752898";"28/03/2024 / 10:02:49";"WINJ24";"C";"6";"128.605,00";"executada";"saída";"6";"128.095,00";"-150,00";"-0,12";"-180,00"
"13621753082";"28/03/2024 / 09:46:40";"WDOK24";"C";"2";"5.044,00";"executada";"saída";"2";"5.014,00";"-4,00";"-0,08";"-80,00"
"13621753081";"28/03/2024 / 08:59:30";"WDOK24";"V";"1";"4.940,00";"executada";"entrada";"1";"5.010,00";"-";"-";"-"
"13621752897";"28/03/2024 / 08:59:25";"WINJ24";"V";"3";"127.000,00";"executada";"entrada";"3";"127.945,00";"-";"-";"-"
"13621753079";"28/03/2024 / 08:59:14";"WDOK24";"V";"1";"4.940,00";"executada";"entrada";"1";"5.010,00";"-";"-";"-"
"13621752894";"28/03/2024 / 08:59:08";"WINJ24";"V";"3";"127.000,00";"executada";"entrada";"3";"127.945,00";"-";"-";"-"
"13621753077";"27/03/2024 / 09:01:11";"WDOJ24";"C";"2";"5.006,50";"executada";"saída";"2";"4.978,50";"-6,50";"-0,13";"-130,00"
"13621752892";"27/03/2024 / 09:00:59";"WINJ24";"C";"6";"128.155,00";"executada";"saída";"6";"127.627,50";"172,50";"0,14";"207,00"
"13621752890";"27/03/2024 / 08:58:55";"WINJ24";"V";"3";"127.200,00";"executada";"entrada";"3";"127.800,00";"-";"-";"-"
"13621753075";"27/03/2024 / 08:58:43";"WDOJ24";"V";"1";"4.920,00";"executada";"entrada";"1";"4.972,00";"-";"-";"-"
"13621753073";"27/03/2024 / 08:58:00";"WDOJ24";"V";"1";"4.930,00";"executada";"entrada";"1";"4.972,00";"-";"-";"-"
"13621752889";"27/03/2024 / 08:57:48";"WINJ24";"V";"3";"127.200,00";"executada";"entrada";"3";"127.800,00";"-";"-";"-"
"13621752887";"26/03/2024 / 09:00:56";"WINJ24";"C";"6";"127.500,00";"executada";"saída";"6";"127.500,00";"150,00";"0,12";"180,00"
"13621753071";"26/03/2024 / 09:00:54";"WDOJ24";"C";"2";"4.963,50";"executada";"saída";"2";"4.963,50";"6,00";"0,12";"120,00"
"13621753069";"26/03/2024 / 08:59:28";"WDOJ24";"V";"1";"4.950,00";"executada";"entrada";"1";"4.969,50";"-";"-";"-"
"13621752885";"26/03/2024 / 08:59:24";"WINJ24";"V";"3";"127.200,00";"executada";"entrada";"3";"127.650,00";"-";"-";"-"
"13621753067";"26/03/2024 / 08:59:18";"WDOJ24";"V";"1";"4.950,00";"executada";"entrada";"1";"4.969,50";"-";"-";"-"
"13621752883";"26/03/2024 / 08:59:05";"WINJ24";"V";"3";"127.200,00";"executada";"entrada";"3";"127.650,00";"-";"-";"-"
"13621752881";"25/03/2024 / 09:00:46";"WINJ24";"C";"6";"127.585,00";"executada";"saída";"6";"127.585,00";"165,00";"0,13";"198,00"
"13621753065";"25/03/2024 / 09:00:35";"WDOJ24";"C";"2";"4.987,50";"executada";"saída";"2";"4.987,50";"6,00";"0,12";"120,00"
"13621753063";"25/03/2024 / 08:59:50";"WDOJ24";"V";"1";"4.950,00";"executada";"entrada";"1";"4.993,50";"-";"-";"-"
"13621752879";"25/03/2024 / 08:59:46";"WINJ24";"V";"3";"127.300,00";"executada";"entrada";"3";"127.750,00";"-";"-";"-"
"13621753060";"25/03/2024 / 08:59:39";"WDOJ24";"V";"1";"4.950,00";"executada";"entrada";"1";"4.993,50";"-";"-";"-"
"13621752877";"25/03/2024 / 08:59:26";"WINJ24";"V";"3";"127.300,00";"executada";"entrada";"3";"127.750,00";"-";"-";"-"
"13621753059";"22/03/2024 / 09:00:59";"WDOJ24";"C";"2";"5.032,00";"executada";"saída";"2";"5.003,50";"-8,50";"-0,17";"-170,00"
"13621752876";"22/03/2024 / 09:00:57";"WINJ24";"C";"3";"129.120,00";"executada";"saída";"3";"128.620,00";"215,00";"0,17";"129,00"
"13621752874";"22/03/2024 / 09:00:51";"WINJ24";"C";"3";"128.645,00";"executada";"saída";"3";"128.645,00";"190,00";"0,15";"114,00"
"13621753057";"22/03/2024 / 08:59:50";"WDOJ24";"V";"1";"4.930,00";"executada";"entrada";"1";"4.995,00";"-";"-";"-"
"13621752871";"22/03/2024 / 08:59:45";"WINJ24";"V";"3";"128.300,00";"executada";"entrada";"3";"128.835,00";"-";"-";"-"
"13621753055";"22/03/2024 / 08:59:35";"WDOJ24";"V";"1";"4.930,00";"executada";"entrada";"1";"4.995,00";"-";"-";"-"
"13621752870";"22/03/2024 / 08:59:15";"WINJ24";"V";"3";"128.300,00";"executada";"entrada";"3";"128.835,00";"-";"-";"-"
"13621753053";"21/03/2024 / 09:08:16";"WDOJ24";"C";"2";"4.993,00";"executada";"saída";"2";"4.963,00";"-6,00";"-0,12";"-120,00"
"13621752868";"21/03/2024 / 09:00:50";"WINJ24";"C";"6";"130.120,00";"executada";"saída";"6";"130.120,00";"210,00";"0,16";"252,00"
"13621752866";"21/03/2024 / 09:00:19";"WINJ24";"V";"3";"129.800,00";"executada";"entrada";"3";"130.330,00";"-";"-";"-"
"13621752863";"21/03/2024 / 09:00:11";"WINJ24";"V";"3";"129.800,00";"executada";"entrada";"3";"130.330,00";"-";"-";"-"
"13621753051";"21/03/2024 / 08:59:44";"WDOJ24";"V";"1";"4.920,00";"executada";"entrada";"1";"4.957,00";"-";"-";"-"
"13621753049";"21/03/2024 / 08:59:36";"WDOJ24";"V";"1";"4.920,00";"executada";"entrada";"1";"4.957,00";"-";"-";"-"
"13621753046";"20/03/2024 / 09:09:19";"WDOJ24";"V";"2";"4.996,50";"executada";"saída";"2";"5.026,50";"-6,50";"-0,13";"-130,00"
"13621752861";"20/03/2024 / 09:00:53";"WINJ24";"C";"6";"128.275,00";"executada";"saída";"6";"128.275,00";"185,00";"0,14";"222,00"
"13621753043";"20/03/2024 / 08:59:26";"WDOJ24";"C";"1";"5.070,00";"executada";"entrada";"1";"5.033,00";"-";"-";"-"
"13621752860";"20/03/2024 / 08:59:21";"WINJ24";"V";"3";"127.700,00";"executada";"entrada";"3";"128.460,00";"-";"-";"-"
"13621753041";"20/03/2024 / 08:59:10";"WDOJ24";"C";"1";"5.070,00";"executada";"entrada";"1";"5.033,00";"-";"-";"-"
"13621752858";"20/03/2024 / 08:59:02";"WINJ24";"V";"3";"127.700,00";"executada";"entrada";"3";"128.460,00";"-";"-";"-"
"13621753040";"19/03/2024 / 09:00:40";"WDOJ24";"V";"2";"5.053,00";"executada";"saída";"2";"5.053,00";"6,00";"0,12";"120,00"
"13621752855";"19/03/2024 / 09:00:39";"WINJ24";"C";"6";"127.615,00";"executada";"saída";"6";"127.615,00";"230,00";"0,18";"276,00"
"13621753038";"19/03/2024 / 08:59:25";"WDOJ24";"C";"1";"5.070,00";"executada";"entrada";"1";"5.047,00";"-";"-";"-"
"13621752853";"19/03/2024 / 08:59:22";"WINJ24";"V";"3";"127.000,00";"executada";"entrada";"3";"127.845,00";"-";"-";"-"
"13621753036";"19/03/2024 / 08:59:08";"WDOJ24";"C";"1";"5.070,00";"executada";"entrada";"1";"5.047,00";"-";"-";"-"
"13621752852";"19/03/2024 / 08:59:04";"WINJ24";"V";"3";"127.000,00";"executada";"entrada";"3";"127.845,00";"-";"-";"-"
"13621753033";"15/03/2024 / 09:00:54";"WDOJ24";"C";"2";"4.987,50";"executada";"saída";"2";"4.987,50";"5,00";"0,10";"100,00"
"13621752850";"15/03/2024 / 09:00:39";"WINJ24";"C";"6";"128.720,00";"executada";"saída";"6";"128.720,00";"210,00";"0,16";"252,00"
"13621753032";"15/03/2024 / 09:00:26";"WDOJ24";"V";"1";"4.950,00";"executada";"entrada";"1";"4.992,50";"-";"-";"-"
"13621753029";"15/03/2024 / 09:00:16";"WDOJ24";"V";"1";"4.950,00";"executada";"entrada";"1";"4.992,50";"-";"-";"-"
"13621752847";"15/03/2024 / 08:59:33";"WINJ24";"V";"3";"128.000,00";"executada";"entrada";"3";"128.930,00";"-";"-";"-"
"13621752846";"15/03/2024 / 08:59:18";"WINJ24";"V";"3";"128.000,00";"executada";"entrada";"3";"128.930,00";"-";"-";"-"
"13621753028";"13/03/2024 / 09:00:47";"WDOJ24";"V";"2";"4.977,00";"executada";"saída";"2";"4.977,00";"7,00";"0,14";"140,00"
"13621752844";"13/03/2024 / 09:00:47";"WINJ24";"C";"6";"128.655,00";"executada";"saída";"6";"128.655,00";"285,00";"0,22";"342,00"
"13621753026";"13/03/2024 / 09:00:42";"WDOJ24";"C";"1";"5.000,00";"executada";"entrada";"1";"4.970,00";"-";"-";"-"
"13621753024";"13/03/2024 / 09:00:33";"WDOJ24";"C";"1";"5.000,00";"executada";"entrada";"1";"4.970,00";"-";"-";"-"
"13621752842";"13/03/2024 / 09:00:03";"WINJ24";"V";"3";"128.000,00";"executada";"entrada";"3";"128.940,00";"-";"-";"-"
"13621752840";"13/03/2024 / 08:59:10";"WINJ24";"V";"3";"128.000,00";"executada";"entrada";"3";"128.940,00";"-";"-";"-"
"13621752837";"12/03/2024 / 09:02:07";"WINJ24";"C";"6";"128.715,00";"executada";"saída";"6";"128.210,00";"-340,00";"-0,27";"-408,00"
"13621753021";"12/03/2024 / 09:00:52";"WDOJ24";"V";"2";"4.986,50";"executada";"saída";"2";"4.986,50";"6,50";"0,13";"130,00"
"13621753020";"12/03/2024 / 09:00:00";"WDOJ24";"C";"1";"5.020,00";"executada";"entrada";"1";"4.980,00";"-";"-";"-"
"13621752835";"12/03/2024 / 08:59:57";"WINJ24";"V";"3";"127.000,00";"executada";"entrada";"3";"127.870,00";"-";"-";"-"
"13621753017";"12/03/2024 / 08:59:49";"WDOJ24";"C";"1";"5.020,00";"executada";"entrada";"1";"4.980,00";"-";"-";"-"
"13621752834";"12/03/2024 / 08:59:46";"WINJ24";"V";"3";"127.000,00";"executada";"entrada";"3";"127.870,00";"-";"-";"-"
"13621752831";"11/03/2024 / 11:34:27";"WINJ24";"C";"6";"128.680,00";"executada";"saída";"6";"128.180,00";"-485,00";"-0,38";"-582,00"
"13621753015";"11/03/2024 / 09:10:30";"WDOJ24";"C";"2";"5.028,50";"executada";"saída";"2";"4.999,00";"-9,00";"-0,18";"-180,00"
"13621753014";"11/03/2024 / 08:59:32";"WDOJ24";"V";"1";"4.950,00";"executada";"entrada";"1";"4.990,00";"-";"-";"-"
"13621752829";"11/03/2024 / 08:59:30";"WINJ24";"V";"3";"127.000,00";"executada";"entrada";"3";"127.695,00";"-";"-";"-"
"13621753012";"11/03/2024 / 08:59:07";"WDOJ24";"V";"1";"4.950,00";"executada";"entrada";"1";"4.990,00";"-";"-";"-"
"13621752827";"11/03/2024 / 08:59:02";"WINJ24";"V";"3";"127.000,00";"executada";"entrada";"3";"127.695,00";"-";"-";"-"
"13621752825";"08/03/2024 / 09:06:07";"WINJ24";"C";"6";"127.305,00";"executada";"saída";"6";"127.305,00";"195,00";"0,15";"234,00"
"13621753009";"08/03/2024 / 09:01:10";"WDOJ24";"C";"2";"4.994,00";"executada";"saída";"2";"4.964,00";"-4,00";"-0,08";"-80,00"
"13621752824";"08/03/2024 / 08:59:20";"WINJ24";"V";"3";"127.300,00";"executada";"entrada";"3";"127.500,00";"-";"-";"-"
"13621753008";"08/03/2024 / 08:59:17";"WDOJ24";"V";"1";"4.900,00";"executada";"entrada";"1";"4.960,00";"-";"-";"-"
"13621752821";"08/03/2024 / 08:59:11";"WINJ24";"V";"3";"127.300,00";"executada";"entrada";"3";"127.500,00";"-";"-";"-"
"13621753006";"08/03/2024 / 08:59:03";"WDOJ24";"V";"1";"4.900,00";"executada";"entrada";"1";"4.960,00";"-";"-";"-"
"13621753003";"07/03/2024 / 09:40:32";"WDOJ24";"C";"2";"4.982,50";"executada";"saída";"2";"4.952,50";"-5,00";"-0,10";"-100,00"
"13621752819";"07/03/2024 / 09:00:52";"WINJ24";"C";"6";"130.315,00";"executada";"saída";"6";"130.315,00";"265,00";"0,20";"318,00"
"13621753001";"07/03/2024 / 08:59:53";"WDOJ24";"V";"1";"4.900,00";"executada";"entrada";"1";"4.947,50";"-";"-";"-"
"13621752817";"07/03/2024 / 08:59:51";"WINJ24";"V";"3";"129.500,00";"executada";"entrada";"3";"130.580,00";"-";"-";"-"
"13621752999";"07/03/2024 / 08:59:36";"WDOJ24";"V";"1";"4.900,00";"executada";"entrada";"1";"4.947,50";"-";"-";"-"
"13621752816";"07/03/2024 / 08:59:34";"WINJ24";"V";"3";"129.500,00";"executada";"entrada";"3";"130.580,00";"-";"-";"-"
"13621752813";"06/03/2024 / 09:02:03";"WINJ24";"C";"6";"130.905,00";"executada";"saída";"6";"130.410,00";"-235,00";"-0,18";"-282,00"
"13621752996";"06/03/2024 / 09:00:59";"WDOJ24";"C";"2";"4.950,00";"executada";"saída";"2";"4.950,00";"5,00";"0,10";"100,00"
"13621752995";"06/03/2024 / 08:59:39";"WDOJ24";"V";"1";"4.900,00";"executada";"entrada";"1";"4.955,00";"-";"-";"-"
"13621752811";"06/03/2024 / 08:59:37";"WINJ24";"V";"3";"129.300,00";"executada";"entrada";"3";"130.175,00";"-";"-";"-"
"13621752992";"06/03/2024 / 08:59:04";"WDOJ24";"V";"1";"4.900,00";"executada";"entrada";"1";"4.955,00";"-";"-";"-"
"13621752809";"06/03/2024 / 08:59:01";"WINJ24";"V";"3";"129.300,00";"executada";"entrada";"3";"130.175,00";"-";"-";"-"
"13621752807";"05/03/2024 / 09:01:10";"WINJ24";"C";"6";"130.420,00";"executada";"saída";"6";"129.940,00";"-240,00";"-0,19";"-288,00"
"13621752990";"05/03/2024 / 09:00:32";"WDOJ24";"C";"2";"4.960,50";"executada";"saída";"2";"4.960,50";"3,50";"0,07";"70,00"
"13621752989";"05/03/2024 / 08:59:27";"WDOJ24";"V";"1";"4.920,00";"executada";"entrada";"1";"4.964,00";"-";"-";"-"
"13621752804";"05/03/2024 / 08:59:25";"WINJ24";"V";"3";"129.300,00";"executada";"entrada";"3";"129.700,00";"-";"-";"-"
"13621752987";"05/03/2024 / 08:59:16";"WDOJ24";"V";"1";"4.920,00";"executada";"entrada";"1";"4.964,00";"-";"-";"-"
"13621752802";"05/03/2024 / 08:59:10";"WINJ24";"V";"3";"129.300,00";"executada";"entrada";"3";"129.700,00";"-";"-";"-"
"13621752800";"04/03/2024 / 11:08:04";"WINJ24";"C";"6";"130.900,00";"executada";"saída";"6";"130.410,00";"270,00";"0,21";"324,00"
"13621752984";"04/03/2024 / 10:44:43";"WDOJ24";"C";"2";"4.988,50";"executada";"saída";"2";"4.959,00";"6,00";"0,12";"120,00"
"13621752983";"04/03/2024 / 09:00:12";"WDOJ24";"V";"1";"4.920,00";"executada";"entrada";"1";"4.965,00";"-";"-";"-"
"13621752798";"04/03/2024 / 09:00:02";"WINJ24";"V";"3";"129.900,00";"executada";"entrada";"3";"130.680,00";"-";"-";"-"
"13621752981";"04/03/2024 / 08:59:14";"WDOJ24";"V";"1";"4.920,00";"executada";"entrada";"1";"4.965,00";"-";"-";"-"
"13621752795";"04/03/2024 / 08:59:02";"WINJ24";"V";"3";"129.900,00";"executada";"entrada";"3";"130.680,00";"-";"-";"-"
"13621752978";"01/03/2024 / 10:18:16";"WDOJ24";"C";"2";"5.010,00";"executada";"saída";"2";"4.980,00";"-6,50";"-0,13";"-130,00"
"13621752794";"01/03/2024 / 09:00:44";"WINJ24";"V";"6";"130.175,00";"executada";"saída";"6";"130.740,00";"-230,00";"-0,18";"-276,00"
"13621752976";"01/03/2024 / 08:59:59";"WDOJ24";"V";"1";"4.900,00";"executada";"entrada";"1";"4.973,50";"-";"-";"-"
"13621752974";"01/03/2024 / 08:59:52";"WDOJ24";"V";"1";"4.900,00";"executada";"entrada";"1";"4.973,50";"-";"-";"-"
"13621752792";"01/03/2024 / 08:59:32";"WINJ24";"C";"3";"132.000,00";"executada";"entrada";"3";"130.970,00";"-";"-";"-"
"13621752790";"01/03/2024 / 08:59:25";"WINJ24";"C";"3";"132.000,00";"executada";"entrada";"3";"130.970,00";"-";"-";"-"
"13621752789";"29/02/2024 / 09:01:41";"WINJ24";"V";"3";"131.460,00";"executada";"saída";"3";"131.965,00";"-235,00";"-0,18";"-141,00"
"13621752971";"29/02/2024 / 09:01:21";"WDOJ24";"C";"1";"5.008,50";"executada";"saída";"1";"4.979,00";"-6,00";"-0,12";"-60,00"
"13621752970";"29/02/2024 / 08:59:05";"WDOJ24";"V";"1";"4.920,00";"executada";"entrada";"1";"4.973,00";"-";"-";"-"
"13621752786";"29/02/2024 / 08:58:56";"WINJ24";"C";"3";"133.000,00";"executada";"entrada";"3";"132.200,00";"-";"-";"-"
"13621752968";"28/02/2024 / 09:29:52";"WDOH24";"C";"1";"4.979,50";"executada";"saída";"1";"4.950,00";"-6,50";"-0,13";"-65,00"
"13621752784";"28/02/2024 / 09:01:20";"WINJ24";"V";"3";"132.185,00";"executada";"saída";"3";"132.685,00";"-215,00";"-0,16";"-129,00"
"13621752966";"28/02/2024 / 08:59:44";"WDOH24";"V";"1";"4.890,00";"executada";"entrada";"1";"4.943,50";"-";"-";"-"
"13621752783";"28/02/2024 / 08:59:29";"WINJ24";"C";"3";"133.700,00";"executada";"entrada";"3";"132.900,00";"-";"-";"-"
"13621752780";"27/02/2024 / 09:00:58";"WINJ24";"V";"3";"132.080,00";"executada";"saída";"3";"132.080,00";"230,00";"0,17";"138,00"
"13621752964";"27/02/2024 / 09:00:45";"WDOH24";"C";"1";"4.973,00";"executada";"saída";"1";"4.973,00";"6,00";"0,12";"60,00"
"13621752963";"27/02/2024 / 08:59:08";"WDOH24";"V";"1";"4.930,00";"executada";"entrada";"1";"4.979,00";"-";"-";"-"
"13621752778";"27/02/2024 / 08:59:03";"WINJ24";"C";"3";"132.300,00";"executada";"entrada";"3";"131.850,00";"-";"-";"-"
"13621752776";"26/02/2024 / 09:28:09";"WINJ24";"V";"3";"130.505,00";"executada";"saída";"3";"131.005,00";"-230,00";"-0,18";"-138,00"
"13621752961";"26/02/2024 / 09:00:43";"WDOH24";"C";"1";"4.980,50";"executada";"saída";"1";"4.980,50";"5,50";"0,11";"55,00"
"13621752959";"26/02/2024 / 08:59:54";"WDOH24";"V";"1";"4.950,00";"executada";"entrada";"1";"4.986,00";"-";"-";"-"
"13621752775";"26/02/2024 / 08:59:36";"WINJ24";"C";"3";"132.300,00";"executada";"entrada";"3";"131.235,00";"-";"-";"-"
"13621752957";"23/02/2024 / 09:10:03";"WDOH24";"C";"1";"4.997,50";"executada";"saída";"1";"4.968,00";"-5,00";"-0,10";"-50,00"
"13621752772";"23/02/2024 / 09:00:53";"WINJ24";"V";"3";"132.475,00";"executada";"saída";"3";"132.475,00";"215,00";"0,16";"129,00"
"13621752955";"23/02/2024 / 08:59:40";"WDOH24";"V";"1";"4.900,00";"executada";"entrada";"1";"4.963,00";"-";"-";"-"
"13621752770";"23/02/2024 / 08:59:35";"WINJ24";"C";"3";"132.800,00";"executada";"entrada";"3";"132.260,00";"-";"-";"-"
"13621752769";"22/02/2024 / 09:02:38";"WINJ24";"V";"3";"132.230,00";"executada";"saída";"3";"132.735,00";"-215,00";"-0,16";"-129,00"
"13621752953";"22/02/2024 / 09:00:41";"WDOH24";"C";"1";"4.926,00";"executada";"saída";"1";"4.926,00";"4,00";"0,08";"40,00"
"13621752950";"22/02/2024 / 08:59:30";"WDOH24";"V";"1";"4.880,00";"executada";"entrada";"1";"4.930,00";"-";"-";"-"
"13621752767";"22/02/2024 / 08:59:26";"WINJ24";"C";"3";"133.500,00";"executada";"entrada";"3";"132.950,00";"-";"-";"-"
"13621752764";"21/02/2024 / 09:00:47";"WINJ24";"V";"3";"131.755,00";"executada";"saída";"3";"131.755,00";"235,00";"0,18";"141,00"
"13621752948";"21/02/2024 / 09:00:43";"WDOH24";"C";"1";"4.930,50";"executada";"saída";"1";"4.930,50";"4,00";"0,08";"40,00"
"13621752945";"21/02/2024 / 08:59:42";"WDOH24";"V";"1";"4.880,00";"executada";"entrada";"1";"4.934,50";"-";"-";"-"
"13621752762";"21/02/2024 / 08:59:34";"WINJ24";"C";"3";"132.500,00";"executada";"entrada";"3";"131.520,00";"-";"-";"-"
"13621752944";"20/02/2024 / 09:01:05";"WDOH24";"V";"1";"4.934,50";"executada";"saída";"1";"4.964,50";"-3,50";"-0,07";"-35,00"
"13621752760";"20/02/2024 / 09:00:57";"WINJ24";"C";"3";"130.210,00";"executada";"saída";"3";"130.210,00";"185,00";"0,14";"111,00"
"13621752942";"20/02/2024 / 09:00:25";"WDOH24";"C";"1";"5.000,00";"executada";"entrada";"1";"4.968,00";"-";"-";"-"
"13621752757";"20/02/2024 / 09:00:03";"WINJ24";"V";"3";"129.500,00";"executada";"entrada";"3";"130.395,00";"-";"-";"-"
"13621752940";"19/02/2024 / 09:04:33";"WDOH24";"V";"1";"4.939,50";"executada";"saída";"1";"4.969,00";"-5,00";"-0,10";"-50,00"
"13621752756";"19/02/2024 / 09:00:31";"WINJ24";"C";"3";"130.150,00";"executada";"saída";"3";"130.150,00";"315,00";"0,24";"189,00"
"13621752937";"19/02/2024 / 08:59:53";"WDOH24";"C";"1";"5.050,00";"executada";"entrada";"1";"4.974,00";"-";"-";"-"
"13621752754";"19/02/2024 / 08:59:35";"WINJ24";"V";"3";"129.800,00";"executada";"entrada";"3";"130.465,00";"-";"-";"-"
"13621752751";"16/02/2024 / 09:26:03";"WINJ24";"C";"3";"130.940,00";"executada";"saída";"3";"130.450,00";"-270,00";"-0,21";"-162,00"
"13621752935";"16/02/2024 / 09:00:51";"WDOH24";"V";"1";"4.981,00";"executada";"saída";"1";"4.981,00";"5,00";"0,10";"50,00"
"13621752933";"16/02/2024 / 08:58:14";"WDOH24";"C";"1";"5.030,00";"executada";"entrada";"1";"4.976,00";"-";"-";"-"
"13621752750";"16/02/2024 / 08:57:56";"WINJ24";"V";"3";"129.000,00";"executada";"entrada";"3";"130.180,00";"-";"-";"-"
"13621752748";"15/02/2024 / 09:00:54";"WINJ24";"C";"3";"129.150,00";"executada";"saída";"3";"129.150,00";"315,00";"0,24";"189,00"
"13621752932";"15/02/2024 / 09:00:39";"WDOH24";"V";"1";"4.971,00";"executada";"saída";"1";"4.971,00";"6,00";"0,12";"60,00"
"13621752930";"15/02/2024 / 08:59:43";"WDOH24";"C";"1";"5.000,00";"executada";"entrada";"1";"4.965,00";"-";"-";"-"
"13621752745";"15/02/2024 / 08:59:18";"WINJ24";"V";"3";"128.500,00";"executada";"entrada";"3";"129.465,00";"-";"-";"-"
"13621752743";"09/02/2024 / 09:14:12";"WING24";"C";"3";"128.860,00";"executada";"saída";"3";"128.370,00";"230,00";"0,18";"138,00"
"13621752928";"09/02/2024 / 09:03:17";"WDOH24";"V";"1";"4.964,00";"executada";"saída";"1";"4.994,00";"-5,00";"-0,10";"-50,00"
"13621752926";"09/02/2024 / 08:59:37";"WDOH24";"C";"1";"5.034,00";"executada";"entrada";"1";"4.999,00";"-";"-";"-"
"13621752742";"09/02/2024 / 08:59:28";"WING24";"V";"3";"127.800,00";"executada";"entrada";"3";"128.600,00";"-";"-";"-"
"13621752740";"08/02/2024 / 09:00:56";"WING24";"C";"3";"129.570,00";"executada";"saída";"3";"129.570,00";"265,00";"0,20";"159,00"
"13621752923";"08/02/2024 / 09:00:31";"WDOH24";"V";"1";"4.990,00";"executada";"saída";"1";"4.990,00";"5,00";"0,10";"50,00"
"13621752922";"08/02/2024 / 08:59:52";"WDOH24";"C";"1";"5.030,00";"executada";"entrada";"1";"4.985,00";"-";"-";"-"
"13621752737";"08/02/2024 / 08:59:32";"WING24";"V";"3";"129.800,00";"executada";"entrada";"3";"129.835,00";"-";"-";"-"
"13621752920";"07/02/2024 / 09:44:05";"WDOH24";"V";"1";"4.936,50";"executada";"saída";"1";"4.966,50";"-6,50";"-0,13";"-65,00"
"13621752735";"07/02/2024 / 09:00:38";"WING24";"C";"3";"130.330,00";"executada";"saída";"3";"130.330,00";"320,00";"0,24";"192,00"
"13621752732";"07/02/2024 / 09:00:27";"WING24";"V";"3";"130.000,00";"executada";"entrada";"3";"130.650,00";"-";"-";"-"
"13621752918";"07/02/2024 / 08:59:11";"WDOH24";"C";"1";"5.000,00";"executada";"entrada";"1";"4.973,00";"-";"-";"-"
"13621752916";"06/02/2024 / 10:09:24";"WDOH24";"V";"1";"4.951,00";"executada";"saída";"1";"4.980,50";"-6,50";"-0,13";"-65,00"
"13621752731";"06/02/2024 / 09:01:14";"WING24";"C";"3";"128.745,00";"executada";"saída";"3";"128.245,00";"-250,00";"-0,20";"-150,00"
"13621752913";"06/02/2024 / 08:59:15";"WDOH24";"C";"1";"5.030,00";"executada";"entrada";"1";"4.987,00";"-";"-";"-"
"13621752728";"06/02/2024 / 08:59:07";"WING24";"V";"3";"127.000,00";"executada";"entrada";"3";"127.995,00";"-";"-";"-"
"13621752726";"05/02/2024 / 10:13:44";"WING24";"C";"3";"128.155,00";"executada";"saída";"3";"127.655,00";"-335,00";"-0,26";"-201,00"
"13621752912";"05/02/2024 / 10:05:48";"WDOH24";"V";"1";"4.975,50";"executada";"saída";"1";"5.005,50";"17,50";"0,35";"175,00"
"13621752909";"05/02/2024 / 09:01:52";"WDOH24";"C";"1";"4.989,00";"executada";"entrada";"1";"4.988,00";"-";"-";"-"
"13621752908";"05/02/2024 / 09:01:28";"WDOH24";"C";"1";"5.018,00";"executada";"saída";"1";"4.987,50";"1,50";"0,03";"15,00"
"13621752906";"05/02/2024 / 09:00:27";"WDOH24";"V";"1";"4.940,00";"executada";"entrada";"1";"4.989,00";"-";"-";"-"
"13621752724";"05/02/2024 / 08:59:28";"WING24";"V";"3";"126.500,00";"executada";"entrada";"3";"127.320,00";"-";"-";"-"
"13621752903";"02/02/2024 / 10:20:03";"WDOH24";"C";"1";"4.951,50";"executada";"saída";"1";"4.921,50";"2,00";"0,04";"20,00"
"13621752901";"02/02/2024 / 09:00:07";"WDOH24";"V";"1";"4.880,00";"executada";"entrada";"1";"4.923,50";"-";"-";"-"
"13621752721";"01/02/2024 / 09:08:17";"WING24";"C";"3";"128.700,00";"executada";"saída";"3";"128.190,00";"295,00";"0,23";"177,00"
"13621752899";"01/02/2024 / 09:02:56";"WDOH24";"V";"1";"4.939,50";"executada";"saída";"1";"4.969,00";"8,00";"0,16";"80,00"
"13621752896";"01/02/2024 / 08:59:17";"WDOH24";"C";"1";"4.999,00";"executada";"entrada";"1";"4.961,00";"-";"-";"-"
"13621752719";"01/02/2024 / 08:59:04";"WING24";"V";"3";"127.500,00";"executada";"entrada";"3";"128.485,00";"-";"-";"-"
"13621752718";"31/01/2024 / 09:01:34";"WING24";"C";"3";"128.310,00";"executada";"saída";"3";"127.815,00";"-220,00";"-0,17";"-132,00"
"13621752895";"31/01/2024 / 09:01:16";"WDOH24";"V";"1";"4.968,00";"executada";"saída";"1";"4.968,00";"7,50";"0,15";"75,00"
"13621752893";"31/01/2024 / 09:01:15";"WDOH24";"C";"1";"4.961,00";"executada";"entrada";"1";"4.960,50";"-";"-";"-"
"13621752716";"31/01/2024 / 09:00:49";"WING24";"V";"3";"127.000,00";"executada";"entrada";"3";"127.595,00";"-";"-";"-"
"13621752891";"30/01/2024 / 09:24:41";"WDOG24";"V";"1";"4.909,00";"executada";"saída";"1";"4.938,50";"-6,50";"-0,13";"-65,00"
"13621752713";"30/01/2024 / 09:07:41";"WING24";"C";"3";"129.545,00";"executada";"saída";"3";"129.045,00";"-225,00";"-0,17";"-135,00"
"13621752888";"30/01/2024 / 08:59:49";"WDOG24";"C";"1";"5.000,00";"executada";"entrada";"1";"4.945,00";"-";"-";"-"
"13621752710";"30/01/2024 / 08:59:45";"WING24";"V";"3";"128.000,00";"executada";"entrada";"3";"128.820,00";"-";"-";"-"
"13621752886";"29/01/2024 / 09:00:58";"WDOG24";"V";"1";"4.924,00";"executada";"saída";"1";"4.924,00";"4,50";"0,09";"45,00"
"13621752708";"29/01/2024 / 09:00:48";"WING24";"C";"3";"129.300,00";"executada";"saída";"3";"129.300,00";"330,00";"0,25";"198,00"
"13621752884";"29/01/2024 / 08:59:35";"WDOG24";"C";"1";"4.960,00";"executada";"entrada";"1";"4.919,50";"-";"-";"-"
"13621752706";"29/01/2024 / 08:59:30";"WING24";"V";"3";"129.000,00";"executada";"entrada";"3";"129.630,00";"-";"-";"-"
"13621752703";"26/01/2024 / 09:00:41";"WING24";"C";"3";"129.880,00";"executada";"saída";"3";"129.375,00";"-250,00";"-0,19";"-150,00"
"13621752882";"26/01/2024 / 09:00:31";"WDOG24";"V";"1";"4.916,00";"executada";"saída";"1";"4.916,00";"6,50";"0,13";"65,00"
"13621752880";"26/01/2024 / 09:00:02";"WDOG24";"C";"1";"4.960,00";"executada";"entrada";"1";"4.909,50";"-";"-";"-"
"13621752701";"26/01/2024 / 08:59:47";"WING24";"V";"3";"127.500,00";"executada";"entrada";"3";"129.125,00";"-";"-";"-"
"13621752700";"25/01/2024 / 10:15:03";"WING24";"C";"3";"129.025,00";"executada";"saída";"3";"128.535,00";"205,00";"0,16";"123,00"
"13621752878";"25/01/2024 / 10:12:28";"WDOG24";"V";"1";"4.896,00";"executada";"saída";"1";"4.926,00";"-8,50";"-0,17";"-85,00"
"13621752875";"25/01/2024 / 08:59:16";"WDOG24";"C";"1";"4.970,00";"executada";"entrada";"1";"4.934,50";"-";"-";"-"
"13621752698";"25/01/2024 / 08:59:10";"WING24";"V";"3";"127.800,00";"executada";"entrada";"3";"128.740,00";"-";"-";"-"
"13621752695";"24/01/2024 / 09:01:11";"WING24";"C";"3";"130.605,00";"executada";"saída";"3";"130.116,67";"-356,67";"-0,27";"-214,00"
"13621752873";"24/01/2024 / 09:01:07";"WDOG24";"V";"1";"4.898,00";"executada";"saída";"1";"4.927,00";"-8,00";"-0,16";"-80,00"
"13621752872";"24/01/2024 / 08:59:10";"WDOG24";"C";"1";"5.000,00";"executada";"entrada";"1";"4.935,00";"-";"-";"-"
"13621752693";"24/01/2024 / 08:59:04";"WING24";"V";"3";"128.500,00";"executada";"entrada";"3";"129.760,00";"-";"-";"-"
"13621752691";"23/01/2024 / 09:11:58";"WING24";"C";"3";"128.415,00";"executada";"saída";"3";"127.920,00";"-320,00";"-0,25";"-192,00"
"13621752869";"23/01/2024 / 09:00:55";"WDOG24";"V";"1";"5.001,50";"executada";"saída";"1";"5.001,50";"9,50";"0,19";"95,00"
"13621752867";"23/01/2024 / 08:59:25";"WDOG24";"C";"1";"5.020,00";"executada";"entrada";"1";"4.992,00";"-";"-";"-"
"13621752689";"23/01/2024 / 08:59:18";"WING24";"V";"3";"126.700,00";"executada";"entrada";"3";"127.600,00";"-";"-";"-"
"13621752687";"22/01/2024 / 09:00:46";"WING24";"C";"3";"128.160,00";"executada";"saída";"3";"128.160,00";"290,00";"0,23";"174,00"
"13621752865";"22/01/2024 / 09:00:32";"WDOG24";"V";"1";"4.938,50";"executada";"saída";"1";"4.938,50";"7,00";"0,14";"70,00"
"13621752864";"22/01/2024 / 08:59:32";"WDOG24";"C";"1";"4.970,00";"executada";"entrada";"1";"4.931,50";"-";"-";"-"
"13621752685";"22/01/2024 / 08:59:28";"WING24";"V";"3";"127.500,00";"executada";"entrada";"3";"128.450,00";"-";"-";"-"
"13621752862";"19/01/2024 / 09:02:12";"WDOG24";"V";"1";"4.885,50";"executada";"saída";"1";"4.915,50";"-8,00";"-0,16";"-80,00"
"13621752683";"19/01/2024 / 09:00:42";"WING24";"C";"3";"128.385,00";"executada";"saída";"3";"128.385,00";"305,00";"0,24";"183,00"
"13621752859";"19/01/2024 / 08:59:25";"WDOG24";"C";"1";"4.980,00";"executada";"entrada";"1";"4.923,50";"-";"-";"-"
"13621752682";"19/01/2024 / 08:59:17";"WING24";"V";"3";"127.500,00";"executada";"entrada";"3";"128.690,00";"-";"-";"-"
"13621752680";"18/01/2024 / 09:07:25";"WING24";"C";"3";"130.515,00";"executada";"saída";"3";"130.025,00";"-295,00";"-0,23";"-177,00"
"13621752857";"18/01/2024 / 09:01:16";"WDOG24";"V";"1";"4.899,50";"executada";"saída";"1";"4.929,50";"-6,50";"-0,13";"-65,00"
"13621752677";"18/01/2024 / 08:59:23";"WING24";"V";"3";"129.000,00";"executada";"entrada";"3";"129.730,00";"-";"-";"-"
"13621752856";"18/01/2024 / 08:59:14";"WDOG24";"C";"1";"4.980,00";"executada";"entrada";"1";"4.936,00";"-";"-";"-"
"13621752854";"17/01/2024 / 09:09:01";"WDOG24";"V";"1";"4.919,50";"executada";"saída";"1";"4.949,50";"-7,50";"-0,15";"-75,00"
"13621752674";"17/01/2024 / 09:00:44";"WING24";"C";"3";"129.265,00";"executada";"saída";"3";"129.265,00";"335,00";"0,26";"201,00"
"13621752851";"17/01/2024 / 09:00:04";"WDOG24";"C";"1";"5.000,00";"executada";"entrada";"1";"4.957,00";"-";"-";"-"
"13621752672";"17/01/2024 / 08:59:09";"WING24";"V";"3";"129.000,00";"executada";"entrada";"3";"129.600,00";"-";"-";"-"
"13621752849";"16/01/2024 / 09:02:49";"WDOG24";"C";"1";"4.933,00";"executada";"saída";"1";"4.903,50";"4,50";"0,09";"45,00"
"13621752671";"16/01/2024 / 09:01:22";"WING24";"C";"3";"132.250,00";"executada";"saída";"3";"131.770,00";"175,00";"0,13";"105,00"
"13621752848";"16/01/2024 / 08:58:40";"WDOG24";"V";"1";"4.890,00";"executada";"entrada";"1";"4.908,00";"-";"-";"-"
"13621752668";"16/01/2024 / 08:58:18";"WING24";"V";"3";"131.000,00";"executada";"entrada";"3";"131.945,00";"-";"-";"-"
"13621752666";"15/01/2024 / 09:06:36";"WING24";"C";"3";"132.480,00";"executada";"saída";"3";"131.980,00";"-285,00";"-0,22";"-171,00"
"13621752845";"15/01/2024 / 09:00:52";"WDOG24";"C";"1";"4.888,50";"executada";"saída";"1";"4.858,00";"-8,00";"-0,16";"-80,00"
"13621752843";"15/01/2024 / 09:00:05";"WDOG24";"V";"1";"4.750,00";"executada";"entrada";"1";"4.850,00";"-";"-";"-"
"13621752664";"15/01/2024 / 09:00:03";"WING24";"V";"3";"131.000,00";"executada";"entrada";"3";"131.695,00";"-";"-";"-"
"13621752662";"12/01/2024 / 10:08:58";"WING24";"C";"3";"132.415,00";"executada";"saída";"3";"131.895,00";"-315,00";"-0,24";"-189,00"
"13621752841";"12/01/2024 / 09:00:54";"WDOG24";"C";"1";"4.876,50";"executada";"saída";"1";"4.876,50";"7,50";"0,15";"75,00"
"13621752839";"12/01/2024 / 08:59:21";"WDOG24";"V";"1";"4.840,00";"executada";"entrada";"1";"4.884,00";"-";"-";"-"
"13621752660";"12/01/2024 / 08:59:08";"WING24";"V";"3";"131.000,00";"executada";"entrada";"3";"131.580,00";"-";"-";"-"
"13621752838";"11/01/2024 / 09:00:46";"WDOG24";"C";"1";"4.898,00";"executada";"saída";"1";"4.898,00";"5,50";"0,11";"55,00"
"13621752658";"11/01/2024 / 09:00:38";"WING24";"C";"3";"131.840,00";"executada";"saída";"3";"131.840,00";"210,00";"0,16";"126,00"
"13621752656";"11/01/2024 / 08:59:18";"WING24";"V";"3";"131.500,00";"executada";"entrada";"3";"132.050,00";"-";"-";"-"
"13621752836";"11/01/2024 / 08:59:13";"WDOG24";"V";"1";"4.850,00";"executada";"entrada";"1";"4.903,50";"-";"-";"-"
"13621752833";"10/01/2024 / 09:00:44";"WDOG24";"C";"1";"4.909,00";"executada";"saída";"1";"4.909,00";"6,00";"0,12";"60,00"
"13621752653";"10/01/2024 / 09:00:33";"WING24";"V";"3";"132.955,00";"executada";"saída";"3";"132.955,00";"255,00";"0,19";"153,00"
"13621752832";"10/01/2024 / 09:00:03";"WDOG24";"V";"1";"4.880,00";"executada";"entrada";"1";"4.915,00";"-";"-";"-"
"13621752651";"10/01/2024 / 08:59:31";"WING24";"C";"3";"133.500,00";"executada";"entrada";"3";"132.700,00";"-";"-";"-"
"13621752830";"09/01/2024 / 09:48:43";"WDOG24";"C";"1";"4.932,00";"executada";"saída";"1";"4.902,00";"-6,50";"-0,13";"-65,00"
"13621752649";"09/01/2024 / 09:02:34";"WING24";"V";"3";"132.720,00";"executada";"saída";"3";"133.220,00";"-270,00";"-0,20";"-162,00"
"13621752648";"09/01/2024 / 08:59:19";"WING24";"C";"3";"134.500,00";"executada";"entrada";"3";"133.490,00";"-";"-";"-"
"13621752828";"09/01/2024 / 08:59:09";"WDOG24";"V";"1";"4.850,00";"executada";"entrada";"1";"4.895,50";"-";"-";"-"
"13621752645";"08/01/2024 / 09:02:52";"WING24";"V";"3";"132.030,00";"executada";"saída";"3";"132.530,00";"-310,00";"-0,23";"-186,00"
"13621752826";"08/01/2024 / 09:01:23";"WDOG24";"C";"1";"4.931,00";"executada";"saída";"1";"4.901,00";"-6,50";"-0,13";"-65,00"
"13621752823";"08/01/2024 / 08:59:47";"WDOG24";"V";"1";"4.850,00";"executada";"entrada";"1";"4.894,50";"-";"-";"-"
"13621752642";"08/01/2024 / 08:59:25";"WING24";"C";"3";"133.800,00";"executada";"entrada";"3";"132.840,00";"-";"-";"-"
"13621752640";"05/01/2024 / 10:14:59";"WING24";"V";"3";"132.050,00";"executada";"saída";"3";"132.550,00";"240,00";"0,18";"144,00"
"13621752822";"05/01/2024 / 09:01:31";"WDOG24";"V";"1";"4.889,00";"executada";"saída";"1";"4.919,00";"-8,00";"-0,16";"-80,00"
"13621752820";"05/01/2024 / 09:00:01";"WDOG24";"C";"1";"4.970,00";"executada";"entrada";"1";"4.927,00";"-";"-";"-"
"13621752639";"05/01/2024 / 08:59:07";"WING24";"C";"3";"133.500,00";"executada";"entrada";"3";"132.310,00";"-";"-";"-"
"13621752818";"03/01/2024 / 09:08:48";"WDOG24";"V";"1";"4.920,00";"executada";"saída";"1";"4.950,00";"-7,00";"-0,14";"-70,00"
"13621752637";"03/01/2024 / 09:00:44";"WING24";"V";"3";"134.265,00";"executada";"saída";"3";"134.265,00";"340,00";"0,25";"204,00"
"13621752815";"03/01/2024 / 09:00:04";"WDOG24";"C";"1";"5.000,00";"executada";"entrada";"1";"4.957,00";"-";"-";"-"
"13621752635";"03/01/2024 / 08:59:42";"WING24";"C";"3";"135.000,00";"executada";"entrada";"3";"133.925,00";"-";"-";"-"
"13621752633";"02/01/2024 / 09:01:19";"WING24";"V";"3";"134.595,00";"executada";"saída";"3";"135.105,00";"-145,00";"-0,11";"-87,00"
"13621752814";"02/01/2024 / 09:00:46";"WDOG24";"C";"1";"4.876,00";"executada";"saída";"1";"4.876,00";"8,00";"0,16";"80,00"
"13621752812";"02/01/2024 / 08:59:49";"WDOG24";"V";"1";"4.830,00";"executada";"entrada";"1";"4.884,00";"-";"-";"-"
"13621752631";"02/01/2024 / 08:59:28";"WING24";"C";"3";"136.000,00";"executada";"entrada";"3";"135.250,00";"-";"-";"-"
"13621752810";"28/12/2023 / 09:02:03";"WDOG24";"C";"1";"4.872,50";"executada";"saída";"1";"4.842,50";"-4,50";"-0,09";"-45,00"
"13621752629";"28/12/2023 / 09:00:38";"WING24";"V";"3";"135.930,00";"executada";"saída";"3";"135.930,00";"150,00";"0,11";"90,00"
"13621752808";"28/12/2023 / 09:00:02";"WDOG24";"V";"1";"4.800,00";"executada";"entrada";"1";"4.838,00";"-";"-";"-"
"13621752628";"28/12/2023 / 08:59:37";"WING24";"C";"3";"136.500,00";"executada";"entrada";"3";"135.780,00";"-";"-";"-"
"13621752626";"27/12/2023 / 09:00:54";"WING24";"V";"3";"135.565,00";"executada";"saída";"3";"135.565,00";"165,00";"0,12";"99,00"
"13621752806";"27/12/2023 / 09:00:40";"WDOF24";"C";"1";"4.802,00";"executada";"saída";"1";"4.802,00";"6,00";"0,12";"60,00"
"13621752805";"27/12/2023 / 08:59:52";"WDOF24";"V";"1";"4.750,00";"executada";"entrada";"1";"4.808,00";"-";"-";"-"
"13621752624";"27/12/2023 / 08:59:43";"WING24";"C";"3";"136.000,00";"executada";"entrada";"3";"135.400,00";"-";"-";"-"
"13621752803";"26/12/2023 / 09:45:54";"WDOF24";"C";"1";"4.884,50";"executada";"saída";"1";"4.854,50";"-6,50";"-0,13";"-65,00"
"13621752623";"26/12/2023 / 09:01:03";"WING24";"V";"3";"134.080,00";"executada";"saída";"3";"134.585,00";"-175,00";"-0,13";"-105,00"
"13621752801";"26/12/2023 / 08:59:53";"WDOF24";"V";"1";"4.800,00";"executada";"entrada";"1";"4.848,00";"-";"-";"-"
"13621752621";"26/12/2023 / 08:59:38";"WING24";"C";"3";"135.000,00";"executada";"entrada";"3";"134.760,00";"-";"-";"-"
"13621752799";"22/12/2023 / 09:59:12";"WDOF24";"C";"1";"4.896,00";"executada";"saída";"1";"4.866,00";"5,50";"0,11";"55,00"
"13621752619";"22/12/2023 / 09:56:24";"WING24";"V";"3";"133.850,00";"executada";"saída";"3";"134.350,00";"250,00";"0,19";"150,00"
"13621752797";"22/12/2023 / 08:59:24";"WDOF24";"V";"1";"4.820,00";"executada";"entrada";"1";"4.871,50";"-";"-";"-"
"13621752617";"22/12/2023 / 08:59:16";"WING24";"C";"3";"135.000,00";"executada";"entrada";"3";"134.100,00";"-";"-";"-"
"13621752796";"21/12/2023 / 09:00:47";"WDOF24";"C";"1";"4.922,00";"executada";"saída";"1";"4.892,50";"-5,00";"-0,10";"-50,00"
"13621752615";"21/12/2023 / 09:00:35";"WING24";"V";"3";"133.600,00";"executada";"saída";"3";"133.600,00";"225,00";"0,17";"135,00"
"13621752793";"21/12/2023 / 08:59:47";"WDOF24";"V";"1";"4.850,00";"executada";"entrada";"1";"4.887,50";"-";"-";"-"
"13621752613";"21/12/2023 / 08:59:18";"WING24";"C";"3";"134.000,00";"executada";"entrada";"3";"133.375,00";"-";"-";"-"
"13621752612";"20/12/2023 / 09:00:59";"WING24";"V";"3";"133.800,00";"executada";"saída";"3";"133.800,00";"190,00";"0,14";"114,00"
"13621752791";"20/12/2023 / 09:00:39";"WDOF24";"C";"1";"4.863,50";"executada";"saída";"1";"4.863,50";"6,50";"0,13";"65,00"
"13621752788";"20/12/2023 / 08:59:28";"WDOF24";"V";"1";"4.800,00";"executada";"entrada";"1";"4.870,00";"-";"-";"-"
"13621752610";"20/12/2023 / 08:59:21";"WING24";"C";"3";"134.500,00";"executada";"entrada";"3";"133.610,00";"-";"-";"-"
"13621752608";"19/12/2023 / 09:03:18";"WING24";"V";"3";"133.350,00";"executada";"saída";"3";"133.350,00";"200,00";"0,15";"120,00"
"13621752787";"19/12/2023 / 09:01:15";"WDOF24";"V";"1";"4.864,00";"executada";"saída";"1";"4.894,00";"4,50";"0,09";"45,00"
"13621752785";"19/12/2023 / 09:00:29";"WDOF24";"C";"1";"4.930,00";"executada";"entrada";"1";"4.889,50";"-";"-";"-"
"13621752606";"19/12/2023 / 08:59:11";"WING24";"C";"3";"134.000,00";"executada";"entrada";"3";"133.150,00";"-";"-";"-"
"13621752605";"18/12/2023 / 09:02:15";"WING24";"V";"3";"132.720,00";"executada";"saída";"3";"132.720,00";"270,00";"0,20";"162,00"
"13621752782";"18/12/2023 / 09:00:40";"WDOF24";"V";"1";"4.946,50";"executada";"saída";"1";"4.946,50";"7,00";"0,14";"70,00"
"13621752781";"18/12/2023 / 08:59:35";"WDOF24";"C";"1";"4.990,00";"executada";"entrada";"1";"4.939,50";"-";"-";"-"
"13621752603";"18/12/2023 / 08:59:14";"WING24";"C";"3";"133.200,00";"executada";"entrada";"3";"132.450,00";"-";"-";"-"
"13621752601";"15/12/2023 / 09:00:57";"WING24";"V";"3";"133.400,00";"executada";"saída";"3";"133.400,00";"300,00";"0,23";"180,00"
"13621752779";"15/12/2023 / 09:00:52";"WDOF24";"V";"1";"4.924,00";"executada";"saída";"1";"4.924,00";"11,00";"0,22";"110,00"
"13621752777";"15/12/2023 / 08:59:45";"WDOF24";"C";"1";"4.950,00";"executada";"entrada";"1";"4.913,00";"-";"-";"-"
"13621752600";"15/12/2023 / 08:59:24";"WING24";"C";"3";"133.800,00";"executada";"entrada";"3";"133.100,00";"-";"-";"-"
"13621752774";"14/12/2023 / 09:06:29";"WDOF24";"V";"1";"4.895,50";"executada";"saída";"1";"4.895,50";"10,50";"0,21";"105,00"
"13621752598";"14/12/2023 / 09:03:31";"WING24";"V";"3";"132.935,00";"executada";"saída";"3";"132.935,00";"310,00";"0,23";"186,00"
"13621752773";"14/12/2023 / 08:59:36";"WDOF24";"C";"1";"4.950,00";"executada";"entrada";"1";"4.885,00";"-";"-";"-"
"13621752597";"14/12/2023 / 08:59:05";"WING24";"C";"3";"133.000,00";"executada";"entrada";"3";"132.625,00";"-";"-";"-"
"13621752771";"13/12/2023 / 09:00:56";"WDOF24";"V";"1";"4.944,00";"executada";"saída";"1";"4.971,00";"3,50";"0,07";"35,00"
"13621752768";"13/12/2023 / 08:59:05";"WDOF24";"C";"1";"4.999,00";"executada";"entrada";"1";"4.967,50";"-";"-";"-"
"13621752595";"12/12/2023 / 10:12:05";"WINZ23";"V";"3";"126.640,00";"executada";"saída";"3";"127.145,00";"-265,00";"-0,21";"-159,00"
"13621752766";"12/12/2023 / 09:00:53";"WDOF24";"V";"1";"4.941,50";"executada";"saída";"1";"4.941,50";"8,00";"0,16";"80,00"
"13621752765";"12/12/2023 / 08:59:16";"WDOF24";"C";"1";"5.000,00";"executada";"entrada";"1";"4.933,50";"-";"-";"-"
"13621752594";"12/12/2023 / 08:59:07";"WINZ23";"C";"3";"128.000,00";"executada";"entrada";"3";"127.410,00";"-";"-";"-"
"13621752592";"11/12/2023 / 09:21:33";"WINZ23";"V";"3";"126.260,00";"executada";"saída";"3";"126.755,00";"-370,00";"-0,29";"-222,00"
"13621752763";"11/12/2023 / 09:00:52";"WDOF24";"V";"1";"4.950,50";"executada";"saída";"1";"4.950,50";"8,00";"0,16";"80,00"
"13621752590";"11/12/2023 / 08:59:25";"WINZ23";"C";"3";"127.900,00";"executada";"entrada";"3";"127.125,00";"-";"-";"-"
"13621752761";"11/12/2023 / 08:59:09";"WDOF24";"C";"1";"4.970,00";"executada";"entrada";"1";"4.942,50";"-";"-";"-"
"13621752759";"08/12/2023 / 09:01:53";"WDOF24";"V";"1";"4.881,50";"executada";"saída";"1";"4.911,00";"5,00";"0,10";"50,00"
"13621752589";"08/12/2023 / 09:00:52";"WINZ23";"V";"3";"125.705,00";"executada";"saída";"3";"126.220,00";"-195,00";"-0,15";"-117,00"
"13621752758";"08/12/2023 / 08:59:43";"WDOF24";"C";"1";"4.950,00";"executada";"entrada";"1";"4.906,00";"-";"-";"-"
"13621752587";"08/12/2023 / 08:59:17";"WINZ23";"C";"3";"127.200,00";"executada";"entrada";"3";"126.415,00";"-";"-";"-"
"13621752585";"07/12/2023 / 09:00:45";"WINZ23";"V";"3";"126.180,00";"executada";"saída";"3";"126.180,00";"245,00";"0,19";"147,00"
"13621752755";"07/12/2023 / 09:00:43";"WDOF24";"V";"1";"4.913,50";"executada";"saída";"1";"4.913,50";"6,50";"0,13";"65,00"
"13621752753";"07/12/2023 / 08:59:55";"WDOF24";"C";"1";"4.950,00";"executada";"entrada";"1";"4.907,00";"-";"-";"-"
"13621752582";"07/12/2023 / 08:59:16";"WINZ23";"C";"3";"127.000,00";"executada";"entrada";"3";"125.935,00";"-";"-";"-"
"13621752752";"06/12/2023 / 11:04:02";"WDOF24";"V";"1";"4.881,00";"executada";"saída";"1";"4.910,50";"-7,50";"-0,15";"-75,00"
"13621752749";"06/12/2023 / 09:56:42";"WDOF24";"C";"1";"4.918,00";"executada";"entrada";"1";"4.918,00";"-";"-";"-"
"13621752747";"06/12/2023 / 09:55:56";"WDOF24";"V";"1";"4.892,00";"executada";"saída";"1";"4.921,50";"-8,50";"-0,17";"-85,00"
"13621752581";"06/12/2023 / 09:00:51";"WINZ23";"V";"3";"127.805,00";"executada";"saída";"3";"127.805,00";"310,00";"0,24";"186,00"
"13621752746";"06/12/2023 / 09:00:20";"WDOF24";"C";"1";"5.000,00";"executada";"entrada";"1";"4.930,00";"-";"-";"-"
"13621752579";"06/12/2023 / 08:59:47";"WINZ23";"C";"3";"128.000,00";"executada";"entrada";"3";"127.495,00";"-";"-";"-"
"13621752744";"05/12/2023 / 17:45:01";"WDOF24";"V";"1";"4.907,00";"executada";"saída";"1";"4.936,50";"-3,50";"-0,07";"-35,00"
"13621752741";"05/12/2023 / 09:25:14";"WDOF24";"C";"1";"4.940,00";"executada";"entrada";"1";"4.940,00";"-";"-";"-"
"13621752739";"05/12/2023 / 09:02:11";"WDOF24";"V";"1";"4.927,50";"executada";"saída";"1";"4.957,50";"-6,50";"-0,13";"-65,00"
"13621752576";"05/12/2023 / 09:01:06";"WINZ23";"V";"3";"126.335,00";"executada";"saída";"3";"126.858,33";"-241,67";"-0,19";"-145,00"
"13621752738";"05/12/2023 / 09:00:11";"WDOF24";"C";"1";"5.030,00";"executada";"entrada";"1";"4.964,00";"-";"-";"-"
"13621752575";"05/12/2023 / 08:59:12";"WINZ23";"C";"3";"128.000,00";"executada";"entrada";"3";"127.100,00";"-";"-";"-"
"13621752736";"04/12/2023 / 10:33:32";"WDOF24";"C";"1";"4.947,50";"executada";"saída";"1";"4.918,00";"-11,00";"-0,22";"-110,00"
"13621752572";"04/12/2023 / 09:01:05";"WINZ23";"V";"3";"127.265,00";"executada";"saída";"3";"127.780,00";"-155,00";"-0,12";"-93,00"
"13621752734";"04/12/2023 / 08:59:24";"WDOF24";"V";"1";"4.850,00";"executada";"entrada";"1";"4.907,00";"-";"-";"-"
"13621752570";"04/12/2023 / 08:59:17";"WINZ23";"C";"3";"128.600,00";"executada";"entrada";"3";"127.935,00";"-";"-";"-"
"13621752733";"01/12/2023 / 14:46:06";"WDOF24";"V";"1";"4.853,50";"executada";"saída";"1";"4.883,50";"-17,00";"-0,35";"-170,00"
"13621752730";"01/12/2023 / 09:56:03";"WDOF24";"C";"1";"4.900,50";"executada";"entrada";"1";"4.900,50";"-";"-";"-"
"13621752568";"01/12/2023 / 09:52:58";"WINZ23";"V";"3";"127.345,00";"executada";"saída";"3";"127.845,00";"-245,00";"-0,19";"-147,00"
"13621752566";"01/12/2023 / 08:59:03";"WINZ23";"C";"3";"128.500,00";"executada";"entrada";"3";"128.090,00";"-";"-";"-"
"13621752564";"30/11/2023 / 09:00:42";"WINZ23";"V";"3";"127.250,00";"executada";"saída";"3";"127.250,00";"250,00";"0,20";"150,00"
"13621752562";"30/11/2023 / 08:59:16";"WINZ23";"C";"3";"127.800,00";"executada";"entrada";"3";"127.000,00";"-";"-";"-"
"13621752729";"29/11/2023 / 10:05:42";"WDOZ23";"C";"1";"4.929,50";"executada";"saída";"1";"4.899,50";"-12,00";"-0,25";"-120,00"
"13621752727";"29/11/2023 / 09:14:40";"WDOZ23";"V";"1";"4.887,50";"executada";"entrada";"1";"4.887,50";"-";"-";"-"
"13621752561";"29/11/2023 / 09:00:36";"WINZ23";"V";"3";"127.620,00";"executada";"saída";"3";"127.620,00";"220,00";"0,17";"132,00"
"13621752559";"29/11/2023 / 08:59:13";"WINZ23";"C";"3";"128.000,00";"executada";"entrada";"3";"127.400,00";"-";"-";"-"
"13621752557";"28/11/2023 / 09:00:48";"WINZ23";"V";"3";"126.325,00";"executada";"saída";"3";"126.325,00";"210,00";"0,17";"126,00"
"13621752554";"28/11/2023 / 08:59:57";"WINZ23";"C";"3";"127.200,00";"executada";"entrada";"3";"126.115,00";"-";"-";"-"
"13621752725";"27/11/2023 / 12:14:40";"WDOZ23";"C";"1";"4.949,50";"executada";"saída";"1";"4.919,50";"-8,00";"-0,16";"-80,00"
"13621752723";"27/11/2023 / 09:17:26";"WDOZ23";"V";"1";"4.911,50";"executada";"entrada";"1";"4.911,50";"-";"-";"-"
"13621752552";"27/11/2023 / 09:00:48";"WINZ23";"V";"3";"126.325,00";"executada";"saída";"3";"126.325,00";"230,00";"0,18";"138,00"
"13621752551";"27/11/2023 / 08:59:20";"WINZ23";"C";"3";"127.000,00";"executada";"entrada";"3";"126.095,00";"-";"-";"-"
"13621752548";"24/11/2023 / 09:01:03";"WINZ23";"V";"3";"126.635,00";"executada";"saída";"3";"127.110,00";"-240,00";"-0,19";"-144,00"
"13621752546";"24/11/2023 / 08:58:46";"WINZ23";"C";"3";"128.000,00";"executada";"entrada";"3";"127.350,00";"-";"-";"-"
"13621752544";"23/11/2023 / 09:00:58";"WINZ23";"V";"3";"126.905,00";"executada";"saída";"3";"126.905,00";"305,00";"0,24";"183,00"
"13621752541";"23/11/2023 / 08:59:09";"WINZ23";"C";"3";"127.500,00";"executada";"entrada";"3";"126.600,00";"-";"-";"-"
"13621752539";"22/11/2023 / 09:00:58";"WINZ23";"V";"3";"126.845,00";"executada";"saída";"3";"126.845,00";"225,00";"0,18";"135,00"
"13621752536";"22/11/2023 / 08:59:15";"WINZ23";"C";"3";"127.200,00";"executada";"entrada";"3";"126.620,00";"-";"-";"-"
"13621752722";"21/11/2023 / 10:10:44";"WDOZ23";"C";"1";"4.915,50";"executada";"saída";"1";"4.885,50";"-13,50";"-0,28";"-135,00"
"13621752534";"21/11/2023 / 09:31:04";"WINZ23";"V";"3";"126.085,00";"executada";"saída";"3";"126.580,00";"-210,00";"-0,17";"-126,00"
"13621752720";"21/11/2023 / 09:13:38";"WDOZ23";"V";"1";"4.872,00";"executada";"entrada";"1";"4.872,00";"-";"-";"-"
"13621752532";"21/11/2023 / 08:59:10";"WINZ23";"C";"3";"127.500,00";"executada";"entrada";"3";"126.790,00";"-";"-";"-"
"13621752529";"20/11/2023 / 09:00:44";"WINZ23";"V";"3";"125.440,00";"executada";"saída";"3";"125.930,00";"-235,00";"-0,19";"-141,00"
"13621752527";"20/11/2023 / 08:59:28";"WINZ23";"C";"3";"126.500,00";"executada";"entrada";"3";"126.165,00";"-";"-";"-"
"13621752717";"17/11/2023 / 09:59:05";"WDOZ23";"C";"1";"4.905,50";"executada";"saída";"1";"4.875,50";"1,00";"0,02";"10,00"
"13621752715";"17/11/2023 / 09:12:11";"WDOZ23";"V";"1";"4.876,50";"executada";"entrada";"1";"4.876,50";"-";"-";"-"
"13621752524";"17/11/2023 / 09:10:18";"WINZ23";"V";"3";"125.035,00";"executada";"saída";"3";"125.530,00";"-305,00";"-0,24";"-183,00"
"13621752523";"17/11/2023 / 09:00:08";"WINZ23";"C";"3";"126.200,00";"executada";"entrada";"3";"125.835,00";"-";"-";"-"
"13621752714";"16/11/2023 / 17:45:00";"WDOZ23";"C";"1";"4.907,50";"executada";"saída";"1";"4.877,50";"14,00";"0,29";"140,00"
"13621752712";"16/11/2023 / 09:28:18";"WDOZ23";"V";"1";"4.891,50";"executada";"entrada";"1";"4.891,50";"-";"-";"-"
"13621752520";"16/11/2023 / 09:00:58";"WINZ23";"V";"3";"124.850,00";"executada";"saída";"3";"124.850,00";"375,00";"0,30";"225,00"
"13621752518";"16/11/2023 / 08:59:09";"WINZ23";"C";"3";"125.000,00";"executada";"entrada";"3";"124.475,00";"-";"-";"-"
"13621752516";"14/11/2023 / 09:00:58";"WINZ23";"V";"3";"121.795,00";"executada";"saída";"3";"121.795,00";"220,00";"0,18";"132,00"
"13621752515";"14/11/2023 / 08:59:03";"WINZ23";"C";"3";"122.500,00";"executada";"entrada";"3";"121.575,00";"-";"-";"-"
"13621752711";"13/11/2023 / 09:57:41";"WDOZ23";"C";"1";"4.966,50";"executada";"saída";"1";"4.936,50";"-6,50";"-0,13";"-65,00"
"13621752512";"13/11/2023 / 09:35:44";"WINZ23";"V";"3";"120.810,00";"executada";"saída";"3";"121.330,00";"-225,00";"-0,19";"-135,00"
"13621752709";"13/11/2023 / 09:12:45";"WDOZ23";"V";"1";"4.930,00";"executada";"entrada";"1";"4.930,00";"-";"-";"-"
"13621752511";"13/11/2023 / 08:59:03";"WINZ23";"C";"3";"122.500,00";"executada";"entrada";"3";"121.555,00";"-";"-";"-"
"13621752509";"10/11/2023 / 09:00:57";"WINZ23";"V";"3";"120.820,00";"executada";"saída";"3";"120.820,00";"275,00";"0,23";"165,00"
"13621752507";"10/11/2023 / 08:59:16";"WINZ23";"C";"3";"121.000,00";"executada";"entrada";"3";"120.545,00";"-";"-";"-"
"13621752707";"09/11/2023 / 16:42:32";"WDOZ23";"C";"1";"4.985,00";"executada";"saída";"1";"4.955,50";"-14,50";"-0,29";"-145,00"
"13621752705";"09/11/2023 / 09:10:53";"WDOZ23";"V";"1";"4.941,00";"executada";"entrada";"1";"4.941,00";"-";"-";"-"
"13621752505";"09/11/2023 / 09:01:04";"WINZ23";"V";"3";"119.840,00";"executada";"saída";"3";"120.365,00";"-180,00";"-0,15";"-108,00"
"13621752504";"09/11/2023 / 08:59:15";"WINZ23";"C";"3";"121.200,00";"executada";"entrada";"3";"120.545,00";"-";"-";"-"
"13621752501";"08/11/2023 / 09:00:51";"WINZ23";"V";"3";"120.490,00";"executada";"saída";"3";"120.490,00";"280,00";"0,23";"168,00"
"13621752499";"08/11/2023 / 08:59:28";"WINZ23";"C";"3";"121.000,00";"executada";"entrada";"3";"120.210,00";"-";"-";"-"
"13621752497";"07/11/2023 / 09:01:20";"WINZ23";"V";"3";"118.585,00";"executada";"saída";"3";"119.080,00";"-270,00";"-0,23";"-162,00"
"13621752494";"07/11/2023 / 08:59:14";"WINZ23";"C";"3";"120.000,00";"executada";"entrada";"3";"119.350,00";"-";"-";"-"
"13621752704";"06/11/2023 / 10:23:08";"WDOZ23";"C";"1";"4.912,50";"executada";"saída";"1";"4.912,50";"11,00";"0,22";"110,00"
"13621752702";"06/11/2023 / 09:28:51";"WDOZ23";"V";"1";"4.923,50";"executada";"entrada";"1";"4.923,50";"-";"-";"-"
"13621752492";"06/11/2023 / 09:00:31";"WINZ23";"V";"3";"120.040,00";"executada";"saída";"3";"120.040,00";"390,00";"0,33";"234,00"
"13621752491";"06/11/2023 / 08:59:45";"WINZ23";"C";"3";"120.500,00";"executada";"entrada";"3";"119.650,00";"-";"-";"-"
"13621752489";"03/11/2023 / 09:00:41";"WINZ23";"V";"3";"118.080,00";"executada";"saída";"3";"118.080,00";"315,00";"0,27";"189,00"
"13621752488";"03/11/2023 / 08:59:10";"WINZ23";"C";"3";"118.000,00";"executada";"entrada";"3";"117.765,00";"-";"-";"-"
"13621752485";"01/11/2023 / 09:06:45";"WINZ23";"C";"3";"114.840,00";"executada";"saída";"3";"114.340,00";"190,00";"0,17";"114,00"
"13621752483";"01/11/2023 / 08:59:03";"WINZ23";"V";"3";"113.500,00";"executada";"entrada";"3";"114.530,00";"-";"-";"-"
"13621752699";"31/10/2023 / 10:04:53";"WDOZ23";"C";"1";"5.111,00";"executada";"saída";"1";"5.081,00";"-17,50";"-0,35";"-175,00"
"13621752697";"31/10/2023 / 09:14:18";"WDOZ23";"V";"1";"5.063,50";"executada";"entrada";"1";"5.063,50";"-";"-";"-"
"13621752481";"31/10/2023 / 09:00:40";"WINZ23";"C";"3";"113.915,00";"executada";"saída";"3";"113.915,00";"335,00";"0,29";"201,00"
"13621752480";"31/10/2023 / 08:59:08";"WINZ23";"V";"3";"113.500,00";"executada";"entrada";"3";"114.250,00";"-";"-";"-"
"13621752696";"30/10/2023 / 11:48:36";"WDOX23";"C";"1";"4.996,00";"executada";"saída";"1";"4.996,00";"23,50";"0,47";"235,00"
"13621752694";"30/10/2023 / 09:25:39";"WDOX23";"V";"1";"5.019,50";"executada";"entrada";"1";"5.019,50";"-";"-";"-"
"13621752477";"30/10/2023 / 09:00:55";"WINZ23";"V";"3";"115.860,00";"executada";"saída";"3";"115.860,00";"310,00";"0,27";"186,00"
"13621752476";"30/10/2023 / 08:59:31";"WINZ23";"C";"3";"116.000,00";"executada";"entrada";"3";"115.550,00";"-";"-";"-"
"13621752692";"25/10/2023 / 11:11:46";"WDOX23";"C";"1";"5.005,00";"executada";"saída";"1";"5.005,00";"10,50";"0,21";"105,00"
"13621752690";"25/10/2023 / 09:12:29";"WDOX23";"V";"1";"5.015,50";"executada";"entrada";"1";"5.015,50";"-";"-";"-"
"13621752473";"25/10/2023 / 09:00:57";"WINZ23";"C";"3";"115.075,00";"executada";"saída";"3";"115.075,00";"325,00";"0,28";"195,00"
"13621752472";"25/10/2023 / 08:59:06";"WINZ23";"V";"3";"115.000,00";"executada";"entrada";"3";"115.400,00";"-";"-";"-"
"13621752469";"24/10/2023 / 09:00:55";"WINZ23";"C";"3";"115.090,00";"executada";"saída";"3";"115.090,00";"305,00";"0,26";"183,00"
"13621752467";"24/10/2023 / 08:58:15";"WINZ23";"V";"3";"114.800,00";"executada";"entrada";"3";"115.395,00";"-";"-";"-"
"13621752688";"23/10/2023 / 10:59:16";"WDOX23";"V";"1";"4.995,50";"executada";"saída";"1";"5.025,50";"-12,50";"-0,25";"-125,00"
"13621752686";"23/10/2023 / 09:11:15";"WDOX23";"C";"1";"5.038,00";"executada";"entrada";"1";"5.038,00";"-";"-";"-"
"13621752466";"23/10/2023 / 09:00:49";"WINZ23";"C";"3";"113.935,00";"executada";"saída";"3";"113.935,00";"355,00";"0,31";"213,00"
"13621752463";"23/10/2023 / 08:59:05";"WINZ23";"V";"3";"114.000,00";"executada";"entrada";"3";"114.290,00";"-";"-";"-"
"13621752684";"20/10/2023 / 14:43:37";"WDOX23";"V";"1";"5.003,50";"executada";"saída";"1";"5.033,50";"-15,00";"-0,30";"-150,00"
"13621752681";"20/10/2023 / 09:11:40";"WDOX23";"C";"1";"5.048,50";"executada";"entrada";"1";"5.048,50";"-";"-";"-"
"13621752462";"20/10/2023 / 09:00:58";"WINZ23";"C";"3";"115.190,00";"executada";"saída";"3";"115.190,00";"280,00";"0,24";"168,00"
"13621752459";"20/10/2023 / 08:59:04";"WINZ23";"V";"3";"114.800,00";"executada";"entrada";"3";"115.470,00";"-";"-";"-"
"13621752679";"19/10/2023 / 13:19:15";"WDOX23";"V";"1";"5.004,50";"executada";"saída";"1";"5.034,50";"-20,50";"-0,41";"-205,00"
"13621752678";"19/10/2023 / 09:14:18";"WDOX23";"C";"1";"5.055,00";"executada";"entrada";"1";"5.055,00";"-";"-";"-"
"13621752458";"19/10/2023 / 09:01:31";"WINZ23";"C";"3";"116.410,00";"executada";"saída";"3";"115.950,00";"-300,00";"-0,26";"-180,00"
"13621752456";"19/10/2023 / 08:59:50";"WINZ23";"V";"3";"115.000,00";"executada";"entrada";"3";"115.650,00";"-";"-";"-"
"13621752454";"18/10/2023 / 09:00:44";"WINZ23";"C";"6";"116.870,00";"executada";"saída";"6";"116.870,00";"280,00";"0,24";"336,00"
"13621752451";"18/10/2023 / 08:59:13";"WINZ23";"V";"3";"116.800,00";"executada";"entrada";"3";"117.150,00";"-";"-";"-"
"13621752448";"18/10/2023 / 08:59:02";"WINZ23";"V";"3";"116.800,00";"executada";"entrada";"3";"117.150,00";"-";"-";"-"
"13621752676";"17/10/2023 / 09:29:12";"WDOX23";"V";"1";"5.057,00";"executada";"saída";"1";"5.057,00";"13,50";"0,27";"135,00"
"13621752675";"17/10/2023 / 09:13:45";"WDOX23";"C";"1";"5.043,50";"executada";"entrada";"1";"5.043,50";"-";"-";"-"
"13621752446";"17/10/2023 / 09:01:03";"WINV23";"C";"3";"116.915,00";"executada";"saída";"3";"116.375,00";"-235,00";"-0,20";"-141,00"
"13621752443";"17/10/2023 / 08:59:04";"WINV23";"V";"3";"115.500,00";"executada";"entrada";"3";"116.140,00";"-";"-";"-"
"13621752673";"16/10/2023 / 17:45:01";"WDOX23";"V";"1";"5.020,00";"executada";"saída";"1";"5.050,00";"-1,00";"-0,02";"-10,00"
"13621752670";"16/10/2023 / 09:14:49";"WDOX23";"C";"1";"5.051,00";"executada";"entrada";"1";"5.051,00";"-";"-";"-"
"13621752441";"16/10/2023 / 09:12:17";"WINV23";"C";"3";"117.205,00";"executada";"saída";"3";"116.695,00";"-295,00";"-0,25";"-177,00"
"13621752439";"16/10/2023 / 08:59:02";"WINV23";"V";"3";"115.500,00";"executada";"entrada";"3";"116.400,00";"-";"-";"-"
"13621752669";"13/10/2023 / 09:45:22";"WDOX23";"V";"1";"5.032,50";"executada";"saída";"1";"5.063,00";"-7,50";"-0,15";"-75,00"
"13621752667";"13/10/2023 / 09:11:07";"WDOX23";"C";"1";"5.070,50";"executada";"entrada";"1";"5.070,50";"-";"-";"-"
"13621752437";"13/10/2023 / 09:01:46";"WINV23";"C";"3";"117.065,00";"executada";"saída";"3";"116.555,00";"-255,00";"-0,22";"-153,00"
"13621752435";"13/10/2023 / 08:59:42";"WINV23";"V";"3";"115.500,00";"executada";"entrada";"3";"116.300,00";"-";"-";"-"
"13621752433";"11/10/2023 / 09:01:07";"WINV23";"C";"3";"118.065,00";"executada";"saída";"3";"117.525,00";"-230,00";"-0,20";"-138,00"
"13621752431";"11/10/2023 / 08:59:12";"WINV23";"V";"3";"116.300,00";"executada";"entrada";"3";"117.295,00";"-";"-";"-"
"13621752665";"10/10/2023 / 11:24:25";"WDOX23";"V";"1";"5.062,00";"executada";"saída";"1";"5.091,50";"-23,00";"-0,45";"-230,00"
"13621752663";"10/10/2023 / 09:11:32";"WDOX23";"C";"1";"5.114,50";"executada";"entrada";"1";"5.114,50";"-";"-";"-"
"13621752429";"10/10/2023 / 09:01:10";"WINV23";"C";"3";"116.655,00";"executada";"saída";"3";"116.105,00";"-205,00";"-0,18";"-123,00"
"13621752427";"10/10/2023 / 08:59:04";"WINV23";"V";"3";"114.800,00";"executada";"entrada";"3";"115.900,00";"-";"-";"-"
"13621752661";"09/10/2023 / 15:04:29";"WDOX23";"V";"1";"5.112,50";"executada";"saída";"1";"5.142,50";"-19,50";"-0,38";"-195,00"
"13621752659";"09/10/2023 / 09:11:32";"WDOX23";"C";"1";"5.162,00";"executada";"entrada";"1";"5.162,00";"-";"-";"-"
"13621752425";"09/10/2023 / 09:08:36";"WINV23";"C";"3";"114.515,00";"executada";"saída";"3";"114.015,00";"-395,00";"-0,35";"-237,00"
"13621752423";"09/10/2023 / 08:59:56";"WINV23";"V";"3";"113.000,00";"executada";"entrada";"3";"113.620,00";"-";"-";"-"
"13621752421";"06/10/2023 / 09:00:38";"WINV23";"C";"3";"113.515,00";"executada";"saída";"3";"113.515,00";"285,00";"0,25";"171,00"
"13621752418";"06/10/2023 / 08:59:20";"WINV23";"V";"3";"113.000,00";"executada";"entrada";"3";"113.800,00";"-";"-";"-"
"13621752416";"05/10/2023 / 09:00:37";"WINV23";"C";"3";"113.715,00";"executada";"saída";"3";"113.715,00";"285,00";"0,25";"171,00"
"13621752415";"05/10/2023 / 08:59:03";"WINV23";"V";"3";"113.000,00";"executada";"entrada";"3";"114.000,00";"-";"-";"-"
"13621752412";"04/10/2023 / 09:00:58";"WINV23";"C";"3";"113.965,00";"executada";"saída";"3";"113.965,00";"325,00";"0,28";"195,00"
"13621752410";"04/10/2023 / 08:59:41";"WINV23";"V";"3";"113.500,00";"executada";"entrada";"3";"114.290,00";"-";"-";"-"
"13621752408";"03/10/2023 / 09:00:54";"WINV23";"C";"3";"114.740,00";"executada";"saída";"3";"114.740,00";"260,00";"0,23";"156,00"
"13621752405";"03/10/2023 / 08:59:47";"WINV23";"V";"3";"114.800,00";"executada";"entrada";"3";"115.000,00";"-";"-";"-"
"13621752404";"02/10/2023 / 09:00:43";"WINV23";"C";"3";"116.725,00";"executada";"saída";"3";"116.725,00";"275,00";"0,24";"165,00"
"13621752402";"02/10/2023 / 08:59:28";"WINV23";"V";"3";"116.500,00";"executada";"entrada";"3";"117.000,00";"-";"-";"-"
"13621752399";"29/09/2023 / 09:05:13";"WINV23";"C";"3";"117.750,00";"executada";"saída";"3";"117.250,00";"-285,00";"-0,24";"-171,00"
"13621752397";"29/09/2023 / 08:59:25";"WINV23";"V";"3";"116.000,00";"executada";"entrada";"3";"116.965,00";"-";"-";"-"
"13621752396";"28/09/2023 / 09:34:39";"WINV23";"C";"3";"115.830,00";"executada";"saída";"3";"115.370,00";"-370,00";"-0,32";"-222,00"
"13621752657";"28/09/2023 / 09:34:27";"WDOV23";"V";"1";"5.035,50";"executada";"saída";"1";"5.035,50";"16,50";"0,33";"165,00"
"13621752655";"28/09/2023 / 09:13:16";"WDOV23";"C";"1";"5.019,00";"executada";"entrada";"1";"5.019,00";"-";"-";"-"
"13621752393";"28/09/2023 / 08:59:58";"WINV23";"V";"3";"114.500,00";"executada";"entrada";"3";"115.000,00";"-";"-";"-"
"13621752391";"27/09/2023 / 10:01:13";"WINV23";"C";"3";"116.160,00";"executada";"saída";"3";"115.680,00";"-280,00";"-0,24";"-168,00"
"13621752389";"27/09/2023 / 08:59:39";"WINV23";"V";"3";"114.500,00";"executada";"entrada";"3";"115.400,00";"-";"-";"-"
"13621752654";"26/09/2023 / 09:39:18";"WDOV23";"V";"1";"4.978,50";"executada";"saída";"1";"4.978,50";"20,50";"0,41";"205,00"
"13621752652";"26/09/2023 / 09:19:58";"WDOV23";"C";"1";"4.958,00";"executada";"entrada";"1";"4.958,00";"-";"-";"-"
"13621752387";"26/09/2023 / 09:00:43";"WINV23";"C";"3";"116.290,00";"executada";"saída";"3";"116.290,00";"260,00";"0,22";"156,00"
"13621752385";"26/09/2023 / 08:59:49";"WINV23";"V";"3";"116.000,00";"executada";"entrada";"3";"116.550,00";"-";"-";"-"
"13621752383";"25/09/2023 / 10:36:33";"WINV23";"C";"3";"117.195,00";"executada";"saída";"3";"116.690,00";"-290,00";"-0,25";"-174,00"
"13621752382";"25/09/2023 / 09:03:26";"WINV23";"V";"3";"116.400,00";"executada";"entrada";"3";"116.400,00";"-";"-";"-"
"13621752379";"22/09/2023 / 09:00:55";"WINV23";"V";"3";"117.820,00";"executada";"saída";"3";"117.820,00";"360,00";"0,31";"216,00"
"13621752377";"22/09/2023 / 08:59:07";"WINV23";"C";"3";"118.500,00";"executada";"entrada";"3";"117.460,00";"-";"-";"-"
"13621752650";"21/09/2023 / 09:30:11";"WDOV23";"C";"1";"4.957,00";"executada";"saída";"1";"4.927,50";"-12,00";"-0,24";"-120,00"
"13621752647";"21/09/2023 / 09:11:59";"WDOV23";"V";"1";"4.915,50";"executada";"entrada";"1";"4.915,50";"-";"-";"-"
"13621752374";"21/09/2023 / 09:01:30";"WINV23";"V";"3";"117.960,00";"executada";"saída";"3";"118.460,00";"-5,00";"-0,00";"-3,00"
"13621752372";"21/09/2023 / 09:01:19";"WINV23";"C";"3";"119.040,00";"executada";"entrada";"3";"118.465,00";"-";"-";"-"
"13621752646";"20/09/2023 / 09:20:52";"WDOV23";"V";"1";"4.863,50";"executada";"saída";"1";"4.863,50";"7,50";"0,15";"75,00"
"13621752644";"20/09/2023 / 09:11:55";"WDOV23";"C";"1";"4.856,00";"executada";"entrada";"1";"4.856,00";"-";"-";"-"
"13621752369";"20/09/2023 / 09:00:48";"WINV23";"V";"3";"119.260,00";"executada";"saída";"3";"119.260,00";"225,00";"0,19";"135,00"
"13621752366";"20/09/2023 / 08:59:20";"WINV23";"C";"3";"119.700,00";"executada";"entrada";"3";"119.035,00";"-";"-";"-"
"13621752363";"19/09/2023 / 09:05:02";"WINV23";"V";"3";"118.900,00";"executada";"saída";"3";"119.400,00";"-280,00";"-0,23";"-168,00"
"13621752643";"19/09/2023 / 09:00:37";"WDOV23";"C";"1";"4.851,50";"executada";"saída";"1";"4.851,50";"4,00";"0,08";"40,00"
"13621752361";"19/09/2023 / 08:59:38";"WINV23";"C";"3";"120.500,00";"executada";"entrada";"3";"119.680,00";"-";"-";"-"
"13621752641";"19/09/2023 / 08:59:30";"WDOV23";"V";"1";"4.800,00";"executada";"entrada";"1";"4.855,50";"-";"-";"-"
"13621752638";"18/09/2023 / 09:01:00";"WDOV23";"C";"1";"4.878,50";"executada";"saída";"1";"4.878,50";"5,50";"0,11";"55,00"
"13621752360";"18/09/2023 / 09:00:58";"WINV23";"V";"3";"119.985,00";"executada";"saída";"3";"119.985,00";"235,00";"0,20";"141,00"
"13621752636";"18/09/2023 / 08:59:44";"WDOV23";"V";"1";"4.850,00";"executada";"entrada";"1";"4.884,00";"-";"-";"-"
"13621752358";"18/09/2023 / 08:59:39";"WINV23";"C";"3";"121.000,00";"executada";"entrada";"3";"119.750,00";"-";"-";"-"
"13621752355";"15/09/2023 / 10:30:47";"WINV23";"V";"3";"119.985,00";"executada";"saída";"3";"120.475,00";"-275,00";"-0,23";"-165,00"
"13621752634";"15/09/2023 / 09:23:31";"WDOV23";"V";"1";"4.884,50";"executada";"saída";"1";"4.884,50";"6,50";"0,13";"65,00"
"13621752632";"15/09/2023 / 09:22:47";"WDOV23";"C";"1";"4.878,00";"executada";"entrada";"1";"4.878,00";"-";"-";"-"
"13621752630";"15/09/2023 / 09:02:05";"WDOV23";"C";"1";"4.913,50";"executada";"saída";"1";"4.883,50";"-6,00";"-0,12";"-60,00"
"13621752353";"15/09/2023 / 09:00:04";"WINV23";"C";"3";"121.000,00";"executada";"entrada";"3";"120.750,00";"-";"-";"-"
"13621752627";"15/09/2023 / 08:59:55";"WDOV23";"V";"1";"4.820,00";"executada";"entrada";"1";"4.877,50";"-";"-";"-"
"13621752625";"14/09/2023 / 09:00:36";"WDOV23";"C";"1";"4.924,00";"executada";"saída";"1";"4.924,00";"5,50";"0,11";"55,00"
"13621752351";"14/09/2023 / 09:00:34";"WINV23";"V";"3";"120.395,00";"executada";"saída";"3";"120.395,00";"295,00";"0,25";"177,00"
"13621752622";"14/09/2023 / 08:59:51";"WDOV23";"V";"1";"4.900,00";"executada";"entrada";"1";"4.929,50";"-";"-";"-"
"13621752349";"14/09/2023 / 08:59:38";"WINV23";"C";"3";"120.500,00";"executada";"entrada";"3";"120.100,00";"-";"-";"-"
"13621752620";"13/09/2023 / 09:27:07";"WDOV23";"V";"1";"4.974,00";"executada";"saída";"1";"4.974,00";"9,75";"0,20";"97,50"
"13621752618";"13/09/2023 / 09:24:36";"WDOV23";"V";"1";"4.964,50";"executada";"saída";"1";"4.964,50";"0,25";"0,01";"2,50"
"13621752616";"13/09/2023 / 09:16:33";"WDOV23";"C";"1";"4.963,00";"executada";"entrada";"1";"4.963,00";"-";"-";"-"
"13621752614";"13/09/2023 / 09:12:52";"WDOV23";"C";"1";"4.966,00";"executada";"entrada";"1";"4.965,50";"-";"-";"-"
"13621752611";"13/09/2023 / 09:01:43";"WDOV23";"V";"1";"4.932,00";"executada";"saída";"1";"4.962,00";"-5,50";"-0,11";"-55,00"
"13621752348";"13/09/2023 / 09:00:45";"WINV23";"V";"3";"119.195,00";"executada";"saída";"3";"119.195,00";"240,00";"0,20";"144,00"
"13621752345";"13/09/2023 / 09:00:07";"WINV23";"C";"3";"119.500,00";"executada";"entrada";"3";"118.955,00";"-";"-";"-"
"13621752609";"13/09/2023 / 08:59:51";"WDOV23";"C";"1";"5.000,00";"executada";"entrada";"1";"4.967,50";"-";"-";"-"
"13621752344";"12/09/2023 / 10:34:38";"WINV23";"C";"3";"119.345,00";"executada";"saída";"3";"118.835,00";"-295,00";"-0,25";"-177,00"
"13621752607";"12/09/2023 / 09:54:12";"WDOV23";"C";"1";"4.997,00";"executada";"saída";"1";"4.967,00";"-6,50";"-0,13";"-65,00"
"13621752604";"12/09/2023 / 09:46:59";"WDOV23";"V";"1";"4.960,50";"executada";"entrada";"1";"4.960,50";"-";"-";"-"
"13621752602";"12/09/2023 / 09:01:36";"WDOV23";"V";"1";"4.923,00";"executada";"saída";"1";"4.953,00";"-5,00";"-0,10";"-50,00"
"13621752342";"12/09/2023 / 08:59:53";"WINV23";"V";"3";"117.500,00";"executada";"entrada";"3";"118.540,00";"-";"-";"-"
"13621752599";"12/09/2023 / 08:59:22";"WDOV23";"C";"1";"5.000,00";"executada";"entrada";"1";"4.958,00";"-";"-";"-"
"13621752596";"11/09/2023 / 09:01:45";"WDOV23";"V";"1";"4.953,00";"executada";"saída";"1";"4.983,00";"1,00";"0,02";"10,00"
"13621752593";"11/09/2023 / 09:01:03";"WDOV23";"C";"1";"5.022,00";"executada";"entrada";"1";"4.982,00";"-";"-";"-"
"13621752339";"11/09/2023 / 09:00:49";"WINV23";"C";"3";"117.655,00";"executada";"saída";"3";"117.090,00";"325,00";"0,28";"195,00"
"13621752591";"11/09/2023 / 09:00:37";"WDOV23";"V";"1";"4.951,50";"executada";"saída";"1";"4.981,50";"4,50";"0,09";"45,00"
"13621752338";"11/09/2023 / 08:59:39";"WINV23";"V";"3";"117.000,00";"executada";"entrada";"3";"117.415,00";"-";"-";"-"
"13621752588";"11/09/2023 / 08:58:50";"WDOV23";"C";"1";"5.022,00";"executada";"entrada";"1";"4.977,00";"-";"-";"-"
"13621752586";"08/09/2023 / 09:55:07";"WDOV23";"V";"1";"4.999,00";"executada";"saída";"1";"4.999,00";"6,50";"0,13";"65,00"
"13621752584";"08/09/2023 / 09:53:31";"WDOV23";"C";"1";"4.992,50";"executada";"entrada";"1";"4.992,50";"-";"-";"-"
"13621752583";"08/09/2023 / 09:01:06";"WDOV23";"V";"1";"4.965,50";"executada";"saída";"1";"4.996,00";"-5,50";"-0,11";"-55,00"
"13621752335";"08/09/2023 / 09:00:41";"WINV23";"C";"3";"116.065,00";"executada";"saída";"3";"116.065,00";"255,00";"0,22";"153,00"
"13621752333";"08/09/2023 / 08:59:53";"WINV23";"V";"3";"116.300,00";"executada";"entrada";"3";"116.320,00";"-";"-";"-"
"13621752580";"08/09/2023 / 08:59:23";"WDOV23";"C";"1";"5.050,00";"executada";"entrada";"1";"5.001,50";"-";"-";"-"
"13621752578";"06/09/2023 / 09:51:17";"WDOV23";"C";"1";"5.042,00";"executada";"saída";"1";"5.012,00";"-3,00";"-0,06";"-30,00"
"13621752577";"06/09/2023 / 09:40:59";"WDOV23";"V";"1";"4.979,50";"executada";"entrada";"1";"5.009,00";"-";"-";"-"
"13621752574";"06/09/2023 / 09:40:33";"WDOV23";"C";"1";"5.039,00";"executada";"saída";"1";"5.009,00";"-2,00";"-0,04";"-20,00"
"13621752573";"06/09/2023 / 09:27:08";"WDOV23";"V";"1";"5.005,50";"executada";"entrada";"1";"5.007,00";"-";"-";"-"
"13621752330";"06/09/2023 / 09:00:54";"WINV23";"C";"3";"118.635,00";"executada";"saída";"3";"118.635,00";"265,00";"0,22";"159,00"
"13621752571";"06/09/2023 / 09:00:39";"WDOV23";"V";"1";"4.999,50";"executada";"saída";"1";"4.999,50";"5,50";"0,11";"55,00"
"13621752328";"06/09/2023 / 08:59:33";"WINV23";"V";"3";"118.300,00";"executada";"entrada";"3";"118.900,00";"-";"-";"-"
"13621752569";"06/09/2023 / 08:59:23";"WDOV23";"C";"1";"5.030,00";"executada";"entrada";"1";"4.994,00";"-";"-";"-"
"13621752567";"05/09/2023 / 10:05:25";"WDOV23";"C";"1";"5.021,00";"executada";"saída";"1";"4.991,00";"-8,50";"-0,17";"-85,00"
"13621752565";"05/09/2023 / 09:43:59";"WDOV23";"V";"1";"4.982,50";"executada";"entrada";"1";"4.982,50";"-";"-";"-"
"13621752326";"05/09/2023 / 09:00:58";"WINV23";"C";"3";"119.815,00";"executada";"saída";"3";"119.140,00";"-85,00";"-0,07";"-51,00"
"13621752563";"05/09/2023 / 09:00:40";"WDOV23";"V";"1";"4.946,50";"executada";"saída";"1";"4.976,50";"-5,50";"-0,11";"-55,00"
"13621752560";"05/09/2023 / 09:00:25";"WDOV23";"C";"1";"5.020,00";"executada";"entrada";"1";"4.982,00";"-";"-";"-"
"13621752324";"05/09/2023 / 08:59:40";"WINV23";"V";"3";"118.500,00";"executada";"entrada";"3";"119.055,00";"-";"-";"-"
"13621752322";"04/09/2023 / 10:24:04";"WINV23";"C";"3";"120.080,00";"executada";"saída";"3";"119.581,67";"-281,67";"-0,24";"-169,00"
"13621752558";"04/09/2023 / 09:37:09";"WDOV23";"V";"1";"4.956,50";"executada";"saída";"1";"4.956,50";"4,50";"0,09";"45,00"
"13621752556";"04/09/2023 / 09:36:43";"WDOV23";"C";"1";"4.952,00";"executada";"entrada";"1";"4.952,00";"-";"-";"-"
"13621752555";"04/09/2023 / 09:00:58";"WDOV23";"C";"1";"4.948,00";"executada";"saída";"1";"4.948,00";"7,00";"0,14";"70,00"
"13621752320";"04/09/2023 / 08:59:34";"WINV23";"V";"3";"118.700,00";"executada";"entrada";"3";"119.300,00";"-";"-";"-"
"13621752553";"04/09/2023 / 08:59:17";"WDOV23";"V";"1";"4.900,00";"executada";"entrada";"1";"4.955,00";"-";"-";"-"
"13621752550";"01/09/2023 / 09:46:14";"WDOV23";"V";"1";"4.896,50";"executada";"saída";"1";"4.926,50";"-6,00";"-0,12";"-60,00"
"13621752549";"01/09/2023 / 09:41:03";"WDOV23";"C";"1";"4.933,00";"executada";"entrada";"1";"4.932,50";"-";"-";"-"
"13621752547";"01/09/2023 / 09:00:53";"WDOV23";"C";"1";"4.953,00";"executada";"saída";"1";"4.953,00";"9,00";"0,18";"90,00"
"13621752318";"01/09/2023 / 09:00:49";"WINV23";"C";"3";"118.115,00";"executada";"saída";"3";"118.115,00";"285,00";"0,24";"171,00"
"13621752545";"01/09/2023 / 08:59:48";"WDOV23";"V";"1";"4.920,00";"executada";"entrada";"1";"4.962,00";"-";"-";"-"
"13621752316";"01/09/2023 / 08:59:38";"WINV23";"V";"3";"117.200,00";"executada";"entrada";"3";"118.400,00";"-";"-";"-"
"13621752543";"31/08/2023 / 09:36:03";"WDOV23";"V";"1";"4.906,50";"executada";"saída";"1";"4.906,50";"9,00";"0,18";"90,00"
"13621752542";"31/08/2023 / 09:35:00";"WDOV23";"C";"1";"4.897,50";"executada";"entrada";"1";"4.897,50";"-";"-";"-"
"13621752540";"31/08/2023 / 09:00:57";"WDOV23";"C";"1";"4.897,00";"executada";"saída";"1";"4.897,00";"6,50";"0,13";"65,00"
"13621752314";"31/08/2023 / 09:00:37";"WINV23";"V";"3";"119.540,00";"executada";"saída";"3";"119.540,00";"240,00";"0,20";"144,00"
"13621752313";"31/08/2023 / 09:00:19";"WINV23";"C";"3";"120.000,00";"executada";"entrada";"3";"119.300,00";"-";"-";"-"
"13621752538";"31/08/2023 / 08:59:28";"WDOV23";"V";"1";"4.850,00";"executada";"entrada";"1";"4.903,50";"-";"-";"-"
"13621752537";"30/08/2023 / 09:13:47";"WDOU23";"C";"1";"4.849,00";"executada";"saída";"1";"4.849,00";"5,50";"0,11";"55,00"
"13621752535";"30/08/2023 / 09:12:10";"WDOU23";"V";"1";"4.854,50";"executada";"entrada";"1";"4.854,50";"-";"-";"-"
"13621752310";"30/08/2023 / 09:02:00";"WINV23";"C";"3";"120.665,00";"executada";"saída";"3";"120.165,00";"-250,00";"-0,21";"-150,00"
"13621752533";"30/08/2023 / 09:00:34";"WDOU23";"C";"1";"4.853,00";"executada";"saída";"1";"4.853,00";"9,00";"0,19";"90,00"
"13621752308";"30/08/2023 / 08:59:29";"WINV23";"V";"3";"119.000,00";"executada";"entrada";"3";"119.915,00";"-";"-";"-"
"13621752531";"30/08/2023 / 08:59:18";"WDOU23";"V";"1";"4.820,00";"executada";"entrada";"1";"4.862,00";"-";"-";"-"
"13621752530";"29/08/2023 / 09:40:50";"WDOU23";"C";"1";"4.928,50";"executada";"saída";"1";"4.899,00";"-5,50";"-0,11";"-55,00"
"13621752528";"29/08/2023 / 09:38:08";"WDOU23";"V";"1";"4.893,50";"executada";"entrada";"1";"4.893,50";"-";"-";"-"
"13621752526";"29/08/2023 / 09:10:50";"WDOU23";"C";"1";"4.917,00";"executada";"saída";"1";"4.888,50";"-5,50";"-0,11";"-55,00"
"13621752306";"29/08/2023 / 09:06:05";"WINV23";"C";"3";"119.630,00";"executada";"saída";"3";"119.125,00";"-205,00";"-0,17";"-123,00"
"13621752525";"29/08/2023 / 09:00:20";"WDOU23";"V";"1";"4.850,00";"executada";"entrada";"1";"4.883,00";"-";"-";"-"
"13621752305";"29/08/2023 / 08:59:20";"WINV23";"V";"3";"118.000,00";"executada";"entrada";"3";"118.920,00";"-";"-";"-"
"13621752522";"28/08/2023 / 09:30:16";"WDOU23";"V";"1";"4.853,50";"executada";"saída";"1";"4.883,50";"5,50";"0,11";"55,00"
"13621752521";"28/08/2023 / 09:14:03";"WDOU23";"C";"1";"4.878,00";"executada";"entrada";"1";"4.878,00";"-";"-";"-"
"13621752519";"28/08/2023 / 09:01:59";"WDOU23";"V";"1";"4.845,00";"executada";"saída";"1";"4.875,00";"-5,50";"-0,11";"-55,00"
"13621752517";"28/08/2023 / 09:00:29";"WDOU23";"C";"1";"4.900,00";"executada";"entrada";"1";"4.880,50";"-";"-";"-"
"13621752303";"25/08/2023 / 09:01:33";"WINV23";"V";"3";"118.260,00";"executada";"saída";"3";"118.750,00";"-275,00";"-0,23";"-165,00"
"13621752301";"25/08/2023 / 08:59:20";"WINV23";"C";"3";"119.750,00";"executada";"entrada";"3";"119.025,00";"-";"-";"-"
"13621752514";"24/08/2023 / 09:20:57";"WDOU23";"C";"1";"4.875,50";"executada";"saída";"1";"4.875,50";"4,50";"0,09";"45,00"
"13621752513";"24/08/2023 / 09:20:36";"WDOU23";"V";"1";"4.880,00";"executada";"entrada";"1";"4.880,00";"-";"-";"-"
"13621752299";"24/08/2023 / 09:00:51";"WINV23";"C";"3";"119.875,00";"executada";"saída";"3";"119.875,00";"220,00";"0,18";"132,00"
"13621752510";"24/08/2023 / 09:00:33";"WDOU23";"V";"1";"4.884,50";"executada";"saída";"1";"4.884,50";"5,50";"0,11";"55,00"
"13621752508";"24/08/2023 / 08:59:41";"WDOU23";"C";"1";"4.920,00";"executada";"entrada";"1";"4.879,00";"-";"-";"-"
"13621752296";"24/08/2023 / 08:59:25";"WINV23";"V";"3";"119.700,00";"executada";"entrada";"3";"120.095,00";"-";"-";"-"
"13621752506";"23/08/2023 / 09:11:51";"WDOU23";"V";"1";"4.905,50";"executada";"saída";"1";"4.935,50";"-6,50";"-0,13";"-65,00"
"13621752503";"23/08/2023 / 09:06:47";"WDOU23";"C";"1";"4.942,00";"executada";"entrada";"1";"4.942,00";"-";"-";"-"
"13621752294";"23/08/2023 / 09:00:56";"WINV23";"C";"3";"118.505,00";"executada";"saída";"3";"118.505,00";"305,00";"0,26";"183,00"
"13621752502";"23/08/2023 / 09:00:52";"WDOU23";"V";"1";"4.942,00";"executada";"saída";"1";"4.942,00";"7,00";"0,14";"70,00"
"13621752500";"23/08/2023 / 08:59:23";"WDOU23";"C";"1";"4.980,00";"executada";"entrada";"1";"4.935,00";"-";"-";"-"
"13621752292";"23/08/2023 / 08:59:17";"WINV23";"V";"3";"118.000,00";"executada";"entrada";"3";"118.810,00";"-";"-";"-"
"13621752498";"22/08/2023 / 09:25:26";"WDOU23";"V";"1";"4.928,00";"executada";"saída";"1";"4.958,00";"-5,50";"-0,11";"-55,00"
"13621752496";"22/08/2023 / 09:18:42";"WDOU23";"C";"1";"4.963,50";"executada";"entrada";"1";"4.963,50";"-";"-";"-"
"13621752289";"22/08/2023 / 09:01:13";"WINV23";"C";"3";"117.520,00";"executada";"saída";"3";"117.050,00";"-250,00";"-0,21";"-150,00"
"13621752495";"22/08/2023 / 09:01:02";"WDOU23";"V";"1";"4.937,50";"executada";"saída";"1";"4.967,00";"-5,50";"-0,11";"-55,00"
"13621752493";"22/08/2023 / 09:00:38";"WDOU23";"C";"1";"5.000,00";"executada";"entrada";"1";"4.972,50";"-";"-";"-"
"13621752288";"22/08/2023 / 09:00:29";"WINV23";"V";"3";"116.000,00";"executada";"entrada";"3";"116.800,00";"-";"-";"-"
"13621752490";"21/08/2023 / 09:00:58";"WDOU23";"V";"2";"4.945,50";"executada";"saída";"2";"4.975,00";"-5,00";"-0,10";"-100,00"
"13621752487";"21/08/2023 / 08:59:38";"WDOU23";"C";"1";"5.030,00";"executada";"entrada";"1";"4.980,00";"-";"-";"-"
"13621752486";"21/08/2023 / 08:59:28";"WDOU23";"C";"1";"5.030,00";"executada";"entrada";"1";"4.980,00";"-";"-";"-"
"13621752286";"18/08/2023 / 10:03:16";"WINV23";"V";"3";"116.190,00";"executada";"saída";"3";"116.690,00";"-300,00";"-0,26";"-180,00"
"13621752284";"18/08/2023 / 08:59:37";"WINV23";"C";"3";"118.000,00";"executada";"entrada";"3";"116.990,00";"-";"-";"-"
"13621752281";"17/08/2023 / 10:19:05";"WINV23";"C";"3";"119.325,00";"executada";"saída";"3";"118.825,00";"-265,00";"-0,22";"-159,00"
"13621752484";"17/08/2023 / 09:01:00";"WDOU23";"V";"2";"4.952,50";"executada";"saída";"2";"4.981,50";"-5,50";"-0,11";"-110,00"
"13621752280";"17/08/2023 / 08:59:53";"WINV23";"V";"3";"117.500,00";"executada";"entrada";"3";"118.560,00";"-";"-";"-"
"13621752482";"17/08/2023 / 08:59:38";"WDOU23";"C";"1";"5.040,00";"executada";"entrada";"1";"4.987,00";"-";"-";"-"
"13621752479";"17/08/2023 / 08:59:28";"WDOU23";"C";"1";"5.040,00";"executada";"entrada";"1";"4.987,00";"-";"-";"-"
"13621752277";"16/08/2023 / 09:06:14";"WINV23";"C";"3";"119.230,00";"executada";"saída";"3";"118.735,00";"-295,00";"-0,25";"-177,00"
"13621752478";"16/08/2023 / 09:02:05";"WDOU23";"V";"2";"4.953,50";"executada";"saída";"2";"4.983,50";"-7,00";"-0,14";"-140,00"
"13621752475";"16/08/2023 / 09:00:09";"WDOU23";"C";"1";"5.050,00";"executada";"entrada";"1";"4.990,50";"-";"-";"-"
"13621752474";"16/08/2023 / 09:00:01";"WDOU23";"C";"1";"5.050,00";"executada";"entrada";"1";"4.990,50";"-";"-";"-"
"13621752275";"16/08/2023 / 08:59:50";"WINV23";"V";"3";"117.500,00";"executada";"entrada";"3";"118.440,00";"-";"-";"-"
"13621752273";"15/08/2023 / 09:04:40";"WINQ23";"C";"3";"116.875,00";"executada";"saída";"3";"116.415,00";"-345,00";"-0,30";"-207,00"
"13621752471";"15/08/2023 / 09:00:38";"WDOU23";"C";"1";"4.987,50";"executada";"saída";"1";"4.987,50";"5,50";"0,11";"55,00"
"13621752470";"15/08/2023 / 08:59:33";"WDOU23";"V";"1";"4.950,00";"executada";"entrada";"1";"4.993,00";"-";"-";"-"
"13621752271";"15/08/2023 / 08:59:15";"WINQ23";"V";"3";"115.700,00";"executada";"entrada";"3";"116.070,00";"-";"-";"-"
"13621752468";"14/08/2023 / 09:00:51";"WDOU23";"V";"2";"4.937,50";"executada";"saída";"2";"4.937,50";"5,50";"0,11";"110,00"
"13621752465";"14/08/2023 / 09:00:26";"WDOU23";"C";"1";"4.950,00";"executada";"entrada";"1";"4.932,00";"-";"-";"-"
"13621752464";"14/08/2023 / 09:00:18";"WDOU23";"C";"1";"4.950,00";"executada";"entrada";"1";"4.932,00";"-";"-";"-"
"13621752269";"11/08/2023 / 09:00:53";"WINQ23";"V";"3";"117.620,00";"executada";"saída";"3";"118.140,00";"-210,00";"-0,18";"-126,00"
"13621752268";"11/08/2023 / 08:59:23";"WINQ23";"C";"3";"119.000,00";"executada";"entrada";"3";"118.350,00";"-";"-";"-"
"13621752461";"10/08/2023 / 09:01:23";"WDOU23";"V";"2";"4.874,50";"executada";"saída";"2";"4.904,00";"-5,50";"-0,11";"-110,00"
"13621752266";"10/08/2023 / 09:00:45";"WINQ23";"C";"3";"118.830,00";"executada";"saída";"3";"118.830,00";"270,00";"0,23";"162,00"
"13621752460";"10/08/2023 / 08:59:36";"WDOU23";"C";"1";"4.950,00";"executada";"entrada";"1";"4.909,50";"-";"-";"-"
"13621752457";"10/08/2023 / 08:59:27";"WDOU23";"C";"1";"4.950,00";"executada";"entrada";"1";"4.909,50";"-";"-";"-"
"13621752264";"10/08/2023 / 08:59:04";"WINQ23";"V";"3";"118.000,00";"executada";"entrada";"3";"119.100,00";"-";"-";"-"
"13621752455";"09/08/2023 / 09:07:28";"WDOU23";"V";"2";"4.878,00";"executada";"saída";"2";"4.908,00";"-6,50";"-0,13";"-130,00"
"13621752261";"09/08/2023 / 09:00:35";"WINQ23";"C";"3";"119.370,00";"executada";"saída";"3";"119.370,00";"370,00";"0,31";"222,00"
"13621752260";"09/08/2023 / 08:59:42";"WINQ23";"V";"3";"119.400,00";"executada";"entrada";"3";"119.740,00";"-";"-";"-"
"13621752453";"09/08/2023 / 08:59:25";"WDOU23";"C";"1";"4.940,00";"executada";"entrada";"1";"4.914,50";"-";"-";"-"
"13621752452";"09/08/2023 / 08:59:15";"WDOU23";"C";"1";"4.930,00";"executada";"entrada";"1";"4.914,50";"-";"-";"-"
"13621752450";"08/08/2023 / 09:01:07";"WDOU23";"C";"1";"4.989,50";"executada";"saída";"1";"4.961,00";"-6,50";"-0,13";"-65,00"
"13621752257";"08/08/2023 / 09:00:52";"WINQ23";"C";"3";"118.365,00";"executada";"saída";"3";"118.365,00";"310,00";"0,26";"186,00"
"13621752449";"08/08/2023 / 08:59:59";"WDOU23";"V";"1";"4.900,00";"executada";"entrada";"1";"4.954,50";"-";"-";"-"
"13621752255";"08/08/2023 / 08:59:40";"WINQ23";"V";"3";"118.000,00";"executada";"entrada";"3";"118.675,00";"-";"-";"-"
"13621752447";"07/08/2023 / 09:09:47";"WDOU23";"C";"2";"4.932,00";"executada";"saída";"2";"4.903,00";"-8,00";"-0,16";"-160,00"
"13621752445";"07/08/2023 / 09:00:39";"WDOU23";"V";"1";"4.850,00";"executada";"entrada";"1";"4.895,00";"-";"-";"-"
"13621752444";"07/08/2023 / 09:00:31";"WDOU23";"V";"1";"4.850,00";"executada";"entrada";"1";"4.895,00";"-";"-";"-"
"13621752253";"04/08/2023 / 09:00:50";"WINQ23";"C";"3";"120.245,00";"executada";"saída";"3";"120.245,00";"435,00";"0,36";"261,00"
"13621752252";"04/08/2023 / 08:59:17";"WINQ23";"V";"3";"120.500,00";"executada";"entrada";"3";"120.680,00";"-";"-";"-"
"13621752442";"03/08/2023 / 09:01:24";"WDOU23";"C";"2";"4.907,00";"executada";"saída";"2";"4.883,00";"-12,00";"-0,25";"-240,00"
"13621752249";"03/08/2023 / 09:00:59";"WINQ23";"V";"3";"122.565,00";"executada";"saída";"3";"122.565,00";"325,00";"0,27";"195,00"
"13621752440";"03/08/2023 / 08:59:52";"WDOU23";"V";"1";"4.820,00";"executada";"entrada";"1";"4.871,00";"-";"-";"-"
"13621752247";"03/08/2023 / 08:59:47";"WINQ23";"C";"3";"122.700,00";"executada";"entrada";"3";"122.240,00";"-";"-";"-"
"13621752438";"03/08/2023 / 08:59:34";"WDOU23";"V";"1";"4.820,00";"executada";"entrada";"1";"4.871,00";"-";"-";"-"
"13621752436";"02/08/2023 / 09:00:47";"WDOU23";"C";"2";"4.821,00";"executada";"saída";"2";"4.821,00";"6,00";"0,12";"120,00"
"13621752245";"02/08/2023 / 09:00:33";"WINQ23";"V";"3";"121.375,00";"executada";"saída";"3";"121.375,00";"345,00";"0,29";"207,00"
"13621752242";"02/08/2023 / 08:59:48";"WINQ23";"C";"3";"122.000,00";"executada";"entrada";"3";"121.030,00";"-";"-";"-"
"13621752434";"02/08/2023 / 08:59:32";"WDOU23";"V";"1";"4.800,00";"executada";"entrada";"1";"4.827,00";"-";"-";"-"
"13621752432";"02/08/2023 / 08:59:19";"WDOU23";"V";"1";"4.800,00";"executada";"entrada";"1";"4.827,00";"-";"-";"-"
"13621752430";"01/08/2023 / 09:08:23";"WDOU23";"C";"1";"4.804,00";"executada";"saída";"1";"4.774,00";"-7,00";"-0,15";"-70,00"
"13621752240";"01/08/2023 / 09:07:35";"WINQ23";"V";"3";"121.415,00";"executada";"saída";"3";"121.910,00";"-315,00";"-0,26";"-189,00"
"13621752428";"01/08/2023 / 09:03:23";"WDOU23";"V";"1";"4.737,50";"executada";"entrada";"1";"4.767,00";"-";"-";"-"
"13621752237";"01/08/2023 / 09:00:12";"WINQ23";"C";"3";"123.155,00";"executada";"entrada";"3";"122.225,00";"-";"-";"-"
"13621752426";"31/07/2023 / 09:06:14";"WDOU23";"C";"2";"4.784,00";"executada";"saída";"2";"4.754,50";"6,50";"0,14";"130,00"
"13621752424";"31/07/2023 / 08:59:11";"WDOU23";"V";"1";"4.710,00";"executada";"entrada";"1";"4.761,00";"-";"-";"-"
"13621752422";"31/07/2023 / 08:59:05";"WDOU23";"V";"1";"4.710,00";"executada";"entrada";"1";"4.761,00";"-";"-";"-"
"13621752420";"28/07/2023 / 09:53:00";"WDOQ23";"V";"1";"4.730,00";"executada";"saída";"1";"4.730,00";"23,00";"0,49";"230,00"
"13621752419";"28/07/2023 / 09:52:44";"WDOQ23";"C";"1";"4.736,50";"executada";"entrada";"1";"4.707,00";"-";"-";"-"
"13621752417";"28/07/2023 / 09:52:39";"WDOQ23";"V";"1";"4.676,50";"executada";"saída";"1";"4.706,00";"-9,50";"-0,20";"-95,00"
"13621752414";"28/07/2023 / 09:47:57";"WDOQ23";"C";"1";"4.715,50";"executada";"entrada";"1";"4.715,50";"-";"-";"-"
"13621752235";"28/07/2023 / 09:01:47";"WINQ23";"C";"3";"121.635,00";"executada";"saída";"3";"121.090,00";"-280,00";"-0,23";"-168,00"
"13621752234";"28/07/2023 / 08:59:44";"WINQ23";"V";"3";"120.000,00";"executada";"entrada";"3";"120.810,00";"-";"-";"-"
"13621752413";"27/07/2023 / 10:26:02";"WDOQ23";"C";"1";"4.757,50";"executada";"saída";"1";"4.727,50";"-12,00";"-0,25";"-120,00"
"13621752411";"27/07/2023 / 10:05:40";"WDOQ23";"V";"1";"4.714,50";"executada";"entrada";"1";"4.715,50";"-";"-";"-"
"13621752409";"27/07/2023 / 10:05:03";"WDOQ23";"V";"1";"4.684,50";"executada";"saída";"1";"4.714,50";"-12,50";"-0,26";"-125,00"
"13621752407";"27/07/2023 / 09:59:36";"WDOQ23";"C";"1";"4.728,50";"executada";"entrada";"1";"4.727,00";"-";"-";"-"
"13621752232";"27/07/2023 / 09:07:22";"WINQ23";"V";"3";"122.860,00";"executada";"saída";"3";"123.365,00";"-290,00";"-0,23";"-174,00"
"13621752406";"27/07/2023 / 09:04:38";"WDOQ23";"C";"2";"4.762,50";"executada";"saída";"2";"4.733,50";"-7,00";"-0,15";"-140,00"
"13621752403";"27/07/2023 / 08:59:33";"WDOQ23";"V";"1";"4.680,00";"executada";"entrada";"1";"4.726,50";"-";"-";"-"
"13621752401";"27/07/2023 / 08:59:18";"WDOQ23";"V";"1";"4.680,00";"executada";"entrada";"1";"4.726,50";"-";"-";"-"
"13621752231";"27/07/2023 / 08:59:08";"WINQ23";"C";"3";"124.200,00";"executada";"entrada";"3";"123.655,00";"-";"-";"-"
"13621752400";"26/07/2023 / 09:00:58";"WDOQ23";"C";"2";"4.741,00";"executada";"saída";"2";"4.741,00";"6,00";"0,13";"120,00"
"13621752228";"26/07/2023 / 09:00:52";"WINQ23";"V";"3";"122.955,00";"executada";"saída";"3";"122.955,00";"305,00";"0,25";"183,00"
"13621752398";"26/07/2023 / 08:59:41";"WDOQ23";"V";"1";"4.710,00";"executada";"entrada";"1";"4.747,00";"-";"-";"-"
"13621752225";"26/07/2023 / 08:59:39";"WINQ23";"C";"3";"123.500,00";"executada";"entrada";"3";"122.650,00";"-";"-";"-"
"13621752395";"26/07/2023 / 08:59:24";"WDOQ23";"V";"1";"4.710,00";"executada";"entrada";"1";"4.747,00";"-";"-";"-"
"13621752394";"25/07/2023 / 09:01:06";"WDOQ23";"V";"1";"4.696,50";"executada";"saída";"1";"4.726,50";"-4,50";"-0,10";"-45,00"
"13621752223";"25/07/2023 / 09:00:41";"WINQ23";"V";"3";"123.495,00";"executada";"saída";"3";"123.495,00";"340,00";"0,28";"204,00"
"13621752221";"25/07/2023 / 08:59:27";"WINQ23";"C";"3";"123.500,00";"executada";"entrada";"3";"123.155,00";"-";"-";"-"
"13621752392";"25/07/2023 / 08:59:20";"WDOQ23";"C";"1";"4.800,00";"executada";"entrada";"1";"4.731,00";"-";"-";"-"
"13621752390";"24/07/2023 / 10:20:13";"WDOQ23";"V";"1";"4.775,50";"executada";"saída";"1";"4.775,50";"6,50";"0,14";"65,00"
"13621752388";"24/07/2023 / 10:16:24";"WDOQ23";"C";"1";"4.769,00";"executada";"entrada";"1";"4.769,00";"-";"-";"-"
"13621752386";"24/07/2023 / 09:08:13";"WDOQ23";"C";"1";"4.775,00";"executada";"saída";"1";"4.775,00";"3,00";"0,06";"30,00"
"13621752384";"24/07/2023 / 09:07:49";"WDOQ23";"C";"1";"4.783,50";"executada";"saída";"1";"4.783,50";"-5,50";"-0,12";"-55,00"
"13621752381";"24/07/2023 / 08:59:42";"WDOQ23";"V";"1";"4.750,00";"executada";"entrada";"1";"4.778,00";"-";"-";"-"
"13621752380";"24/07/2023 / 08:59:36";"WDOQ23";"V";"1";"4.750,00";"executada";"entrada";"1";"4.778,00";"-";"-";"-"
"13621752220";"21/07/2023 / 09:00:43";"WINQ23";"V";"3";"119.375,00";"executada";"saída";"3";"119.375,00";"275,00";"0,23";"165,00"
"13621752217";"21/07/2023 / 08:59:27";"WINQ23";"C";"3";"119.800,00";"executada";"entrada";"3";"119.100,00";"-";"-";"-"
"13621752378";"20/07/2023 / 10:05:50";"WDOQ23";"C";"1";"4.816,50";"executada";"saída";"1";"4.787,00";"9,00";"0,19";"90,00"
"13621752376";"20/07/2023 / 09:38:52";"WDOQ23";"V";"1";"4.796,00";"executada";"entrada";"1";"4.796,00";"-";"-";"-"
"13621752375";"20/07/2023 / 09:05:25";"WDOQ23";"V";"1";"4.810,00";"executada";"entrada";"1";"4.810,00";"-";"-";"-"
"13621752373";"20/07/2023 / 09:04:38";"WDOQ23";"C";"1";"4.805,50";"executada";"saída";"1";"4.805,50";"-4,50";"-0,09";"-45,00"
"13621752371";"20/07/2023 / 09:00:49";"WDOQ23";"C";"2";"4.801,00";"executada";"saída";"2";"4.801,00";"4,50";"0,09";"90,00"
"13621752216";"20/07/2023 / 09:00:47";"WINQ23";"C";"3";"118.655,00";"executada";"saída";"3";"118.655,00";"295,00";"0,25";"177,00"
"13621752370";"20/07/2023 / 08:59:26";"WDOQ23";"V";"1";"4.750,00";"executada";"entrada";"1";"4.801,00";"-";"-";"-"
"13621752368";"20/07/2023 / 08:59:18";"WDOQ23";"V";"1";"4.750,00";"executada";"entrada";"1";"4.801,00";"-";"-";"-"
"13621752213";"20/07/2023 / 08:59:07";"WINQ23";"V";"3";"118.000,00";"executada";"entrada";"3";"118.950,00";"-";"-";"-"
"13621752367";"19/07/2023 / 10:04:34";"WDOQ23";"C";"1";"4.804,00";"executada";"saída";"1";"4.804,00";"11,00";"0,23";"110,00"
"13621752365";"19/07/2023 / 10:03:28";"WDOQ23";"V";"1";"4.815,00";"executada";"entrada";"1";"4.815,00";"-";"-";"-"
"13621752211";"19/07/2023 / 09:00:55";"WINQ23";"C";"3";"118.835,00";"executada";"saída";"3";"118.835,00";"315,00";"0,26";"189,00"
"13621752364";"19/07/2023 / 09:00:52";"WDOQ23";"C";"2";"4.820,00";"executada";"saída";"2";"4.820,00";"7,00";"0,14";"140,00"
"13621752362";"19/07/2023 / 08:59:29";"WDOQ23";"V";"1";"4.780,00";"executada";"entrada";"1";"4.827,00";"-";"-";"-"
"13621752359";"19/07/2023 / 08:59:23";"WDOQ23";"V";"1";"4.780,00";"executada";"entrada";"1";"4.827,00";"-";"-";"-"
"13621752210";"19/07/2023 / 08:59:17";"WINQ23";"V";"3";"118.300,00";"executada";"entrada";"3";"119.150,00";"-";"-";"-"
"13621752357";"18/07/2023 / 09:32:15";"WDOQ23";"V";"1";"4.833,50";"executada";"saída";"1";"4.833,50";"10,50";"0,22";"105,00"
"13621752356";"18/07/2023 / 09:32:08";"WDOQ23";"C";"1";"4.823,00";"executada";"entrada";"1";"4.823,00";"-";"-";"-"
"13621752354";"18/07/2023 / 09:30:36";"WDOQ23";"V";"1";"4.782,00";"executada";"saída";"1";"4.812,00";"-11,00";"-0,23";"-110,00"
"13621752352";"18/07/2023 / 09:29:53";"WDOQ23";"C";"1";"4.823,00";"executada";"entrada";"1";"4.823,00";"-";"-";"-"
"13621752350";"18/07/2023 / 09:02:41";"WDOQ23";"V";"1";"4.782,50";"executada";"saída";"1";"4.812,50";"-5,50";"-0,11";"-55,00"
"13621752207";"18/07/2023 / 09:00:49";"WINQ23";"C";"3";"119.235,00";"executada";"saída";"3";"119.235,00";"265,00";"0,22";"159,00"
"13621752206";"18/07/2023 / 08:59:48";"WINQ23";"V";"3";"118.500,00";"executada";"entrada";"3";"119.500,00";"-";"-";"-"
"13621752347";"18/07/2023 / 08:59:15";"WDOQ23";"C";"1";"4.850,00";"executada";"entrada";"1";"4.818,00";"-";"-";"-"
"13621752346";"17/07/2023 / 09:38:20";"WDOQ23";"C";"2";"4.863,00";"executada";"saída";"2";"4.833,50";"-12,50";"-0,26";"-250,00"
"13621752343";"17/07/2023 / 09:09:38";"WDOQ23";"V";"1";"4.827,00";"executada";"entrada";"1";"4.827,00";"-";"-";"-"
"13621752341";"17/07/2023 / 09:09:18";"WDOQ23";"C";"1";"4.821,00";"executada";"saída";"1";"4.821,00";"-6,00";"-0,12";"-60,00"
"13621752340";"17/07/2023 / 08:59:42";"WDOQ23";"V";"1";"4.770,00";"executada";"entrada";"1";"4.815,00";"-";"-";"-"
"13621752337";"17/07/2023 / 08:59:35";"WDOQ23";"V";"1";"4.770,00";"executada";"entrada";"1";"4.815,00";"-";"-";"-"
"13621752204";"14/07/2023 / 09:35:34";"WINQ23";"V";"3";"119.910,00";"executada";"saída";"3";"120.410,00";"-320,00";"-0,27";"-192,00"
"13621752336";"14/07/2023 / 09:30:51";"WDOQ23";"C";"1";"4.795,50";"executada";"saída";"1";"4.795,50";"10,00";"0,21";"100,00"
"13621752334";"14/07/2023 / 09:30:12";"WDOQ23";"V";"1";"4.805,50";"executada";"entrada";"1";"4.805,50";"-";"-";"-"
"13621752202";"14/07/2023 / 08:59:13";"WINQ23";"C";"3";"121.000,00";"executada";"entrada";"3";"120.730,00";"-";"-";"-"
"13621752201";"13/07/2023 / 10:20:24";"WINQ23";"C";"3";"120.715,00";"executada";"saída";"3";"120.225,00";"-280,00";"-0,23";"-168,00"
"13621752332";"13/07/2023 / 09:46:56";"WDOQ23";"V";"1";"4.790,50";"executada";"saída";"1";"4.820,50";"-12,00";"-0,25";"-120,00"
"13621752331";"13/07/2023 / 09:36:25";"WDOQ23";"C";"1";"4.832,50";"executada";"entrada";"1";"4.832,50";"-";"-";"-"
"13621752199";"13/07/2023 / 09:03:17";"WINQ23";"V";"3";"119.945,00";"executada";"entrada";"3";"119.945,00";"-";"-";"-"
"13621752196";"13/07/2023 / 09:03:03";"WINQ23";"C";"3";"120.165,00";"executada";"saída";"3";"119.665,00";"-270,00";"-0,23";"-162,00"
"13621752329";"13/07/2023 / 09:00:34";"WDOQ23";"V";"2";"4.826,00";"executada";"saída";"2";"4.826,00";"10,00";"0,21";"200,00"
"13621752327";"13/07/2023 / 08:59:59";"WDOQ23";"C";"1";"4.850,00";"executada";"entrada";"1";"4.816,00";"-";"-";"-"
"13621752325";"13/07/2023 / 08:59:53";"WDOQ23";"C";"1";"4.850,00";"executada";"entrada";"1";"4.816,00";"-";"-";"-"
"13621752195";"13/07/2023 / 08:59:24";"WINQ23";"V";"3";"118.500,00";"executada";"entrada";"3";"119.395,00";"-";"-";"-"
"13621752323";"12/07/2023 / 09:58:26";"WDOQ23";"V";"1";"4.794,50";"executada";"saída";"1";"4.824,50";"-10,00";"-0,21";"-100,00"
"13621752321";"12/07/2023 / 09:49:44";"WDOQ23";"C";"1";"4.865,00";"executada";"entrada";"1";"4.834,50";"-";"-";"-"
"13621752319";"12/07/2023 / 09:00:59";"WDOQ23";"V";"2";"4.875,00";"executada";"saída";"2";"4.875,00";"7,50";"0,15";"150,00"
"13621752193";"12/07/2023 / 09:00:34";"WINQ23";"C";"3";"119.190,00";"executada";"saída";"3";"119.190,00";"315,00";"0,26";"189,00"
"13621752317";"12/07/2023 / 08:59:32";"WDOQ23";"C";"1";"4.930,00";"executada";"entrada";"1";"4.867,50";"-";"-";"-"
"13621752315";"12/07/2023 / 08:59:27";"WDOQ23";"C";"1";"4.930,00";"executada";"entrada";"1";"4.867,50";"-";"-";"-"
"13621752191";"12/07/2023 / 08:59:14";"WINQ23";"V";"3";"118.700,00";"executada";"entrada";"3";"119.505,00";"-";"-";"-"
"13621752312";"11/07/2023 / 09:19:50";"WDOQ23";"V";"1";"4.933,00";"executada";"saída";"1";"4.933,00";"12,00";"0,24";"120,00"
"13621752311";"11/07/2023 / 09:19:23";"WDOQ23";"C";"1";"4.921,00";"executada";"entrada";"1";"4.921,00";"-";"-";"-"
"13621752309";"11/07/2023 / 09:00:57";"WDOQ23";"C";"1";"4.909,00";"executada";"saída";"1";"4.909,00";"7,50";"0,15";"75,00"
"13621752189";"11/07/2023 / 09:00:47";"WINQ23";"C";"3";"119.455,00";"executada";"saída";"3";"119.455,00";"265,00";"0,22";"159,00"
"13621752186";"11/07/2023 / 08:59:39";"WINQ23";"V";"3";"119.000,00";"executada";"entrada";"3";"119.720,00";"-";"-";"-"
"13621752307";"11/07/2023 / 08:59:31";"WDOQ23";"V";"1";"4.850,00";"executada";"entrada";"1";"4.916,50";"-";"-";"-"
"13621752304";"10/07/2023 / 09:41:34";"WDOQ23";"V";"1";"4.853,00";"executada";"saída";"1";"4.883,00";"-14,00";"-0,29";"-140,00"
"13621752302";"10/07/2023 / 09:33:15";"WDOQ23";"C";"1";"4.898,50";"executada";"entrada";"1";"4.897,00";"-";"-";"-"
"13621752300";"10/07/2023 / 09:03:19";"WDOQ23";"V";"1";"4.892,50";"executada";"saída";"1";"4.892,50";"4,50";"0,09";"45,00"
"13621752298";"10/07/2023 / 09:02:47";"WDOQ23";"V";"1";"4.879,50";"executada";"saída";"1";"4.880,50";"-7,50";"-0,15";"-75,00"
"13621752297";"10/07/2023 / 08:59:21";"WDOQ23";"C";"1";"4.950,00";"executada";"entrada";"1";"4.888,00";"-";"-";"-"
"13621752295";"10/07/2023 / 08:59:02";"WDOQ23";"C";"1";"4.950,00";"executada";"entrada";"1";"4.888,00";"-";"-";"-"
"13621752185";"07/07/2023 / 09:00:34";"WINQ23";"C";"3";"119.290,00";"executada";"saída";"3";"119.290,00";"295,00";"0,25";"177,00"
"13621752182";"07/07/2023 / 08:59:28";"WINQ23";"V";"3";"118.800,00";"executada";"entrada";"3";"119.585,00";"-";"-";"-"
"13621752293";"06/07/2023 / 10:35:05";"WDOQ23";"V";"1";"4.866,00";"executada";"saída";"1";"4.896,00";"-9,00";"-0,18";"-90,00"
"13621752291";"06/07/2023 / 10:04:47";"WDOQ23";"C";"1";"4.935,00";"executada";"entrada";"1";"4.905,00";"-";"-";"-"
"13621752180";"06/07/2023 / 09:53:13";"WINQ23";"V";"3";"119.515,00";"executada";"saída";"3";"120.070,00";"-280,00";"-0,23";"-168,00"
"13621752179";"06/07/2023 / 09:05:37";"WINQ23";"C";"3";"120.350,00";"executada";"entrada";"3";"120.350,00";"-";"-";"-"
"13621752177";"06/07/2023 / 09:05:11";"WINQ23";"V";"3";"120.165,00";"executada";"saída";"3";"120.635,00";"-365,00";"-0,30";"-219,00"
"13621752290";"06/07/2023 / 09:02:03";"WDOQ23";"V";"1";"4.874,00";"executada";"saída";"1";"4.874,00";"3,50";"0,07";"35,00"
"13621752287";"06/07/2023 / 09:01:05";"WDOQ23";"V";"2";"4.837,50";"executada";"saída";"2";"4.866,50";"-4,00";"-0,08";"-80,00"
"13621752285";"06/07/2023 / 09:00:06";"WDOQ23";"C";"1";"4.900,00";"executada";"entrada";"1";"4.870,50";"-";"-";"-"
"13621752283";"06/07/2023 / 08:59:57";"WDOQ23";"C";"1";"4.900,00";"executada";"entrada";"1";"4.870,50";"-";"-";"-"
"13621752175";"06/07/2023 / 08:59:55";"WINQ23";"C";"3";"121.500,00";"executada";"entrada";"3";"121.000,00";"-";"-";"-"
"13621752282";"06/07/2023 / 08:59:41";"WDOQ23";"C";"1";"4.900,00";"executada";"entrada";"1";"4.870,50";"-";"-";"-"
"13621752279";"05/07/2023 / 09:07:23";"WDOQ23";"C";"4";"4.916,00";"executada";"saída";"4";"4.886,00";"-11,50";"-0,24";"-460,00"
"13621752278";"05/07/2023 / 09:04:23";"WDOQ23";"V";"2";"4.881,00";"executada";"entrada";"2";"4.881,00";"-";"-";"-"
"13621752174";"05/07/2023 / 09:00:34";"WINQ23";"V";"3";"120.605,00";"executada";"saída";"3";"120.605,00";"235,00";"0,20";"141,00"
"13621752172";"05/07/2023 / 08:59:42";"WINQ23";"C";"3";"121.500,00";"executada";"entrada";"3";"120.370,00";"-";"-";"-"
"13621752276";"05/07/2023 / 08:59:24";"WDOQ23";"V";"1";"4.830,00";"executada";"entrada";"1";"4.868,00";"-";"-";"-"
"13621752274";"05/07/2023 / 08:59:14";"WDOQ23";"V";"1";"4.830,00";"executada";"entrada";"1";"4.868,00";"-";"-";"-"
"13621752170";"04/07/2023 / 10:22:32";"WINQ23";"V";"3";"121.440,00";"executada";"saída";"3";"121.440,00";"590,00";"0,49";"354,00"
"13621752168";"04/07/2023 / 09:48:39";"WINQ23";"C";"3";"120.850,00";"executada";"entrada";"3";"120.850,00";"-";"-";"-"
"13621752166";"04/07/2023 / 09:48:04";"WINQ23";"V";"3";"120.650,00";"executada";"saída";"3";"121.160,00";"-280,00";"-0,23";"-168,00"
"13621752272";"04/07/2023 / 09:01:11";"WDOQ23";"V";"1";"4.786,50";"executada";"saída";"1";"4.816,50";"-6,50";"-0,13";"-65,00"
"13621752270";"04/07/2023 / 08:59:34";"WDOQ23";"C";"1";"4.870,00";"executada";"entrada";"1";"4.823,00";"-";"-";"-"
"13621752163";"04/07/2023 / 08:59:27";"WINQ23";"C";"3";"122.000,00";"executada";"entrada";"3";"121.440,00";"-";"-";"-"
"13621752267";"03/07/2023 / 09:00:46";"WDOQ23";"C";"2";"4.813,50";"executada";"saída";"2";"4.813,50";"7,50";"0,16";"150,00"
"13621752265";"03/07/2023 / 08:59:43";"WDOQ23";"V";"1";"4.780,00";"executada";"entrada";"1";"4.821,00";"-";"-";"-"
"13621752263";"03/07/2023 / 08:59:37";"WDOQ23";"V";"1";"4.780,00";"executada";"entrada";"1";"4.821,00";"-";"-";"-"
"13621752162";"30/06/2023 / 09:01:47";"WINQ23";"V";"3";"120.100,00";"executada";"saída";"3";"120.605,00";"-255,00";"-0,21";"-153,00"
"13621752159";"30/06/2023 / 09:00:07";"WINQ23";"C";"3";"121.200,00";"executada";"entrada";"3";"120.860,00";"-";"-";"-"
"13621752157";"29/06/2023 / 09:05:50";"WINQ23";"V";"3";"119.115,00";"executada";"saída";"3";"119.115,00";"610,00";"0,51";"366,00"
"13621752154";"29/06/2023 / 09:04:21";"WINQ23";"C";"3";"118.505,00";"executada";"entrada";"3";"118.505,00";"-";"-";"-"
"13621752152";"29/06/2023 / 09:03:24";"WINQ23";"V";"3";"118.320,00";"executada";"saída";"3";"118.795,00";"-320,00";"-0,27";"-192,00"
"13621752262";"29/06/2023 / 09:00:34";"WDON23";"C";"3";"4.842,00";"executada";"saída";"3";"4.842,00";"6,00";"0,12";"180,00"
"13621752150";"29/06/2023 / 08:59:49";"WINQ23";"C";"3";"119.500,00";"executada";"entrada";"3";"119.115,00";"-";"-";"-"
"13621752259";"29/06/2023 / 08:58:56";"WDON23";"V";"1";"4.800,00";"executada";"entrada";"1";"4.848,00";"-";"-";"-"
"13621752258";"29/06/2023 / 08:58:39";"WDON23";"V";"1";"4.800,00";"executada";"entrada";"1";"4.848,00";"-";"-";"-"
"13621752256";"29/06/2023 / 08:58:26";"WDON23";"V";"1";"4.800,00";"executada";"entrada";"1";"4.848,00";"-";"-";"-"
"13621752148";"28/06/2023 / 09:22:49";"WINQ23";"V";"3";"118.720,00";"executada";"saída";"3";"119.215,00";"-435,00";"-0,36";"-261,00"
"13621752254";"28/06/2023 / 09:09:30";"WDON23";"C";"2";"4.867,00";"executada";"saída";"2";"4.838,00";"-7,50";"-0,16";"-150,00"
"13621752251";"28/06/2023 / 09:07:07";"WDON23";"V";"1";"4.830,50";"executada";"entrada";"1";"4.830,50";"-";"-";"-"
"13621752250";"28/06/2023 / 09:06:59";"WDON23";"V";"1";"4.830,50";"executada";"entrada";"1";"4.830,50";"-";"-";"-"
"13621752248";"28/06/2023 / 09:02:39";"WDON23";"C";"1";"4.853,50";"executada";"saída";"1";"4.823,50";"-6,00";"-0,12";"-60,00"
"13621752146";"28/06/2023 / 08:59:34";"WINQ23";"C";"3";"120.400,00";"executada";"entrada";"3";"119.650,00";"-";"-";"-"
"13621752246";"28/06/2023 / 08:58:19";"WDON23";"V";"1";"4.750,00";"executada";"entrada";"1";"4.817,50";"-";"-";"-"
"13621752244";"27/06/2023 / 09:01:07";"WDON23";"V";"1";"4.736,50";"executada";"saída";"1";"4.764,50";"-6,50";"-0,14";"-65,00"
"13621752144";"27/06/2023 / 09:00:33";"WINQ23";"V";"3";"120.950,00";"executada";"saída";"3";"120.950,00";"315,00";"0,26";"189,00"
"13621752141";"27/06/2023 / 08:59:53";"WINQ23";"C";"3";"121.200,00";"executada";"entrada";"3";"120.635,00";"-";"-";"-"
"13621752243";"27/06/2023 / 08:59:15";"WDON23";"C";"1";"4.800,00";"executada";"entrada";"1";"4.771,00";"-";"-";"-"
"13621752241";"26/06/2023 / 09:00:46";"WDON23";"C";"2";"4.779,00";"executada";"saída";"2";"4.779,00";"6,00";"0,13";"120,00"
"13621752239";"26/06/2023 / 08:59:21";"WDON23";"V";"1";"4.740,00";"executada";"entrada";"1";"4.785,00";"-";"-";"-"
"13621752238";"26/06/2023 / 08:59:08";"WDON23";"V";"1";"4.740,00";"executada";"entrada";"1";"4.785,00";"-";"-";"-"
"13621752140";"23/06/2023 / 09:30:18";"WINQ23";"C";"3";"121.730,00";"executada";"saída";"3";"121.230,00";"-273,33";"-0,23";"-164,00"
"13621752138";"23/06/2023 / 09:14:53";"WINQ23";"V";"1";"121.070,00";"executada";"entrada";"1";"121.070,00";"-";"-";"-"
"13621752136";"23/06/2023 / 09:14:36";"WINQ23";"V";"1";"120.900,00";"executada";"entrada";"1";"120.900,00";"-";"-";"-"
"13621752134";"23/06/2023 / 09:14:07";"WINQ23";"C";"2";"120.800,00";"executada";"saída";"2";"120.800,00";"100,00";"0,08";"40,00"
"13621752131";"23/06/2023 / 08:59:19";"WINQ23";"V";"3";"120.500,00";"executada";"entrada";"3";"120.900,00";"-";"-";"-"
"13621752236";"22/06/2023 / 09:02:16";"WDON23";"C";"1";"4.770,50";"executada";"saída";"1";"4.770,50";"2,50";"0,05";"25,00"
"13621752233";"22/06/2023 / 09:01:05";"WDON23";"C";"1";"4.778,00";"executada";"saída";"1";"4.778,00";"-5,00";"-0,10";"-50,00"
"13621752129";"22/06/2023 / 09:00:58";"WINQ23";"V";"3";"122.060,00";"executada";"saída";"3";"122.060,00";"265,00";"0,22";"159,00"
"13621752230";"22/06/2023 / 08:59:51";"WDON23";"V";"1";"4.730,00";"executada";"entrada";"1";"4.773,00";"-";"-";"-"
"13621752229";"22/06/2023 / 08:59:43";"WDON23";"V";"1";"4.730,00";"executada";"entrada";"1";"4.773,00";"-";"-";"-"
"13621752127";"22/06/2023 / 08:59:27";"WINQ23";"C";"3";"123.000,00";"executada";"entrada";"3";"121.795,00";"-";"-";"-"
"13621752125";"21/06/2023 / 09:33:46";"WINQ23";"V";"3";"121.165,00";"executada";"saída";"3";"121.665,00";"-285,00";"-0,23";"-171,00"
"13621752227";"21/06/2023 / 09:00:34";"WDON23";"C";"2";"4.794,50";"executada";"saída";"2";"4.794,50";"5,50";"0,11";"110,00"
"13621752123";"21/06/2023 / 08:59:33";"WINQ23";"C";"3";"122.500,00";"executada";"entrada";"3";"121.950,00";"-";"-";"-"
"13621752226";"21/06/2023 / 08:59:26";"WDON23";"V";"1";"4.760,00";"executada";"entrada";"1";"4.800,00";"-";"-";"-"
"13621752224";"21/06/2023 / 08:59:21";"WDON23";"V";"1";"4.760,00";"executada";"entrada";"1";"4.800,00";"-";"-";"-"
"13621752121";"20/06/2023 / 10:31:06";"WINQ23";"V";"3";"120.985,00";"executada";"saída";"3";"121.500,00";"-180,00";"-0,15";"-108,00"
"13621752119";"20/06/2023 / 09:02:39";"WINQ23";"C";"3";"121.680,00";"executada";"entrada";"3";"121.680,00";"-";"-";"-"
"13621752118";"20/06/2023 / 09:01:30";"WINQ23";"V";"3";"121.340,00";"executada";"saída";"3";"121.835,00";"-225,00";"-0,18";"-135,00"
"13621752222";"20/06/2023 / 09:00:59";"WDON23";"V";"1";"4.800,50";"executada";"saída";"1";"4.800,50";"5,00";"0,10";"50,00"
"13621752115";"20/06/2023 / 08:59:31";"WINQ23";"C";"3";"123.000,00";"executada";"entrada";"3";"122.060,00";"-";"-";"-"
"13621752219";"20/06/2023 / 08:59:23";"WDON23";"C";"1";"4.830,00";"executada";"entrada";"1";"4.795,50";"-";"-";"-"
"13621752218";"19/06/2023 / 09:01:46";"WDON23";"C";"1";"4.831,50";"executada";"saída";"1";"4.831,50";"3,50";"0,07";"35,00"
"13621752215";"19/06/2023 / 09:01:09";"WDON23";"C";"1";"4.842,00";"executada";"saída";"1";"4.840,00";"-5,00";"-0,10";"-50,00"
"13621752214";"19/06/2023 / 08:59:40";"WDON23";"V";"1";"4.800,00";"executada";"entrada";"1";"4.835,00";"-";"-";"-"
"13621752212";"19/06/2023 / 08:59:29";"WDON23";"V";"1";"4.800,00";"executada";"entrada";"1";"4.835,00";"-";"-";"-"
"13621752114";"16/06/2023 / 09:00:52";"WINQ23";"C";"3";"121.520,00";"executada";"saída";"3";"121.520,00";"330,00";"0,27";"198,00"
"13621752111";"16/06/2023 / 08:59:42";"WINQ23";"V";"3";"121.000,00";"executada";"entrada";"3";"121.850,00";"-";"-";"-"
"13621752209";"15/06/2023 / 10:23:37";"WDON23";"V";"1";"4.803,50";"executada";"saída";"1";"4.833,00";"-2,50";"-0,05";"-25,00"
"13621752208";"15/06/2023 / 09:08:16";"WDON23";"C";"1";"4.835,50";"executada";"saída";"1";"4.835,50";"-";"-";"-"
"13621752205";"15/06/2023 / 09:07:36";"WDON23";"V";"1";"4.858,00";"executada";"entrada";"1";"4.858,00";"-";"-";"-"
"13621752203";"15/06/2023 / 09:07:08";"WDON23";"C";"1";"4.849,00";"executada";"saída";"1";"4.848,50";"-8,50";"-0,18";"-85,00"
"13621752110";"15/06/2023 / 09:00:46";"WINQ23";"V";"3";"121.235,00";"executada";"saída";"3";"121.235,00";"385,00";"0,32";"231,00"
"13621752200";"15/06/2023 / 09:00:33";"WDON23";"C";"2";"4.840,00";"executada";"saída";"2";"4.840,00";"9,00";"0,19";"180,00"
"13621752198";"15/06/2023 / 08:59:37";"WDON23";"V";"1";"4.800,00";"executada";"entrada";"1";"4.840,00";"-";"-";"-"
"13621752197";"15/06/2023 / 08:59:26";"WDON23";"V";"1";"4.800,00";"executada";"entrada";"1";"4.840,00";"-";"-";"-"
"13621752107";"15/06/2023 / 08:59:14";"WINQ23";"C";"3";"121.500,00";"executada";"entrada";"3";"120.850,00";"-";"-";"-"
"13621752104";"14/06/2023 / 09:00:46";"WINQ23";"V";"3";"120.180,00";"executada";"saída";"3";"120.180,00";"280,00";"0,23";"168,00"
"13621752194";"14/06/2023 / 09:00:40";"WDON23";"C";"2";"4.870,00";"executada";"saída";"2";"4.870,00";"5,00";"0,10";"100,00"
"13621752192";"14/06/2023 / 08:59:36";"WDON23";"V";"1";"4.850,00";"executada";"entrada";"1";"4.875,00";"-";"-";"-"
"13621752190";"14/06/2023 / 08:59:27";"WDON23";"V";"1";"4.850,00";"executada";"entrada";"1";"4.875,00";"-";"-";"-"
"13621752103";"14/06/2023 / 08:59:21";"WINQ23";"C";"3";"120.000,00";"executada";"entrada";"3";"119.900,00";"-";"-";"-"
"13621752100";"13/06/2023 / 09:03:11";"WINM23";"V";"3";"117.170,00";"executada";"saída";"3";"117.670,00";"-280,00";"-0,24";"-168,00"
"13621752188";"13/06/2023 / 09:02:22";"WDON23";"V";"1";"4.850,00";"executada";"saída";"1";"4.880,00";"-5,00";"-0,10";"-50,00"
"13621752187";"13/06/2023 / 08:59:29";"WDON23";"C";"1";"4.920,00";"executada";"entrada";"1";"4.885,00";"-";"-";"-"
"13621752098";"13/06/2023 / 08:59:20";"WINM23";"C";"3";"118.300,00";"executada";"entrada";"3";"117.950,00";"-";"-";"-"
"13621752184";"12/06/2023 / 09:00:34";"WDON23";"C";"2";"4.894,00";"executada";"saída";"2";"4.894,00";"7,50";"0,15";"150,00"
"13621752183";"12/06/2023 / 08:59:36";"WDON23";"V";"1";"4.870,00";"executada";"entrada";"1";"4.901,50";"-";"-";"-"
"13621752181";"12/06/2023 / 08:59:27";"WDON23";"V";"1";"4.870,00";"executada";"entrada";"1";"4.901,50";"-";"-";"-"
"13621752096";"09/06/2023 / 09:06:58";"WINM23";"C";"3";"117.145,00";"executada";"saída";"3";"116.640,00";"-280,00";"-0,24";"-168,00"
"13621752094";"09/06/2023 / 08:59:15";"WINM23";"V";"3";"115.500,00";"executada";"entrada";"3";"116.360,00";"-";"-";"-"
"13621752178";"07/06/2023 / 09:02:52";"WDON23";"C";"1";"4.927,00";"executada";"saída";"1";"4.927,00";"3,00";"0,06";"30,00"
"13621752176";"07/06/2023 / 09:02:18";"WDON23";"C";"1";"4.936,00";"executada";"saída";"1";"4.935,50";"-5,50";"-0,11";"-55,00"
"13621752093";"07/06/2023 / 09:00:47";"WINM23";"V";"3";"115.865,00";"executada";"saída";"3";"115.865,00";"265,00";"0,23";"159,00"
"13621752091";"07/06/2023 / 08:59:39";"WINM23";"C";"3";"115.800,00";"executada";"entrada";"3";"115.600,00";"-";"-";"-"
"13621752173";"07/06/2023 / 08:59:33";"WDON23";"V";"1";"4.910,00";"executada";"entrada";"1";"4.930,00";"-";"-";"-"
"13621752171";"07/06/2023 / 08:59:23";"WDON23";"V";"1";"4.910,00";"executada";"entrada";"1";"4.930,00";"-";"-";"-"
"13621752169";"06/06/2023 / 09:00:51";"WDON23";"C";"3";"4.951,00";"executada";"saída";"3";"4.951,00";"5,50";"0,11";"165,00"
"13621752089";"06/06/2023 / 09:00:37";"WINM23";"V";"3";"113.050,00";"executada";"saída";"3";"113.050,00";"235,00";"0,21";"141,00"
"13621752087";"06/06/2023 / 08:59:32";"WINM23";"C";"3";"113.200,00";"executada";"entrada";"3";"112.815,00";"-";"-";"-"
"13621752167";"06/06/2023 / 08:59:25";"WDON23";"V";"1";"4.920,00";"executada";"entrada";"1";"4.956,50";"-";"-";"-"
"13621752165";"06/06/2023 / 08:59:17";"WDON23";"V";"1";"4.920,00";"executada";"entrada";"1";"4.956,50";"-";"-";"-"
"13621752164";"06/06/2023 / 08:59:07";"WDON23";"V";"1";"4.920,00";"executada";"entrada";"1";"4.956,50";"-";"-";"-"
"13621752161";"05/06/2023 / 09:09:47";"WDON23";"V";"2";"4.950,50";"executada";"saída";"2";"4.980,50";"-13,00";"-0,26";"-260,00"
"13621752160";"05/06/2023 / 09:01:28";"WDON23";"C";"1";"4.987,00";"executada";"entrada";"1";"4.987,00";"-";"-";"-"
"13621752158";"05/06/2023 / 09:01:09";"WDON23";"V";"1";"4.993,50";"executada";"saída";"1";"4.995,00";"-5,00";"-0,10";"-50,00"
"13621752156";"05/06/2023 / 08:59:35";"WDON23";"C";"1";"5.030,00";"executada";"entrada";"1";"5.000,00";"-";"-";"-"
"13621752155";"05/06/2023 / 08:59:15";"WDON23";"C";"1";"5.030,00";"executada";"entrada";"1";"5.000,00";"-";"-";"-"
"13621752084";"02/06/2023 / 09:01:27";"WINM23";"C";"3";"112.685,00";"executada";"saída";"3";"112.205,00";"-325,00";"-0,29";"-195,00"
"13621752082";"02/06/2023 / 08:59:19";"WINM23";"V";"3";"110.000,00";"executada";"entrada";"3";"111.880,00";"-";"-";"-"
"13621752153";"01/06/2023 / 09:02:55";"WDON23";"V";"2";"5.077,50";"executada";"saída";"2";"5.077,50";"10,50";"0,21";"210,00"
"13621752081";"01/06/2023 / 09:00:36";"WINM23";"V";"3";"109.790,00";"executada";"saída";"3";"109.790,00";"250,00";"0,23";"150,00"
"13621752079";"01/06/2023 / 08:59:40";"WINM23";"C";"3";"110.000,00";"executada";"entrada";"3";"109.540,00";"-";"-";"-"
"13621752151";"01/06/2023 / 08:59:32";"WDON23";"C";"1";"5.100,00";"executada";"entrada";"1";"5.067,00";"-";"-";"-"
"13621752149";"01/06/2023 / 08:59:25";"WDON23";"C";"1";"5.100,00";"executada";"entrada";"1";"5.067,00";"-";"-";"-"
"13621752076";"31/05/2023 / 09:00:44";"WINM23";"V";"3";"109.240,00";"executada";"saída";"3";"109.240,00";"310,00";"0,28";"186,00"
"13621752147";"31/05/2023 / 09:00:33";"WDON23";"V";"2";"5.093,00";"executada";"saída";"2";"5.093,00";"8,00";"0,16";"160,00"
"13621752073";"31/05/2023 / 08:59:54";"WINM23";"C";"3";"109.800,00";"executada";"entrada";"3";"108.930,00";"-";"-";"-"
"13621752145";"31/05/2023 / 08:59:48";"WDON23";"C";"1";"5.100,00";"executada";"entrada";"1";"5.085,00";"-";"-";"-"
"13621752143";"31/05/2023 / 08:59:43";"WDON23";"C";"1";"5.100,00";"executada";"entrada";"1";"5.085,00";"-";"-";"-"
"13621752142";"30/05/2023 / 09:31:49";"WDOM23";"V";"1";"5.000,50";"executada";"saída";"1";"5.030,50";"6,00";"0,12";"60,00"
"13621752139";"30/05/2023 / 09:23:47";"WDOM23";"C";"1";"5.054,00";"executada";"entrada";"1";"5.024,50";"-";"-";"-"
"13621752137";"30/05/2023 / 09:01:14";"WDOM23";"V";"1";"4.973,50";"executada";"saída";"1";"5.003,50";"-6,50";"-0,13";"-65,00"
"13621752071";"30/05/2023 / 09:00:42";"WINM23";"V";"3";"111.480,00";"executada";"saída";"3";"111.480,00";"305,00";"0,27";"183,00"
"13621752135";"30/05/2023 / 08:59:51";"WDOM23";"C";"1";"5.050,00";"executada";"entrada";"1";"5.010,00";"-";"-";"-"
"13621752069";"30/05/2023 / 08:59:40";"WINM23";"C";"3";"111.700,00";"executada";"entrada";"3";"111.175,00";"-";"-";"-"
"13621752133";"29/05/2023 / 09:59:47";"WDOM23";"C";"1";"4.977,50";"executada";"saída";"1";"4.977,50";"11,00";"0,22";"110,00"
"13621752132";"29/05/2023 / 09:57:33";"WDOM23";"V";"1";"4.988,50";"executada";"entrada";"1";"4.988,50";"-";"-";"-"
"13621752130";"29/05/2023 / 09:00:52";"WDOM23";"C";"2";"4.996,50";"executada";"saída";"2";"4.996,50";"8,50";"0,17";"170,00"
"13621752128";"29/05/2023 / 08:59:21";"WDOM23";"V";"1";"4.970,00";"executada";"entrada";"1";"5.005,00";"-";"-";"-"
"13621752126";"29/05/2023 / 08:59:08";"WDOM23";"V";"1";"4.970,00";"executada";"entrada";"1";"5.005,00";"-";"-";"-"
"13621752124";"26/05/2023 / 09:32:35";"WDOM23";"V";"1";"5.034,50";"executada";"saída";"1";"5.034,50";"10,00";"0,20";"100,00"
"13621752122";"26/05/2023 / 09:31:11";"WDOM23";"C";"1";"5.024,50";"executada";"entrada";"1";"5.024,50";"-";"-";"-"
"13621752068";"26/05/2023 / 09:16:27";"WINM23";"C";"3";"112.215,00";"executada";"saída";"3";"111.715,00";"-415,00";"-0,37";"-249,00"
"13621752066";"26/05/2023 / 08:59:26";"WINM23";"V";"3";"110.500,00";"executada";"entrada";"3";"111.300,00";"-";"-";"-"
"13621752120";"25/05/2023 / 09:11:50";"WDOM23";"V";"1";"4.981,00";"executada";"saída";"1";"4.981,00";"11,50";"0,23";"115,00"
"13621752117";"25/05/2023 / 09:10:18";"WDOM23";"C";"1";"4.969,50";"executada";"entrada";"1";"4.969,50";"-";"-";"-"
"13621752064";"25/05/2023 / 09:00:35";"WINM23";"V";"3";"110.605,00";"executada";"saída";"3";"110.605,00";"310,00";"0,28";"186,00"
"13621752116";"25/05/2023 / 09:00:31";"WDOM23";"C";"2";"4.953,00";"executada";"saída";"2";"4.953,00";"5,50";"0,11";"110,00"
"13621752062";"25/05/2023 / 08:59:29";"WINM23";"C";"3";"110.700,00";"executada";"entrada";"3";"110.295,00";"-";"-";"-"
"13621752113";"25/05/2023 / 08:59:17";"WDOM23";"V";"1";"4.930,00";"executada";"entrada";"1";"4.958,50";"-";"-";"-"
"13621752112";"25/05/2023 / 08:59:10";"WDOM23";"V";"1";"4.930,00";"executada";"entrada";"1";"4.958,50";"-";"-";"-"
"13621752109";"24/05/2023 / 10:34:04";"WDOM23";"V";"1";"4.959,50";"executada";"saída";"1";"4.959,50";"8,00";"0,16";"80,00"
"13621752108";"24/05/2023 / 10:33:35";"WDOM23";"C";"1";"4.952,00";"executada";"entrada";"1";"4.951,50";"-";"-";"-"
"13621752060";"24/05/2023 / 09:00:57";"WINM23";"V";"3";"110.995,00";"executada";"saída";"3";"110.995,00";"330,00";"0,30";"198,00"
"13621752106";"24/05/2023 / 09:00:56";"WDOM23";"C";"2";"4.965,50";"executada";"saída";"2";"4.965,50";"5,50";"0,11";"110,00"
"13621752058";"24/05/2023 / 08:59:35";"WINM23";"C";"3";"111.200,00";"executada";"entrada";"3";"110.665,00";"-";"-";"-"
"13621752105";"24/05/2023 / 08:59:19";"WDOM23";"V";"1";"4.930,00";"executada";"entrada";"1";"4.971,00";"-";"-";"-"
"13621752102";"24/05/2023 / 08:59:08";"WDOM23";"V";"1";"4.930,00";"executada";"entrada";"1";"4.971,00";"-";"-";"-"
"13621752101";"23/05/2023 / 10:04:37";"WDOM23";"C";"1";"4.979,00";"executada";"saída";"1";"4.979,00";"8,50";"0,17";"85,00"
"13621752099";"23/05/2023 / 10:04:16";"WDOM23";"V";"1";"4.987,50";"executada";"entrada";"1";"4.987,50";"-";"-";"-"
"13621752097";"23/05/2023 / 09:00:57";"WDOM23";"V";"1";"4.993,50";"executada";"saída";"1";"4.993,50";"4,50";"0,09";"45,00"
"13621752056";"23/05/2023 / 09:00:45";"WINM23";"V";"3";"111.200,00";"executada";"saída";"3";"111.200,00";"330,00";"0,30";"198,00"
"13621752054";"23/05/2023 / 08:59:37";"WINM23";"C";"3";"111.600,00";"executada";"entrada";"3";"110.870,00";"-";"-";"-"
"13621752095";"23/05/2023 / 08:58:45";"WDOM23";"C";"1";"5.030,00";"executada";"entrada";"1";"4.989,00";"-";"-";"-"
"13621752092";"22/05/2023 / 13:00:34";"WDOM23";"C";"1";"5.004,00";"executada";"saída";"1";"4.974,00";"0,00";"0,00";"0,00"
"13621752090";"22/05/2023 / 11:35:25";"WDOM23";"V";"1";"4.944,00";"executada";"entrada";"1";"4.974,00";"-";"-";"-"
"13621752088";"22/05/2023 / 11:35:07";"WDOM23";"V";"1";"4.974,50";"executada";"saída";"1";"4.974,50";"-5,50";"-0,11";"-55,00"
"13621752086";"22/05/2023 / 11:18:32";"WDOM23";"C";"1";"5.009,50";"executada";"entrada";"1";"4.980,00";"-";"-";"-"
"13621752085";"22/05/2023 / 09:00:45";"WDOM23";"C";"2";"5.003,00";"executada";"saída";"2";"5.003,00";"6,50";"0,13";"130,00"
"13621752083";"22/05/2023 / 08:59:38";"WDOM23";"V";"1";"4.960,00";"executada";"entrada";"1";"5.009,50";"-";"-";"-"
"13621752080";"22/05/2023 / 08:59:27";"WDOM23";"V";"1";"4.960,00";"executada";"entrada";"1";"5.009,50";"-";"-";"-"
"13621752052";"19/05/2023 / 09:01:37";"WINM23";"C";"3";"111.890,00";"executada";"saída";"3";"111.380,00";"-300,00";"-0,27";"-180,00"
"13621752049";"19/05/2023 / 08:59:18";"WINM23";"V";"3";"110.500,00";"executada";"entrada";"3";"111.080,00";"-";"-";"-"
"13621752078";"18/05/2023 / 11:40:35";"WDOM23";"C";"3";"5.018,00";"executada";"saída";"3";"4.988,00";"-13,83";"-0,28";"-415,00"
"13621752047";"18/05/2023 / 09:33:15";"WINM23";"V";"3";"110.450,00";"executada";"saída";"3";"110.450,00";"650,00";"0,59";"390,00"
"13621752045";"18/05/2023 / 09:10:27";"WINM23";"C";"3";"109.800,00";"executada";"entrada";"3";"109.800,00";"-";"-";"-"
"13621752044";"18/05/2023 / 09:10:13";"WINM23";"V";"3";"109.620,00";"executada";"saída";"3";"110.110,00";"-340,00";"-0,31";"-204,00"
"13621752077";"18/05/2023 / 09:03:31";"WDOM23";"V";"1";"4.979,50";"executada";"entrada";"1";"4.979,50";"-";"-";"-"
"13621752075";"18/05/2023 / 09:03:22";"WDOM23";"V";"1";"4.979,50";"executada";"entrada";"1";"4.979,50";"-";"-";"-"
"13621752074";"18/05/2023 / 09:03:08";"WDOM23";"C";"2";"4.971,50";"executada";"saída";"2";"4.971,00";"-7,50";"-0,15";"-150,00"
"13621752072";"18/05/2023 / 08:59:53";"WDOM23";"V";"1";"4.900,00";"executada";"entrada";"1";"4.963,50";"-";"-";"-"
"13621752070";"18/05/2023 / 08:59:43";"WDOM23";"V";"1";"4.900,00";"executada";"entrada";"1";"4.963,50";"-";"-";"-"
"13621752042";"18/05/2023 / 08:59:38";"WINM23";"C";"3";"111.200,00";"executada";"entrada";"3";"110.450,00";"-";"-";"-"
"13621752067";"18/05/2023 / 08:59:32";"WDOM23";"V";"1";"4.900,00";"executada";"entrada";"1";"4.963,50";"-";"-";"-"
"13621752065";"17/05/2023 / 09:09:26";"WDOM23";"C";"2";"5.004,00";"executada";"saída";"2";"4.974,50";"-12,50";"-0,25";"-250,00"
"13621752063";"17/05/2023 / 09:02:24";"WDOM23";"V";"1";"4.969,00";"executada";"entrada";"1";"4.969,00";"-";"-";"-"
"13621752061";"17/05/2023 / 09:02:07";"WDOM23";"C";"1";"4.962,00";"executada";"saída";"1";"4.961,50";"-6,50";"-0,13";"-65,00"
"13621752041";"17/05/2023 / 09:00:34";"WINM23";"V";"3";"109.735,00";"executada";"saída";"3";"109.735,00";"335,00";"0,31";"201,00"
"13621752038";"17/05/2023 / 08:59:26";"WINM23";"C";"3";"109.700,00";"executada";"entrada";"3";"109.400,00";"-";"-";"-"
"13621752059";"17/05/2023 / 08:59:19";"WDOM23";"V";"1";"4.900,00";"executada";"entrada";"1";"4.955,00";"-";"-";"-"
"13621752057";"17/05/2023 / 08:59:12";"WDOM23";"V";"1";"4.900,00";"executada";"entrada";"1";"4.955,00";"-";"-";"-"
"13621752055";"16/05/2023 / 09:02:02";"WDOM23";"V";"1";"4.874,50";"executada";"saída";"1";"4.904,50";"-4,50";"-0,09";"-45,00"
"13621752037";"16/05/2023 / 09:00:51";"WINM23";"V";"3";"110.105,00";"executada";"saída";"3";"110.105,00";"255,00";"0,23";"153,00"
"13621752035";"16/05/2023 / 08:59:39";"WINM23";"C";"3";"110.500,00";"executada";"entrada";"3";"109.850,00";"-";"-";"-"
"13621752053";"16/05/2023 / 08:59:32";"WDOM23";"C";"1";"4.950,00";"executada";"entrada";"1";"4.909,00";"-";"-";"-"
"13621752051";"15/05/2023 / 09:00:32";"WDOM23";"C";"2";"4.931,50";"executada";"saída";"2";"4.931,50";"6,50";"0,13";"130,00"
"13621752050";"15/05/2023 / 08:59:36";"WDOM23";"V";"1";"4.920,00";"executada";"entrada";"1";"4.938,00";"-";"-";"-"
"13621752048";"15/05/2023 / 08:59:19";"WDOM23";"V";"1";"4.920,00";"executada";"entrada";"1";"4.938,00";"-";"-";"-"
"13621752033";"12/05/2023 / 09:00:47";"WINM23";"C";"3";"108.985,00";"executada";"saída";"3";"108.985,00";"315,00";"0,29";"189,00"
"13621752031";"12/05/2023 / 08:59:29";"WINM23";"V";"3";"109.000,00";"executada";"entrada";"3";"109.300,00";"-";"-";"-"
"13621752029";"11/05/2023 / 10:04:50";"WINM23";"V";"3";"106.995,00";"executada";"saída";"3";"107.480,00";"-285,00";"-0,26";"-171,00"
"13621752028";"11/05/2023 / 09:23:04";"WINM23";"C";"3";"107.765,00";"executada";"entrada";"3";"107.765,00";"-";"-";"-"
"13621752025";"11/05/2023 / 09:22:49";"WINM23";"V";"3";"107.550,00";"executada";"saída";"3";"108.050,00";"-265,00";"-0,24";"-159,00"
"13621752046";"11/05/2023 / 09:11:05";"WDOM23";"C";"1";"4.973,00";"executada";"saída";"1";"4.973,00";"4,00";"0,08";"40,00"
"13621752043";"11/05/2023 / 09:10:31";"WDOM23";"C";"1";"4.984,50";"executada";"saída";"1";"4.984,50";"-7,50";"-0,15";"-75,00"
"13621752040";"11/05/2023 / 09:00:08";"WDOM23";"V";"1";"4.950,00";"executada";"entrada";"1";"4.977,00";"-";"-";"-"
"13621752039";"11/05/2023 / 08:59:58";"WDOM23";"V";"1";"4.950,00";"executada";"entrada";"1";"4.977,00";"-";"-";"-"
"13621752024";"11/05/2023 / 08:59:48";"WINM23";"C";"3";"109.300,00";"executada";"entrada";"3";"108.315,00";"-";"-";"-"
"13621752036";"10/05/2023 / 09:00:42";"WDOM23";"C";"2";"5.001,00";"executada";"saída";"2";"5.001,00";"7,50";"0,15";"150,00"
"13621752022";"10/05/2023 / 09:00:37";"WINM23";"V";"3";"108.540,00";"executada";"saída";"3";"108.540,00";"290,00";"0,27";"174,00"
"13621752034";"10/05/2023 / 08:59:26";"WDOM23";"V";"1";"4.970,00";"executada";"entrada";"1";"5.008,50";"-";"-";"-"
"13621752032";"10/05/2023 / 08:59:17";"WDOM23";"V";"1";"4.970,00";"executada";"entrada";"1";"5.008,50";"-";"-";"-"
"13621752020";"10/05/2023 / 08:59:10";"WINM23";"C";"3";"109.500,00";"executada";"entrada";"3";"108.250,00";"-";"-";"-"
"13621752030";"09/05/2023 / 09:05:39";"WDOM23";"V";"1";"4.991,50";"executada";"saída";"1";"5.021,50";"-9,50";"-0,19";"-95,00"
"13621752019";"09/05/2023 / 09:00:50";"WINM23";"V";"6";"107.135,00";"executada";"saída";"6";"107.135,00";"335,00";"0,31";"402,00"
"13621752017";"09/05/2023 / 08:59:44";"WINM23";"C";"3";"107.400,00";"executada";"entrada";"3";"106.800,00";"-";"-";"-"
"13621752015";"09/05/2023 / 08:59:35";"WINM23";"C";"3";"107.400,00";"executada";"entrada";"3";"106.800,00";"-";"-";"-"
"13621752027";"09/05/2023 / 08:59:17";"WDOM23";"C";"1";"5.070,00";"executada";"entrada";"1";"5.031,00";"-";"-";"-"
"13621752026";"08/05/2023 / 09:00:59";"WDOM23";"C";"5";"4.970,50";"executada";"saída";"5";"4.970,50";"7,50";"0,15";"375,00"
"13621752023";"08/05/2023 / 09:00:41";"WDOM23";"V";"1";"4.950,00";"executada";"entrada";"1";"4.978,00";"-";"-";"-"
"13621752021";"08/05/2023 / 09:00:35";"WDOM23";"V";"1";"4.950,00";"executada";"entrada";"1";"4.978,00";"-";"-";"-"
"13621752018";"08/05/2023 / 09:00:26";"WDOM23";"V";"1";"4.950,00";"executada";"entrada";"1";"4.978,00";"-";"-";"-"
"13621752016";"08/05/2023 / 09:00:17";"WDOM23";"V";"1";"4.950,00";"executada";"entrada";"1";"4.978,00";"-";"-";"-"
"13621752014";"08/05/2023 / 09:00:06";"WDOM23";"V";"1";"4.950,00";"executada";"entrada";"1";"4.978,00";"-";"-";"-"
"13621752012";"05/05/2023 / 09:30:17";"WDOM23";"C";"2";"5.031,00";"executada";"saída";"2";"5.031,00";"-15,00";"-0,30";"-300,00"
"13621752011";"05/05/2023 / 09:28:17";"WDOM23";"C";"2";"5.043,50";"executada";"saída";"2";"5.014,00";"2,00";"0,04";"40,00"
"13621752009";"05/05/2023 / 09:04:32";"WDOM23";"V";"2";"5.023,50";"executada";"entrada";"2";"5.023,50";"-";"-";"-"
"13621752007";"05/05/2023 / 09:04:10";"WDOM23";"C";"2";"5.016,00";"executada";"saída";"2";"5.016,00";"-7,50";"-0,15";"-150,00"
"13621752013";"05/05/2023 / 09:00:50";"WINM23";"V";"3";"104.505,00";"executada";"saída";"3";"104.505,00";"405,00";"0,39";"243,00"
"13621752010";"05/05/2023 / 08:59:52";"WINM23";"C";"3";"105.000,00";"executada";"entrada";"3";"104.100,00";"-";"-";"-"
"13621752004";"05/05/2023 / 08:59:42";"WDOM23";"V";"1";"4.970,00";"executada";"entrada";"1";"5.008,50";"-";"-";"-"
"13621752002";"05/05/2023 / 08:59:37";"WDOM23";"V";"1";"4.970,00";"executada";"entrada";"1";"5.008,50";"-";"-";"-"
"13621752000";"05/05/2023 / 08:59:30";"WDOM23";"V";"1";"4.970,00";"executada";"entrada";"1";"5.008,50";"-";"-";"-"
"13621751999";"05/05/2023 / 08:59:24";"WDOM23";"V";"1";"4.970,00";"executada";"entrada";"1";"5.008,50";"-";"-";"-"
"13621752008";"04/05/2023 / 09:39:17";"WINM23";"C";"3";"104.455,00";"executada";"saída";"3";"103.960,00";"-270,00";"-0,26";"-162,00"
"13621751997";"04/05/2023 / 09:19:01";"WDOM23";"C";"3";"5.057,00";"executada";"saída";"3";"5.028,00";"-14,33";"-0,29";"-430,00"
"13621752006";"04/05/2023 / 09:04:26";"WINM23";"V";"3";"103.690,00";"executada";"entrada";"3";"103.690,00";"-";"-";"-"
"13621752005";"04/05/2023 / 09:03:52";"WINM23";"C";"3";"103.940,00";"executada";"saída";"3";"103.450,00";"-300,00";"-0,29";"-180,00"
"13621751995";"04/05/2023 / 09:02:43";"WDOM23";"V";"1";"5.018,00";"executada";"entrada";"1";"5.018,00";"-";"-";"-"
"13621751992";"04/05/2023 / 09:02:34";"WDOM23";"V";"1";"5.018,00";"executada";"entrada";"1";"5.018,00";"-";"-";"-"
"13621751991";"04/05/2023 / 09:01:58";"WDOM23";"C";"2";"5.035,50";"executada";"saída";"2";"5.006,00";"-1,00";"-0,02";"-20,00"
"13621751989";"04/05/2023 / 09:00:28";"WDOM23";"V";"1";"4.970,00";"executada";"entrada";"1";"5.005,00";"-";"-";"-"
"13621751987";"04/05/2023 / 09:00:23";"WDOM23";"V";"1";"4.970,00";"executada";"entrada";"1";"5.005,00";"-";"-";"-"
"13621752003";"04/05/2023 / 09:00:21";"WINM23";"V";"3";"102.800,00";"executada";"entrada";"3";"103.150,00";"-";"-";"-"
"13621751985";"04/05/2023 / 08:59:55";"WDOM23";"V";"1";"4.970,00";"executada";"entrada";"1";"5.005,00";"-";"-";"-"
"13621751982";"03/05/2023 / 09:14:54";"WDOM23";"C";"2";"5.092,00";"executada";"saída";"2";"5.062,50";"-10,50";"-0,21";"-210,00"
"13621752001";"03/05/2023 / 09:02:50";"WINM23";"C";"3";"104.005,00";"executada";"saída";"3";"103.475,00";"-285,00";"-0,28";"-171,00"
"13621751981";"03/05/2023 / 09:01:43";"WDOM23";"V";"1";"5.058,00";"executada";"entrada";"1";"5.058,00";"-";"-";"-"
"13621751978";"03/05/2023 / 09:01:23";"WDOM23";"C";"1";"5.052,00";"executada";"saída";"1";"5.052,00";"-6,00";"-0,12";"-60,00"
"13621751977";"03/05/2023 / 09:00:20";"WDOM23";"V";"1";"5.000,00";"executada";"entrada";"1";"5.046,00";"-";"-";"-"
"13621751998";"03/05/2023 / 09:00:17";"WINM23";"V";"3";"102.500,00";"executada";"entrada";"3";"103.190,00";"-";"-";"-"
"13621751975";"03/05/2023 / 08:59:48";"WDOM23";"V";"1";"5.000,00";"executada";"entrada";"1";"5.046,00";"-";"-";"-"
"13621751972";"02/05/2023 / 09:37:36";"WDOM23";"C";"2";"5.085,50";"executada";"saída";"2";"5.055,50";"-17,50";"-0,35";"-350,00"
"13621751970";"02/05/2023 / 09:20:28";"WDOM23";"V";"1";"5.047,00";"executada";"entrada";"1";"5.047,00";"-";"-";"-"
"13621751969";"02/05/2023 / 09:19:30";"WDOM23";"C";"1";"5.038,00";"executada";"saída";"1";"5.037,50";"-8,50";"-0,17";"-85,00"
"13621751966";"02/05/2023 / 08:59:47";"WDOM23";"V";"1";"4.970,00";"executada";"entrada";"1";"5.029,00";"-";"-";"-"
"13621751964";"02/05/2023 / 08:59:11";"WDOM23";"V";"1";"4.970,00";"executada";"entrada";"1";"5.029,00";"-";"-";"-"
"13621751996";"28/04/2023 / 09:49:45";"WINM23";"C";"3";"104.200,00";"executada";"saída";"3";"104.200,00";"640,00";"0,61";"384,00"
"13621751994";"28/04/2023 / 09:32:10";"WINM23";"V";"3";"104.840,00";"executada";"entrada";"3";"104.840,00";"-";"-";"-"
"13621751993";"28/04/2023 / 09:31:46";"WINM23";"C";"3";"105.000,00";"executada";"saída";"3";"104.475,00";"-275,00";"-0,26";"-165,00"
"13621751990";"28/04/2023 / 08:59:39";"WINM23";"V";"3";"103.800,00";"executada";"entrada";"3";"104.200,00";"-";"-";"-"
"13621751988";"27/04/2023 / 09:35:28";"WINM23";"V";"3";"103.110,00";"executada";"saída";"3";"103.625,00";"-260,00";"-0,25";"-156,00"
"13621751986";"27/04/2023 / 09:05:37";"WINM23";"C";"3";"103.885,00";"executada";"entrada";"3";"103.885,00";"-";"-";"-"
"13621751963";"27/04/2023 / 09:00:45";"WDOK23";"C";"2";"5.033,50";"executada";"saída";"2";"5.033,50";"6,50";"0,13";"130,00"
"13621751960";"27/04/2023 / 08:59:57";"WDOK23";"V";"1";"5.000,00";"executada";"entrada";"1";"5.040,00";"-";"-";"-"
"13621751959";"27/04/2023 / 08:59:26";"WDOK23";"V";"1";"5.000,00";"executada";"entrada";"1";"5.040,00";"-";"-";"-"
"13621751984";"26/04/2023 / 09:03:53";"WINM23";"V";"3";"105.035,00";"executada";"saída";"3";"105.375,00";"210,00";"0,20";"126,00"
"13621751956";"26/04/2023 / 09:00:41";"WDOK23";"C";"2";"5.042,50";"executada";"saída";"2";"5.042,50";"7,50";"0,15";"150,00"
"13621751954";"26/04/2023 / 08:59:58";"WDOK23";"V";"1";"5.000,00";"executada";"entrada";"1";"5.050,00";"-";"-";"-"
"13621751951";"26/04/2023 / 08:59:50";"WDOK23";"V";"1";"5.000,00";"executada";"entrada";"1";"5.050,00";"-";"-";"-"
"13621751983";"26/04/2023 / 08:59:40";"WINM23";"C";"3";"105.500,00";"executada";"entrada";"3";"105.165,00";"-";"-";"-"
"13621751980";"25/04/2023 / 11:57:39";"WINM23";"V";"3";"103.755,00";"executada";"saída";"3";"104.278,33";"-356,67";"-0,34";"-214,00"
"13621751979";"25/04/2023 / 10:01:59";"WINM23";"C";"3";"104.635,00";"executada";"entrada";"3";"104.635,00";"-";"-";"-"
"13621751976";"25/04/2023 / 10:01:33";"WINM23";"V";"3";"104.485,00";"executada";"saída";"3";"104.950,00";"-425,00";"-0,40";"-255,00"
"13621751950";"25/04/2023 / 09:00:49";"WDOK23";"V";"1";"5.057,00";"executada";"saída";"1";"5.057,00";"6,50";"0,13";"65,00"
"13621751974";"25/04/2023 / 08:59:50";"WINM23";"C";"3";"106.200,00";"executada";"entrada";"3";"105.375,00";"-";"-";"-"
"13621751948";"25/04/2023 / 08:59:30";"WDOK23";"C";"1";"5.070,00";"executada";"entrada";"1";"5.050,50";"-";"-";"-"
"13621751946";"24/04/2023 / 09:05:31";"WDOK23";"C";"1";"5.071,00";"executada";"saída";"1";"5.071,00";"3,00";"0,06";"30,00"
"13621751945";"24/04/2023 / 09:02:17";"WDOK23";"C";"1";"5.079,50";"executada";"saída";"1";"5.079,50";"-5,50";"-0,11";"-55,00"
"13621751942";"24/04/2023 / 08:59:42";"WDOK23";"V";"1";"5.020,00";"executada";"entrada";"1";"5.074,00";"-";"-";"-"
"13621751940";"24/04/2023 / 08:59:21";"WDOK23";"V";"1";"5.020,00";"executada";"entrada";"1";"5.074,00";"-";"-";"-"
"13621751938";"20/04/2023 / 09:00:44";"WDOK23";"C";"2";"5.083,00";"executada";"saída";"2";"5.083,00";"8,50";"0,17";"170,00"
"13621751973";"20/04/2023 / 09:00:39";"WINM23";"V";"3";"105.840,00";"executada";"saída";"3";"105.840,00";"340,00";"0,32";"204,00"
"13621751937";"20/04/2023 / 08:59:37";"WDOK23";"V";"1";"5.050,00";"executada";"entrada";"1";"5.091,50";"-";"-";"-"
"13621751934";"20/04/2023 / 08:59:29";"WDOK23";"V";"1";"5.050,00";"executada";"entrada";"1";"5.091,50";"-";"-";"-"
"13621751971";"20/04/2023 / 08:59:15";"WINM23";"C";"3";"106.500,00";"executada";"entrada";"3";"105.500,00";"-";"-";"-"
"13621751968";"19/04/2023 / 15:26:44";"WINM23";"V";"3";"105.210,00";"executada";"saída";"3";"105.740,00";"-390,00";"-0,37";"-234,00"
"13621751933";"19/04/2023 / 09:11:31";"WDOK23";"C";"1";"5.014,50";"executada";"saída";"1";"5.014,50";"5,00";"0,10";"50,00"
"13621751931";"19/04/2023 / 09:11:06";"WDOK23";"C";"1";"5.029,50";"executada";"saída";"1";"5.029,50";"-10,00";"-0,20";"-100,00"
"13621751967";"19/04/2023 / 09:01:48";"WINM23";"C";"3";"106.130,00";"executada";"entrada";"3";"106.130,00";"-";"-";"-"
"13621751965";"19/04/2023 / 09:01:26";"WINM23";"V";"3";"106.025,00";"executada";"saída";"3";"106.530,00";"-400,00";"-0,37";"-240,00"
"13621751962";"19/04/2023 / 08:59:53";"WINM23";"C";"3";"108.000,00";"executada";"entrada";"3";"106.930,00";"-";"-";"-"
"13621751929";"19/04/2023 / 08:59:32";"WDOK23";"V";"1";"4.970,00";"executada";"entrada";"1";"5.019,50";"-";"-";"-"
"13621751927";"19/04/2023 / 08:59:24";"WDOK23";"V";"1";"4.970,00";"executada";"entrada";"1";"5.019,50";"-";"-";"-"
"13621751924";"18/04/2023 / 09:09:14";"WDOK23";"V";"1";"4.891,00";"executada";"saída";"1";"4.921,50";"-6,00";"-0,12";"-60,00"
"13621751961";"18/04/2023 / 09:01:30";"WINM23";"V";"3";"108.175,00";"executada";"saída";"3";"108.695,00";"275,00";"0,25";"165,00"
"13621751958";"18/04/2023 / 08:59:06";"WINM23";"C";"3";"108.700,00";"executada";"entrada";"3";"108.420,00";"-";"-";"-"
"13621751923";"18/04/2023 / 08:59:01";"WDOK23";"C";"1";"4.983,00";"executada";"entrada";"1";"4.927,50";"-";"-";"-"
"13621751921";"17/04/2023 / 09:01:51";"WDOK23";"V";"1";"4.895,00";"executada";"saída";"1";"4.925,00";"-5,00";"-0,10";"-50,00"
"13621751918";"17/04/2023 / 08:59:34";"WDOK23";"C";"1";"4.980,00";"executada";"entrada";"1";"4.930,00";"-";"-";"-"
"13621751957";"14/04/2023 / 09:02:39";"WINM23";"C";"3";"108.895,00";"executada";"saída";"3";"108.395,00";"-145,00";"-0,13";"-87,00"
"13621751955";"14/04/2023 / 08:58:33";"WINM23";"V";"3";"107.500,00";"executada";"entrada";"3";"108.250,00";"-";"-";"-"
"13621751953";"13/04/2023 / 10:13:36";"WINM23";"V";"3";"108.080,00";"executada";"saída";"3";"108.600,00";"-400,00";"-0,37";"-240,00"
"13621751916";"13/04/2023 / 09:00:59";"WDOK23";"C";"2";"4.926,50";"executada";"saída";"2";"4.926,50";"9,50";"0,19";"190,00"
"13621751914";"13/04/2023 / 08:59:59";"WDOK23";"V";"1";"4.900,00";"executada";"entrada";"1";"4.936,00";"-";"-";"-"
"13621751911";"13/04/2023 / 08:59:50";"WDOK23";"V";"1";"4.900,00";"executada";"entrada";"1";"4.936,00";"-";"-";"-"
"13621751952";"13/04/2023 / 08:59:32";"WINM23";"C";"3";"109.500,00";"executada";"entrada";"3";"109.000,00";"-";"-";"-"
"13621751909";"12/04/2023 / 09:00:41";"WDOK23";"C";"4";"5.020,00";"executada";"saída";"4";"5.020,00";"6,50";"0,13";"260,00"
"13621751949";"12/04/2023 / 09:00:38";"WINM23";"V";"3";"108.890,00";"executada";"saída";"3";"108.890,00";"385,00";"0,35";"231,00"
"13621751947";"12/04/2023 / 08:59:52";"WINM23";"C";"3";"109.200,00";"executada";"entrada";"3";"108.505,00";"-";"-";"-"
"13621751908";"12/04/2023 / 08:59:41";"WDOK23";"V";"1";"4.980,00";"executada";"entrada";"1";"5.026,50";"-";"-";"-"
"13621751906";"12/04/2023 / 08:59:30";"WDOK23";"V";"1";"4.980,00";"executada";"entrada";"1";"5.026,50";"-";"-";"-"
"13621751904";"12/04/2023 / 08:59:20";"WDOK23";"V";"1";"4.980,00";"executada";"entrada";"1";"5.026,50";"-";"-";"-"
"13621751902";"12/04/2023 / 08:59:08";"WDOK23";"V";"1";"4.980,00";"executada";"entrada";"1";"5.026,50";"-";"-";"-"
"13621751944";"11/04/2023 / 09:21:10";"WINJ23";"C";"3";"103.660,00";"executada";"saída";"3";"103.190,00";"-190,00";"-0,18";"-114,00"
"13621751901";"11/04/2023 / 09:11:01";"WDOK23";"V";"1";"5.034,00";"executada";"saída";"1";"5.064,00";"-6,00";"-0,12";"-60,00"
"13621751943";"11/04/2023 / 09:03:23";"WINJ23";"V";"3";"103.000,00";"executada";"entrada";"3";"103.000,00";"-";"-";"-"
"13621751941";"11/04/2023 / 09:03:10";"WINJ23";"C";"3";"103.245,00";"executada";"saída";"3";"102.750,00";"-250,00";"-0,24";"-150,00"
"13621751899";"11/04/2023 / 08:59:38";"WDOK23";"C";"1";"5.120,00";"executada";"entrada";"1";"5.070,00";"-";"-";"-"
"13621751939";"11/04/2023 / 08:59:27";"WINJ23";"V";"3";"101.500,00";"executada";"entrada";"3";"102.500,00";"-";"-";"-"
"13621751898";"10/04/2023 / 09:02:16";"WDOK23";"C";"1";"5.071,00";"executada";"saída";"1";"5.071,00";"3,00";"0,06";"30,00"
"13621751896";"10/04/2023 / 09:01:52";"WDOK23";"C";"1";"5.079,50";"executada";"saída";"1";"5.079,00";"-5,00";"-0,10";"-50,00"
"13621751894";"10/04/2023 / 08:59:35";"WDOK23";"V";"1";"5.020,00";"executada";"entrada";"1";"5.074,00";"-";"-";"-"
"13621751891";"10/04/2023 / 08:59:18";"WDOK23";"V";"1";"5.020,00";"executada";"entrada";"1";"5.074,00";"-";"-";"-"
"13621751890";"06/04/2023 / 09:33:24";"WDOK23";"C";"2";"5.111,50";"executada";"saída";"2";"5.081,50";"-12,50";"-0,25";"-250,00"
"13621751887";"06/04/2023 / 09:07:41";"WDOK23";"V";"1";"5.075,00";"executada";"entrada";"1";"5.075,00";"-";"-";"-"
"13621751885";"06/04/2023 / 09:07:33";"WDOK23";"C";"1";"5.069,00";"executada";"saída";"1";"5.069,00";"-6,00";"-0,12";"-60,00"
"13621751936";"06/04/2023 / 09:00:49";"WINJ23";"C";"3";"100.760,00";"executada";"saída";"3";"100.760,00";"240,00";"0,24";"144,00"
"13621751883";"06/04/2023 / 08:59:51";"WDOK23";"V";"1";"5.020,00";"executada";"entrada";"1";"5.063,00";"-";"-";"-"
"13621751935";"06/04/2023 / 08:59:44";"WINJ23";"V";"3";"100.500,00";"executada";"entrada";"3";"101.000,00";"-";"-";"-"
"13621751881";"06/04/2023 / 08:59:31";"WDOK23";"V";"1";"5.020,00";"executada";"entrada";"1";"5.063,00";"-";"-";"-"
"13621751932";"05/04/2023 / 09:00:57";"WINJ23";"C";"3";"101.815,00";"executada";"saída";"3";"101.815,00";"340,00";"0,33";"204,00"
"13621751880";"05/04/2023 / 09:00:53";"WDOK23";"C";"2";"5.087,00";"executada";"saída";"2";"5.087,00";"5,00";"0,10";"100,00"
"13621751930";"05/04/2023 / 08:59:16";"WINJ23";"V";"3";"101.700,00";"executada";"entrada";"3";"102.155,00";"-";"-";"-"
"13621751878";"05/04/2023 / 08:58:50";"WDOK23";"V";"1";"5.050,00";"executada";"entrada";"1";"5.092,00";"-";"-";"-"
"13621751876";"05/04/2023 / 08:58:34";"WDOK23";"V";"1";"5.050,00";"executada";"entrada";"1";"5.092,00";"-";"-";"-"
"13621751928";"04/04/2023 / 09:00:35";"WINJ23";"C";"3";"101.830,00";"executada";"saída";"3";"101.830,00";"355,00";"0,35";"213,00"
"13621751874";"04/04/2023 / 09:00:34";"WDOK23";"V";"1";"5.080,50";"executada";"saída";"1";"5.080,50";"6,50";"0,13";"65,00"
"13621751926";"04/04/2023 / 08:59:52";"WINJ23";"V";"3";"101.000,00";"executada";"entrada";"3";"102.185,00";"-";"-";"-"
"13621751873";"04/04/2023 / 08:59:36";"WDOK23";"C";"1";"5.100,00";"executada";"entrada";"1";"5.074,00";"-";"-";"-"
"13621751870";"03/04/2023 / 09:00:54";"WDOK23";"C";"2";"5.070,50";"executada";"saída";"2";"5.070,50";"8,00";"0,16";"160,00"
"13621751868";"03/04/2023 / 08:59:23";"WDOK23";"V";"1";"5.040,00";"executada";"entrada";"1";"5.078,50";"-";"-";"-"
"13621751866";"03/04/2023 / 08:59:18";"WDOK23";"V";"1";"5.040,00";"executada";"entrada";"1";"5.078,50";"-";"-";"-"
"13621751925";"31/03/2023 / 09:00:44";"WINJ23";"V";"3";"104.485,00";"executada";"saída";"3";"104.485,00";"485,00";"0,47";"291,00"
"13621751922";"31/03/2023 / 08:59:40";"WINJ23";"C";"3";"104.600,00";"executada";"entrada";"3";"104.000,00";"-";"-";"-"
"13621751920";"30/03/2023 / 10:15:07";"WINJ23";"C";"1";"104.470,00";"executada";"saída";"1";"103.975,00";"-340,00";"-0,33";"-68,00"
"13621751919";"30/03/2023 / 10:03:17";"WINJ23";"C";"1";"104.010,00";"executada";"saída";"1";"103.520,00";"115,00";"0,11";"23,00"
"13621751917";"30/03/2023 / 10:02:47";"WINJ23";"C";"1";"104.055,00";"executada";"saída";"1";"103.560,00";"75,00";"0,07";"15,00"
"13621751915";"30/03/2023 / 10:01:03";"WINJ23";"V";"3";"103.625,00";"executada";"entrada";"3";"103.635,00";"-";"-";"-"
"13621751913";"30/03/2023 / 09:06:02";"WINJ23";"C";"3";"104.495,00";"executada";"saída";"3";"103.940,00";"-260,00";"-0,25";"-156,00"
"13621751863";"30/03/2023 / 09:00:58";"WDOJ23";"C";"2";"5.097,00";"executada";"saída";"2";"5.097,00";"9,00";"0,18";"180,00"
"13621751912";"30/03/2023 / 09:00:15";"WINJ23";"V";"3";"103.500,00";"executada";"entrada";"3";"103.680,00";"-";"-";"-"
"13621751861";"30/03/2023 / 08:59:43";"WDOJ23";"V";"1";"5.050,00";"executada";"entrada";"1";"5.106,00";"-";"-";"-"
"13621751859";"30/03/2023 / 08:59:28";"WDOJ23";"V";"1";"5.050,00";"executada";"entrada";"1";"5.106,00";"-";"-";"-"
"13621751910";"29/03/2023 / 11:08:02";"WINJ23";"C";"1";"102.465,00";"executada";"saída";"1";"101.970,00";"65,00";"0,06";"13,00"
"13621751907";"29/03/2023 / 10:08:13";"WINJ23";"C";"2";"102.525,00";"executada";"saída";"2";"102.030,00";"5,00";"0,00";"2,00"
"13621751905";"29/03/2023 / 10:08:00";"WINJ23";"V";"3";"101.530,00";"executada";"entrada";"3";"102.035,00";"-";"-";"-"
"13621751903";"29/03/2023 / 10:07:45";"WINJ23";"C";"1";"102.535,00";"executada";"saída";"1";"102.035,00";"232,50";"0,23";"46,50"
"13621751900";"29/03/2023 / 09:58:55";"WINJ23";"C";"2";"102.015,00";"executada";"saída";"2";"102.015,00";"252,50";"0,25";"101,00"
"13621751897";"29/03/2023 / 09:58:01";"WINJ23";"C";"1";"102.325,00";"executada";"saída";"1";"102.325,00";"-57,50";"-0,06";"-11,50"
"13621751895";"29/03/2023 / 09:08:38";"WINJ23";"C";"1";"102.315,00";"executada";"saída";"1";"102.315,00";"-47,50";"-0,05";"-9,50"
"13621751893";"29/03/2023 / 09:07:58";"WINJ23";"C";"1";"102.235,00";"executada";"saída";"1";"102.235,00";"32,50";"0,03";"6,50"
"13621751892";"29/03/2023 / 09:06:16";"WINJ23";"V";"1";"101.870,00";"executada";"entrada";"1";"102.370,00";"-";"-";"-"
"13621751857";"29/03/2023 / 09:03:48";"WDOJ23";"C";"1";"5.192,50";"executada";"saída";"1";"5.162,50";"3,50";"0,07";"35,00"
"13621751889";"29/03/2023 / 09:02:50";"WINJ23";"V";"1";"102.235,00";"executada";"entrada";"1";"102.235,00";"-";"-";"-"
"13621751888";"29/03/2023 / 09:01:56";"WINJ23";"C";"2";"102.630,00";"executada";"saída";"2";"102.130,00";"120,00";"0,12";"48,00"
"13621751854";"29/03/2023 / 09:00:50";"WDOJ23";"C";"2";"5.158,50";"executada";"saída";"2";"5.158,50";"7,50";"0,15";"150,00"
"13621751886";"29/03/2023 / 08:59:46";"WINJ23";"V";"3";"101.500,00";"executada";"entrada";"3";"102.250,00";"-";"-";"-"
"13621751852";"29/03/2023 / 08:59:35";"WDOJ23";"V";"1";"5.130,00";"executada";"entrada";"1";"5.166,00";"-";"-";"-"
"13621751884";"29/03/2023 / 08:59:30";"WINJ23";"V";"3";"101.500,00";"executada";"entrada";"3";"102.250,00";"-";"-";"-"
"13621751851";"29/03/2023 / 08:59:19";"WDOJ23";"V";"1";"5.130,00";"executada";"entrada";"1";"5.166,00";"-";"-";"-"
"13621751848";"29/03/2023 / 08:59:06";"WDOJ23";"V";"1";"5.130,00";"executada";"entrada";"1";"5.166,00";"-";"-";"-"
"13621751882";"28/03/2023 / 09:17:06";"WINJ23";"C";"3";"100.895,00";"executada";"saída";"3";"100.395,00";"-295,00";"-0,29";"-177,00"
"13621751846";"28/03/2023 / 09:00:37";"WDOJ23";"C";"1";"5.193,50";"executada";"saída";"1";"5.193,50";"5,50";"0,11";"55,00"
"13621751844";"28/03/2023 / 08:59:40";"WDOJ23";"V";"1";"5.160,00";"executada";"entrada";"1";"5.199,00";"-";"-";"-"
"13621751879";"28/03/2023 / 08:59:29";"WINJ23";"V";"3";"99.800,00";"executada";"entrada";"3";"100.100,00";"-";"-";"-"
"13621751842";"27/03/2023 / 09:33:33";"WDOJ23";"V";"2";"5.202,50";"executada";"saída";"2";"5.231,50";"-16,50";"-0,31";"-330,00"
"13621751839";"27/03/2023 / 09:04:50";"WDOJ23";"C";"1";"5.240,00";"executada";"entrada";"1";"5.240,00";"-";"-";"-"
"13621751837";"27/03/2023 / 09:02:04";"WDOJ23";"V";"1";"5.248,00";"executada";"saída";"1";"5.248,00";"-8,00";"-0,15";"-80,00"
"13621751835";"27/03/2023 / 08:59:44";"WDOJ23";"C";"1";"5.300,00";"executada";"entrada";"1";"5.256,00";"-";"-";"-"
"13621751833";"27/03/2023 / 08:59:33";"WDOJ23";"C";"1";"5.300,00";"executada";"entrada";"1";"5.256,00";"-";"-";"-"
"13621751877";"24/03/2023 / 09:04:25";"WINJ23";"V";"3";"97.195,00";"executada";"saída";"3";"97.695,00";"345,00";"0,35";"207,00"
"13621751875";"24/03/2023 / 08:59:24";"WINJ23";"C";"3";"98.500,00";"executada";"entrada";"3";"97.350,00";"-";"-";"-"
"13621751872";"23/03/2023 / 10:22:43";"WINJ23";"C";"3";"102.020,00";"executada";"saída";"3";"101.520,00";"-255,00";"-0,25";"-153,00"
"13621751871";"23/03/2023 / 09:09:17";"WINJ23";"V";"3";"101.265,00";"executada";"entrada";"3";"101.265,00";"-";"-";"-"
"13621751869";"23/03/2023 / 09:08:56";"WINJ23";"C";"3";"101.520,00";"executada";"saída";"3";"101.010,00";"-255,00";"-0,25";"-153,00"
"13621751832";"23/03/2023 / 09:00:50";"WDOJ23";"V";"2";"5.225,00";"executada";"saída";"2";"5.225,00";"9,50";"0,18";"190,00"
"13621751830";"23/03/2023 / 08:59:58";"WDOJ23";"C";"1";"5.270,00";"executada";"entrada";"1";"5.215,50";"-";"-";"-"
"13621751867";"23/03/2023 / 08:59:51";"WINJ23";"V";"3";"100.200,00";"executada";"entrada";"3";"100.755,00";"-";"-";"-"
"13621751828";"23/03/2023 / 08:59:39";"WDOJ23";"C";"1";"5.270,00";"executada";"entrada";"1";"5.215,50";"-";"-";"-"
"13621751865";"22/03/2023 / 09:01:00";"WINJ23";"C";"3";"101.510,00";"executada";"saída";"3";"101.510,00";"240,00";"0,24";"144,00"
"13621751827";"22/03/2023 / 09:00:48";"WDOJ23";"V";"2";"5.262,00";"executada";"saída";"2";"5.262,00";"5,50";"0,10";"110,00"
"13621751824";"22/03/2023 / 09:00:18";"WDOJ23";"C";"1";"5.300,00";"executada";"entrada";"1";"5.256,50";"-";"-";"-"
"13621751822";"22/03/2023 / 09:00:00";"WDOJ23";"C";"1";"5.300,00";"executada";"entrada";"1";"5.256,50";"-";"-";"-"
"13621751864";"22/03/2023 / 08:59:48";"WINJ23";"V";"3";"101.200,00";"executada";"entrada";"3";"101.750,00";"-";"-";"-"
"13621751820";"21/03/2023 / 09:00:53";"WDOJ23";"C";"1";"5.230,50";"executada";"saída";"1";"5.230,50";"6,00";"0,11";"60,00"
"13621751862";"21/03/2023 / 09:00:52";"WINJ23";"C";"3";"102.130,00";"executada";"saída";"3";"102.130,00";"300,00";"0,29";"180,00"
"13621751860";"21/03/2023 / 08:59:46";"WINJ23";"V";"3";"101.800,00";"executada";"entrada";"3";"102.430,00";"-";"-";"-"
"13621751818";"21/03/2023 / 08:59:31";"WDOJ23";"V";"1";"5.200,00";"executada";"entrada";"1";"5.236,50";"-";"-";"-"
"13621751817";"20/03/2023 / 09:01:36";"WDOJ23";"V";"1";"5.289,50";"executada";"saída";"1";"5.289,50";"3,50";"0,07";"35,00"
"13621751814";"20/03/2023 / 09:01:02";"WDOJ23";"V";"2";"5.281,00";"executada";"saída";"2";"5.283,50";"-2,50";"-0,05";"-50,00"
"13621751812";"20/03/2023 / 08:59:57";"WDOJ23";"C";"1";"5.330,00";"executada";"entrada";"1";"5.286,00";"-";"-";"-"
"13621751810";"20/03/2023 / 08:59:45";"WDOJ23";"C";"1";"5.330,00";"executada";"entrada";"1";"5.286,00";"-";"-";"-"
"13621751808";"20/03/2023 / 08:59:29";"WDOJ23";"C";"1";"5.330,00";"executada";"entrada";"1";"5.286,00";"-";"-";"-"
"13621751858";"17/03/2023 / 09:20:09";"WINJ23";"V";"4";"103.390,00";"executada";"saída";"4";"103.885,00";"-313,75";"-0,30";"-251,00"
"13621751856";"17/03/2023 / 09:12:06";"WINJ23";"C";"1";"104.465,00";"executada";"entrada";"1";"103.970,00";"-";"-";"-"
"13621751855";"17/03/2023 / 08:59:47";"WINJ23";"C";"3";"105.000,00";"executada";"entrada";"3";"104.275,00";"-";"-";"-"
"13621751853";"16/03/2023 / 11:19:19";"WINJ23";"V";"2";"102.855,00";"executada";"saída";"2";"103.355,00";"-186,25";"-0,18";"-74,50"
"13621751806";"16/03/2023 / 11:18:18";"WDOJ23";"C";"1";"5.345,00";"executada";"saída";"1";"5.315,50";"-6,75";"-0,13";"-67,50"
"13621751850";"16/03/2023 / 11:16:17";"WINJ23";"C";"1";"104.040,00";"executada";"entrada";"1";"103.545,00";"-";"-";"-"
"13621751805";"16/03/2023 / 10:10:11";"WDOJ23";"C";"1";"5.302,50";"executada";"saída";"1";"5.302,50";"6,25";"0,12";"62,50"
"13621751849";"16/03/2023 / 10:09:10";"WINJ23";"V";"1";"104.055,00";"executada";"saída";"1";"104.055,00";"517,50";"0,50";"103,50"
"13621751847";"16/03/2023 / 10:03:53";"WINJ23";"C";"1";"103.920,00";"executada";"entrada";"1";"103.410,00";"-";"-";"-"
"13621751802";"16/03/2023 / 10:03:39";"WDOJ23";"V";"1";"5.278,00";"executada";"entrada";"1";"5.308,50";"-";"-";"-"
"13621751800";"16/03/2023 / 10:03:31";"WDOJ23";"V";"1";"5.279,00";"executada";"entrada";"1";"5.309,00";"-";"-";"-"
"13621751798";"16/03/2023 / 10:02:58";"WDOJ23";"C";"2";"5.339,50";"executada";"saída";"2";"5.310,50";"-4,75";"-0,09";"-95,00"
"13621751795";"16/03/2023 / 10:00:30";"WDOJ23";"V";"1";"5.276,00";"executada";"entrada";"1";"5.305,50";"-";"-";"-"
"13621751794";"16/03/2023 / 10:00:18";"WDOJ23";"V";"1";"5.276,50";"executada";"entrada";"1";"5.306,00";"-";"-";"-"
"13621751791";"16/03/2023 / 09:57:23";"WDOJ23";"C";"2";"5.334,00";"executada";"saída";"2";"5.304,50";"-7,13";"-0,13";"-142,50"
"13621751790";"16/03/2023 / 09:55:18";"WDOJ23";"V";"1";"5.270,00";"executada";"entrada";"1";"5.300,00";"-";"-";"-"
"13621751788";"16/03/2023 / 09:52:09";"WDOJ23";"C";"1";"5.324,00";"executada";"saída";"1";"5.294,50";"0,25";"0,00";"2,50"
"13621751786";"16/03/2023 / 09:46:14";"WDOJ23";"V";"1";"5.269,50";"executada";"entrada";"1";"5.299,50";"-";"-";"-"
"13621751845";"16/03/2023 / 09:39:20";"WINJ23";"V";"1";"103.125,00";"executada";"saída";"1";"103.610,00";"-55,00";"-0,05";"-11,00"
"13621751843";"16/03/2023 / 09:39:15";"WINJ23";"V";"1";"103.125,00";"executada";"saída";"1";"103.630,00";"-35,00";"-0,03";"-7,00"
"13621751841";"16/03/2023 / 09:39:08";"WINJ23";"C";"3";"104.165,00";"executada";"entrada";"3";"103.665,00";"-";"-";"-"
"13621751784";"16/03/2023 / 09:38:17";"WDOJ23";"V";"1";"5.260,00";"executada";"entrada";"1";"5.290,00";"-";"-";"-"
"13621751840";"16/03/2023 / 09:36:18";"WINJ23";"C";"3";"104.185,00";"executada";"saída";"3";"103.690,00";"-100,00";"-0,10";"-60,00"
"13621751781";"16/03/2023 / 09:36:08";"WDOJ23";"V";"2";"5.254,00";"executada";"saída";"2";"5.284,00";"-11,00";"-0,21";"-220,00"
"13621751779";"16/03/2023 / 08:59:48";"WDOJ23";"C";"1";"5.340,00";"executada";"entrada";"1";"5.295,00";"-";"-";"-"
"13621751778";"16/03/2023 / 08:59:34";"WDOJ23";"C";"1";"5.340,00";"executada";"entrada";"1";"5.295,00";"-";"-";"-"
"13621751838";"16/03/2023 / 08:59:19";"WINJ23";"V";"3";"102.200,00";"executada";"entrada";"3";"103.590,00";"-";"-";"-"
"13621751836";"15/03/2023 / 09:27:35";"WINJ23";"C";"1";"102.320,00";"executada";"saída";"1";"102.320,00";"380,00";"0,37";"76,00"
"13621751834";"15/03/2023 / 09:27:01";"WINJ23";"C";"1";"103.030,00";"executada";"saída";"1";"102.535,00";"165,00";"0,16";"33,00"
"13621751831";"15/03/2023 / 09:08:41";"WINJ23";"C";"1";"102.970,00";"executada";"saída";"1";"102.480,00";"220,00";"0,21";"44,00"
"13621751776";"15/03/2023 / 09:00:59";"WDOJ23";"V";"3";"5.333,50";"executada";"saída";"3";"5.333,50";"8,50";"0,16";"255,00"
"13621751829";"15/03/2023 / 08:59:13";"WINJ23";"V";"3";"102.500,00";"executada";"entrada";"3";"102.700,00";"-";"-";"-"
"13621751774";"15/03/2023 / 08:58:34";"WDOJ23";"C";"1";"5.360,00";"executada";"entrada";"1";"5.325,00";"-";"-";"-"
"13621751773";"15/03/2023 / 08:58:07";"WDOJ23";"C";"1";"5.355,00";"executada";"entrada";"1";"5.325,00";"-";"-";"-"
"13621751770";"15/03/2023 / 08:57:45";"WDOJ23";"C";"1";"5.350,00";"executada";"entrada";"1";"5.325,00";"-";"-";"-"
"13621751768";"14/03/2023 / 09:26:40";"WDOJ23";"C";"1";"5.297,00";"executada";"saída";"1";"5.267,50";"-11,50";"-0,22";"-115,00"
"13621751826";"14/03/2023 / 09:00:47";"WINJ23";"C";"3";"104.270,00";"executada";"saída";"3";"104.270,00";"380,00";"0,36";"228,00"
"13621751825";"14/03/2023 / 08:59:47";"WINJ23";"V";"3";"104.000,00";"executada";"entrada";"3";"104.650,00";"-";"-";"-"
"13621751767";"14/03/2023 / 08:59:30";"WDOJ23";"V";"1";"5.180,00";"executada";"entrada";"1";"5.256,00";"-";"-";"-"
"13621751765";"13/03/2023 / 09:12:31";"WDOJ23";"C";"2";"5.294,00";"executada";"saída";"2";"5.264,00";"-12,50";"-0,24";"-250,00"
"13621751764";"13/03/2023 / 09:10:36";"WDOJ23";"V";"1";"5.257,50";"executada";"entrada";"1";"5.257,50";"-";"-";"-"
"13621751761";"13/03/2023 / 09:07:05";"WDOJ23";"C";"1";"5.270,50";"executada";"saída";"1";"5.240,50";"5,00";"0,10";"50,00"
"13621751760";"13/03/2023 / 09:02:09";"WDOJ23";"V";"1";"5.254,50";"executada";"entrada";"1";"5.254,50";"-";"-";"-"
"13621751757";"13/03/2023 / 09:01:39";"WDOJ23";"C";"1";"5.268,50";"executada";"saída";"1";"5.238,50";"-2,00";"-0,04";"-20,00"
"13621751756";"13/03/2023 / 09:00:15";"WDOJ23";"V";"1";"5.170,00";"executada";"entrada";"1";"5.236,50";"-";"-";"-"
"13621751753";"13/03/2023 / 09:00:04";"WDOJ23";"V";"1";"5.170,00";"executada";"entrada";"1";"5.236,50";"-";"-";"-"
"13621751823";"10/03/2023 / 09:11:06";"WINJ23";"V";"3";"105.225,00";"executada";"saída";"3";"105.720,00";"-305,00";"-0,29";"-183,00"
"13621751821";"10/03/2023 / 08:59:46";"WINJ23";"C";"3";"106.800,00";"executada";"entrada";"3";"106.025,00";"-";"-";"-"
"13621751819";"09/03/2023 / 09:00:56";"WINJ23";"C";"3";"108.425,00";"executada";"saída";"3";"107.960,00";"-310,00";"-0,29";"-186,00"
"13621751751";"09/03/2023 / 09:00:35";"WDOJ23";"C";"2";"5.151,50";"executada";"saída";"2";"5.151,50";"7,50";"0,15";"150,00"
"13621751750";"09/03/2023 / 08:59:58";"WDOJ23";"V";"1";"5.100,00";"executada";"entrada";"1";"5.159,00";"-";"-";"-"
"13621751816";"09/03/2023 / 08:59:47";"WINJ23";"V";"3";"107.000,00";"executada";"entrada";"3";"107.650,00";"-";"-";"-"
"13621751748";"09/03/2023 / 08:59:36";"WDOJ23";"V";"1";"5.100,00";"executada";"entrada";"1";"5.159,00";"-";"-";"-"
"13621751746";"08/03/2023 / 10:26:10";"WDOJ23";"V";"3";"5.156,00";"executada";"saída";"3";"5.186,00";"-15,33";"-0,29";"-460,00"
"13621751744";"08/03/2023 / 10:04:28";"WDOJ23";"C";"1";"5.189,50";"executada";"entrada";"1";"5.189,50";"-";"-";"-"
"13621751742";"08/03/2023 / 09:56:13";"WDOJ23";"C";"1";"5.206,00";"executada";"entrada";"1";"5.206,00";"-";"-";"-"
"13621751740";"08/03/2023 / 09:52:29";"WDOJ23";"V";"1";"5.199,00";"executada";"saída";"1";"5.199,50";"-9,00";"-0,17";"-90,00"
"13621751815";"08/03/2023 / 09:38:07";"WINJ23";"C";"2";"105.430,00";"executada";"saída";"2";"105.430,00";"275,00";"0,26";"110,00"
"13621751813";"08/03/2023 / 09:35:41";"WINJ23";"V";"1";"105.170,00";"executada";"entrada";"1";"105.670,00";"-";"-";"-"
"13621751811";"08/03/2023 / 09:23:05";"WINJ23";"C";"1";"106.025,00";"executada";"saída";"1";"105.535,00";"205,00";"0,19";"41,00"
"13621751809";"08/03/2023 / 09:03:32";"WINJ23";"C";"1";"105.510,00";"executada";"saída";"1";"105.510,00";"230,00";"0,22";"46,00"
"13621751738";"08/03/2023 / 08:59:38";"WDOJ23";"C";"1";"5.250,00";"executada";"entrada";"1";"5.208,50";"-";"-";"-"
"13621751807";"08/03/2023 / 08:59:28";"WINJ23";"V";"3";"104.500,00";"executada";"entrada";"3";"105.740,00";"-";"-";"-"
"13621751736";"08/03/2023 / 08:58:44";"WDOJ23";"C";"1";"5.250,00";"executada";"entrada";"1";"5.208,50";"-";"-";"-"
"13621751804";"07/03/2023 / 09:02:42";"WINJ23";"C";"1";"106.365,00";"executada";"saída";"1";"105.870,00";"185,00";"0,17";"37,00"
"13621751733";"07/03/2023 / 09:00:49";"WDOJ23";"C";"1";"5.190,50";"executada";"saída";"1";"5.190,50";"6,00";"0,12";"60,00"
"13621751803";"07/03/2023 / 09:00:35";"WINJ23";"C";"2";"105.735,00";"executada";"saída";"2";"105.735,00";"320,00";"0,30";"128,00"
"13621751801";"07/03/2023 / 08:59:46";"WINJ23";"V";"3";"104.500,00";"executada";"entrada";"3";"106.055,00";"-";"-";"-"
"13621751732";"07/03/2023 / 08:59:25";"WDOJ23";"V";"1";"5.150,00";"executada";"entrada";"1";"5.196,50";"-";"-";"-"
"13621751731";"06/03/2023 / 10:21:25";"WDOJ23";"V";"2";"5.211,00";"executada";"saída";"2";"5.240,50";"2,50";"0,05";"50,00"
"13621751730";"06/03/2023 / 08:59:31";"WDOJ23";"C";"1";"5.270,00";"executada";"entrada";"1";"5.238,00";"-";"-";"-"
"13621751729";"06/03/2023 / 08:59:13";"WDOJ23";"C";"1";"5.270,00";"executada";"entrada";"1";"5.238,00";"-";"-";"-"
"13621751799";"03/03/2023 / 10:39:33";"WINJ23";"V";"1";"105.495,00";"executada";"saída";"1";"105.495,00";"735,00";"0,70";"147,00"
"13621751797";"03/03/2023 / 09:55:48";"WINJ23";"V";"1";"104.480,00";"executada";"saída";"1";"104.980,00";"220,00";"0,21";"44,00"
"13621751796";"03/03/2023 / 09:47:41";"WINJ23";"V";"1";"104.980,00";"executada";"saída";"1";"104.980,00";"220,00";"0,21";"44,00"
"13621751793";"03/03/2023 / 09:10:53";"WINJ23";"V";"1";"104.750,00";"executada";"saída";"1";"104.750,00";"-10,00";"-0,01";"-2,00"
"13621751792";"03/03/2023 / 09:03:08";"WINJ23";"C";"1";"104.580,00";"executada";"entrada";"1";"104.580,00";"-";"-";"-"
"13621751789";"03/03/2023 / 08:59:36";"WINJ23";"C";"3";"105.500,00";"executada";"entrada";"3";"104.820,00";"-";"-";"-"
"13621751787";"02/03/2023 / 09:02:27";"WINJ23";"C";"4";"105.735,00";"executada";"saída";"4";"105.735,00";"375,00";"0,35";"300,00"
"13621751728";"02/03/2023 / 09:01:49";"WDOJ23";"V";"3";"5.229,50";"executada";"saída";"3";"5.229,50";"4,50";"0,09";"135,00"
"13621751785";"02/03/2023 / 09:01:26";"WINJ23";"C";"2";"105.920,00";"executada";"saída";"2";"105.900,00";"210,00";"0,20";"84,00"
"13621751727";"02/03/2023 / 08:59:05";"WDOJ23";"C";"1";"5.250,00";"executada";"entrada";"1";"5.225,00";"-";"-";"-"
"13621751726";"02/03/2023 / 08:58:24";"WDOJ23";"C";"1";"5.250,00";"executada";"entrada";"1";"5.225,00";"-";"-";"-"
"13621751783";"02/03/2023 / 08:58:13";"WINJ23";"V";"3";"105.400,00";"executada";"entrada";"3";"106.110,00";"-";"-";"-"
"13621751725";"02/03/2023 / 08:58:02";"WDOJ23";"C";"1";"5.250,00";"executada";"entrada";"1";"5.225,00";"-";"-";"-"
"13621751782";"02/03/2023 / 08:57:36";"WINJ23";"V";"3";"105.400,00";"executada";"entrada";"3";"106.110,00";"-";"-";"-"
"13621751780";"01/03/2023 / 10:05:32";"WINJ23";"C";"3";"107.135,00";"executada";"saída";"3";"106.640,00";"-280,00";"-0,26";"-168,00"
"13621751724";"01/03/2023 / 10:05:20";"WDOJ23";"V";"2";"5.199,50";"executada";"saída";"2";"5.229,50";"-23,00";"-0,44";"-460,00"
"13621751723";"01/03/2023 / 08:59:45";"WDOJ23";"C";"1";"5.300,00";"executada";"entrada";"1";"5.252,50";"-";"-";"-"
"13621751777";"01/03/2023 / 08:59:39";"WINJ23";"V";"3";"105.500,00";"executada";"entrada";"3";"106.360,00";"-";"-";"-"
"13621751722";"01/03/2023 / 08:59:21";"WDOJ23";"C";"1";"5.300,00";"executada";"entrada";"1";"5.252,50";"-";"-";"-"
"13621751775";"28/02/2023 / 10:25:20";"WINJ23";"C";"3";"108.460,00";"executada";"saída";"3";"107.970,00";"-280,00";"-0,26";"-168,00"
"13621751772";"28/02/2023 / 10:17:05";"WINJ23";"V";"3";"107.690,00";"executada";"entrada";"3";"107.690,00";"-";"-";"-"
"13621751721";"27/02/2023 / 09:00:51";"WDOH23";"C";"2";"5.185,00";"executada";"saída";"2";"5.185,00";"7,00";"0,13";"140,00"
"13621751720";"27/02/2023 / 08:59:38";"WDOH23";"V";"1";"5.130,00";"executada";"entrada";"1";"5.192,00";"-";"-";"-"
"13621751719";"27/02/2023 / 08:59:16";"WDOH23";"V";"1";"5.130,00";"executada";"entrada";"1";"5.192,00";"-";"-";"-"
"13621751771";"24/02/2023 / 09:01:09";"WINJ23";"V";"1";"108.815,00";"executada";"saída";"1";"108.815,00";"215,00";"0,20";"43,00"
"13621751769";"24/02/2023 / 09:00:50";"WINJ23";"V";"2";"109.030,00";"executada";"saída";"2";"109.030,00";"430,00";"0,40";"172,00"
"13621751766";"24/02/2023 / 08:59:25";"WINJ23";"C";"3";"109.400,00";"executada";"entrada";"3";"108.600,00";"-";"-";"-"
"13621751763";"23/02/2023 / 11:57:05";"WINJ23";"C";"1";"110.000,00";"executada";"saída";"1";"110.000,00";"360,00";"0,33";"72,00"
"13621751762";"23/02/2023 / 11:53:53";"WINJ23";"C";"2";"109.110,00";"executada";"saída";"2";"109.110,00";"1.250,00";"1,13";"500,00"
"13621751759";"23/02/2023 / 11:03:31";"WINJ23";"V";"3";"110.360,00";"executada";"entrada";"3";"110.360,00";"-";"-";"-"
"13621751758";"23/02/2023 / 11:02:55";"WINJ23";"C";"2";"110.225,00";"executada";"saída";"2";"109.730,00";"-375,00";"-0,34";"-150,00"
"13621751755";"23/02/2023 / 10:46:48";"WINJ23";"V";"1";"109.600,00";"executada";"entrada";"1";"109.600,00";"-";"-";"-"
"13621751754";"23/02/2023 / 10:45:22";"WINJ23";"C";"1";"109.350,00";"executada";"saída";"1";"109.350,00";"-240,00";"-0,22";"-48,00"
"13621751752";"23/02/2023 / 10:31:24";"WINJ23";"C";"1";"108.800,00";"executada";"saída";"1";"108.750,00";"360,00";"0,33";"72,00"
"13621751718";"23/02/2023 / 09:00:35";"WDOH23";"V";"2";"5.157,00";"executada";"saída";"2";"5.157,00";"9,00";"0,17";"180,00"
"13621751717";"23/02/2023 / 08:59:27";"WDOH23";"C";"1";"5.180,00";"executada";"entrada";"1";"5.148,00";"-";"-";"-"
"13621751749";"23/02/2023 / 08:59:15";"WINJ23";"V";"3";"108.000,00";"executada";"entrada";"3";"109.110,00";"-";"-";"-"
"13621751716";"23/02/2023 / 08:59:03";"WDOH23";"C";"1";"5.180,00";"executada";"entrada";"1";"5.148,00";"-";"-";"-"
"13621751747";"17/02/2023 / 10:11:20";"WINJ23";"V";"3";"110.430,00";"executada";"saída";"3";"110.935,00";"-310,00";"-0,28";"-186,00"
"13621751745";"17/02/2023 / 08:59:27";"WINJ23";"C";"3";"112.300,00";"executada";"entrada";"3";"111.245,00";"-";"-";"-"
"13621751715";"16/02/2023 / 09:00:53";"WDOH23";"V";"2";"5.225,50";"executada";"saída";"2";"5.225,50";"10,50";"0,20";"210,00"
"13621751743";"16/02/2023 / 09:00:41";"WINJ23";"C";"3";"111.150,00";"executada";"saída";"3";"111.150,00";"390,00";"0,35";"234,00"
"13621751714";"16/02/2023 / 08:59:35";"WDOH23";"C";"1";"5.260,00";"executada";"entrada";"1";"5.215,00";"-";"-";"-"
"13621751741";"16/02/2023 / 08:59:28";"WINJ23";"V";"3";"110.500,00";"executada";"entrada";"3";"111.540,00";"-";"-";"-"
"13621751713";"16/02/2023 / 08:59:13";"WDOH23";"C";"1";"5.260,00";"executada";"entrada";"1";"5.215,00";"-";"-";"-"
"13621751712";"15/02/2023 / 10:23:33";"WDOH23";"C";"3";"5.209,50";"executada";"saída";"3";"5.209,50";"9,67";"0,19";"290,00"
"13621751711";"15/02/2023 / 09:40:29";"WDOH23";"V";"1";"5.238,50";"executada";"entrada";"1";"5.238,50";"-";"-";"-"
"13621751739";"15/02/2023 / 09:00:46";"WINJ23";"C";"3";"109.510,00";"executada";"saída";"3";"109.510,00";"290,00";"0,26";"174,00"
"13621751737";"15/02/2023 / 08:59:28";"WINJ23";"V";"3";"109.200,00";"executada";"entrada";"3";"109.800,00";"-";"-";"-"
"13621751710";"15/02/2023 / 08:59:08";"WDOH23";"V";"1";"5.140,00";"executada";"entrada";"1";"5.209,50";"-";"-";"-"
"13621751709";"15/02/2023 / 08:59:00";"WDOH23";"V";"1";"5.140,00";"executada";"entrada";"1";"5.209,50";"-";"-";"-"
"13621751735";"14/02/2023 / 09:05:57";"WING23";"C";"3";"110.135,00";"executada";"saída";"3";"109.640,00";"-290,00";"-0,27";"-174,00"
"13621751708";"14/02/2023 / 09:00:44";"WDOH23";"C";"1";"5.159,00";"executada";"saída";"1";"5.159,00";"8,00";"0,15";"80,00"
"13621751707";"14/02/2023 / 08:59:23";"WDOH23";"V";"1";"5.120,00";"executada";"entrada";"1";"5.167,00";"-";"-";"-"
"13621751734";"14/02/2023 / 08:59:10";"WING23";"V";"3";"108.300,00";"executada";"entrada";"3";"109.350,00";"-";"-";"-"
"13621751706";"13/02/2023 / 09:59:17";"WDOH23";"V";"2";"5.177,50";"executada";"saída";"2";"5.206,50";"-31,50";"-0,60";"-630,00"
"13621751705";"13/02/2023 / 08:59:47";"WDOH23";"C";"1";"5.280,00";"executada";"entrada";"1";"5.238,00";"-";"-";"-"
"13621751704";"13/02/2023 / 08:57:56";"WDOH23";"C";"1";"5.280,00";"executada";"entrada";"1";"5.238,00";"-";"-";"-"
